session	run	n	qc_flagged	mu_ROI_V2	beta_ROI_V2	AIRM_to_source_fit	PCA_mean_distance_to_source
01	01	30	0	3.2557759033230924e-12	1.6529528459444922e-12	2.7750459385650528	3.0532382917291003
01	02	30	0	3.0975768019435335e-12	1.7156769793918372e-12	2.948321898017105	4.1540346563163535
01	03	30	0	2.9975899245845416e-12	1.7404572691415045e-12	1.6832079486273166	3.0471198933541586
01	04	30	0	2.7850550399908018e-12	1.760420255867825e-12	1.5674270244318098	2.898876978121157
01	05	30	0	2.9933300736102014e-12	1.6861858291542577e-12	3.428822597533356	3.8520769118669898
01	06	30	0	2.884492230876546e-12	1.826117261182263e-12	3.1716858297215706	3.0681842830733954
02	01	30	0	5.631127419106491e-12	1.7415743100110532e-12	4.283990459869894	9.849936457984851
02	02	30	0	4.539532336302016e-12	1.8224136691213185e-12	6.7461914281484185	7.409545302524422
02	03	30	0	4.727011566890052e-12	1.8570065431333855e-12	6.709830110438619	7.632403353108105
02	04	29	0	3.749245968418361e-12	1.7182111801687417e-12	6.931200214846094	6.305344893648955
02	05	30	0	4.4418637469352784e-12	2.0552146240931834e-12	9.533762483338645	13.90048375101617
02	06	30	0	4.175962538919228e-12	1.9280588057832675e-12	9.777601569426206	13.961629760105824
03	01	30	0	6.696297728615532e-12	2.351010200193835e-12	7.396252326078239	17.79097619280785
03	02	30	2	5.091825418322996e-12	2.1790137769313732e-12	6.878300521873646	12.945408218216443
03	03	30	0	4.673746526666281e-12	1.9796491988054933e-12	8.744779378915418	10.682380738377532
03	04	30	0	3.8838727240398865e-12	1.8956466145995803e-12	8.590569569588451	7.984106240820995
03	05	30	0	4.212371806043666e-12	1.883294112277547e-12	8.754667239900602	9.02811920945459
03	06	30	0	4.302936789063577e-12	2.037057006767296e-12	8.76507195917762	10.236875083275592
04	01	30	23	6.3958378338929314e-12	2.088323232965055e-12	9.175338661917868	16.052524663606455
04	02	29	25	5.414489889679942e-12	2.0893205791510073e-12	9.21446185860267	14.339896287407123
04	03	30	5	6.07963427116032e-12	2.310849046343438e-12	9.951979123272249	17.343585974058087
04	04	30	0	4.609964022555749e-12	2.0579142759481393e-12	8.82193298287527	11.530426938160854
04	05	30	0	4.049486834052547e-12	1.8910550941718767e-12	8.167343480312935	8.203907592763926
04	06	29	0	4.279247914978052e-12	1.887568110634608e-12	8.65439965035673	9.690009984729755
