session	label	frequency_hz	CAR_ROI_PSD_V2_per_Hz	source_reference_ROI_PSD_V2_per_Hz
01	rest	0.0	1.209270564614505e-12	3.793489885517618e-12
01	rest	1.0	6.4834572129571965e-12	1.990564767696444e-11
01	rest	2.0	4.1781623722244086e-12	1.2324509918322176e-11
01	rest	3.0	2.4798627375487724e-12	6.501595755196302e-12
01	rest	4.0	1.850540137899753e-12	4.411207188912488e-12
01	rest	5.0	1.5575953897331638e-12	3.797669493363563e-12
01	rest	6.0	1.2717414118716018e-12	3.1875959499569858e-12
01	rest	7.0	9.445272628236236e-13	2.3653229609061247e-12
01	rest	8.0	6.568567460965078e-13	1.752675154948788e-12
01	rest	9.0	4.803509209409681e-13	1.3675047013832411e-12
01	rest	10.0	5.696837371058472e-13	1.7745890170424672e-12
01	rest	11.0	8.418242675230042e-13	2.868024838208098e-12
01	rest	12.0	7.719142553514043e-13	2.3481452493161288e-12
01	rest	13.0	5.538587939510467e-13	1.3747051471125386e-12
01	rest	14.0	2.8244307494062027e-13	7.878062484116559e-13
01	rest	15.0	1.5804529063187165e-13	5.453751912594685e-13
01	rest	16.0	1.2594322961951691e-13	4.237387954487844e-13
01	rest	17.0	1.0927300756047869e-13	3.495898464015186e-13
01	rest	18.0	9.634340603381587e-14	3.213225552680569e-13
01	rest	19.0	9.280021621016186e-14	3.0227523437575264e-13
01	rest	20.0	8.801446230316846e-14	2.97456072472693e-13
01	rest	21.0	8.224322325877751e-14	2.7055573275357204e-13
01	rest	22.0	7.49743911106368e-14	2.4281198990625077e-13
01	rest	23.0	7.283017541232436e-14	2.1699376836052215e-13
01	rest	24.0	7.329121835176166e-14	2.1447034087178216e-13
01	rest	25.0	7.14210582711729e-14	2.0562957833067327e-13
01	rest	26.0	6.449880741208114e-14	1.84910548364017e-13
01	rest	27.0	5.338214047512384e-14	1.6723586905846222e-13
01	rest	28.0	4.4982974286498197e-14	1.4422483224075346e-13
01	rest	29.0	4.0477555249467265e-14	1.2620802611319595e-13
01	rest	30.0	3.769301608147707e-14	1.1713972048279612e-13
01	rest	31.0	3.250395050980409e-14	1.0385480642559985e-13
01	rest	32.0	3.257385740127805e-14	1.0277414759343887e-13
01	rest	33.0	2.98989105174501e-14	1.0063334646610953e-13
01	rest	34.0	2.8199982609375854e-14	9.932032586380766e-14
01	rest	35.0	2.7205632715035757e-14	9.210206945139225e-14
01	rest	36.0	2.585694286015777e-14	8.533415502651452e-14
01	rest	37.0	2.360451738477209e-14	8.131872322200497e-14
01	rest	38.0	2.2435762222017123e-14	7.729693790205134e-14
01	rest	39.0	2.1581008089738456e-14	7.823371178020596e-14
01	rest	40.0	2.1402667106235152e-14	7.853341619164696e-14
01	rest	41.0	2.1586561741526102e-14	8.003527674976088e-14
01	rest	42.0	2.1381212404641802e-14	7.838991457006249e-14
01	rest	43.0	2.1441899979676378e-14	7.330873133500748e-14
01	rest	44.0	2.037887201414418e-14	7.058766979303036e-14
01	rest	45.0	1.8752289887837314e-14	7.614282595589472e-14
01	rest	46.0	1.9315239457135074e-14	7.272330727031412e-14
01	rest	47.0	1.929317944262511e-14	6.837824594164977e-14
01	rest	48.0	1.897433825182367e-14	7.032298914794409e-14
01	rest	49.0	3.5022545547337845e-13	7.242629356247033e-14
01	rest	50.0	1.2364602635437502e-12	8.893651645076217e-14
01	rest	51.0	2.98372754370964e-13	6.891348075339716e-14
01	rest	52.0	1.9409440359144883e-14	6.353882475404605e-14
01	rest	53.0	1.829721717838537e-14	6.155559110953903e-14
01	rest	54.0	1.9015331344655673e-14	5.902355432235194e-14
01	rest	55.0	1.8926320350060357e-14	6.032888364132961e-14
01	rest	56.0	1.8145578090941133e-14	5.553948555287351e-14
01	rest	57.0	1.734250292770916e-14	5.2074725114805036e-14
01	rest	58.0	1.830446455891701e-14	5.376056090542085e-14
01	rest	59.0	1.743807598926658e-14	5.3694037700130034e-14
01	rest	60.0	1.589993521057131e-14	5.0351570681782323e-14
01	rest	61.0	1.4598243951992516e-14	4.821763677626375e-14
01	rest	62.0	1.3972118011001695e-14	4.897857788121486e-14
01	rest	63.0	1.3381667970346979e-14	4.6547238936254365e-14
01	rest	64.0	1.2751179809680915e-14	4.292616284895301e-14
01	rest	65.0	1.144047003548645e-14	4.2171068529222423e-14
01	rest	66.0	1.0881666069467743e-14	4.1647581406831413e-14
01	rest	67.0	1.0557726339807152e-14	4.06305479010696e-14
01	rest	68.0	1.0191342881228334e-14	3.920509797567508e-14
01	rest	69.0	9.372492494993928e-15	3.9459756579354314e-14
01	rest	70.0	9.174370660562192e-15	3.691469163135963e-14
01	rest	71.0	8.942819662308448e-15	3.685003472385553e-14
01	rest	72.0	8.689388659259664e-15	3.6627615726371665e-14
01	rest	73.0	8.062132465900213e-15	3.53824087392547e-14
01	rest	74.0	7.38893647549855e-15	3.2166111301513357e-14
01	rest	75.0	7.097448957974447e-15	3.048476593483443e-14
01	rest	76.0	6.884822189006411e-15	3.015266704387979e-14
01	rest	77.0	6.8264388362405445e-15	3.1016201213327564e-14
01	rest	78.0	6.587392622557814e-15	3.017903679574402e-14
01	rest	79.0	6.600780467631335e-15	2.967998837116383e-14
01	rest	80.0	6.532539104529171e-15	3.1702895821368364e-14
01	rest	81.0	6.0830015190972546e-15	2.9566435497419593e-14
01	rest	82.0	6.272369717467684e-15	2.976602853603508e-14
01	rest	83.0	6.262962726415805e-15	2.909851914309244e-14
01	rest	84.0	5.597406525116309e-15	2.8048573611712028e-14
01	rest	85.0	5.5998735014597644e-15	2.907150165672936e-14
01	rest	86.0	5.7789773414676895e-15	2.803987925450494e-14
01	rest	87.0	5.718770902116253e-15	2.6005961234469052e-14
01	rest	88.0	5.542998341835587e-15	2.5161628584178884e-14
01	rest	89.0	4.9530699168015325e-15	2.5261586263191633e-14
01	rest	90.0	5.033396559420894e-15	2.4605111299087697e-14
01	rest	91.0	4.9510373673143e-15	2.5119266790342478e-14
01	rest	92.0	4.699433853273274e-15	2.5307550626165782e-14
01	rest	93.0	4.608535365621818e-15	2.7137676133542334e-14
01	rest	94.0	4.5750490127140115e-15	2.53836830977393e-14
01	rest	95.0	4.623025084496836e-15	2.4805487093545476e-14
01	rest	96.0	4.381955237288769e-15	2.3128777614754306e-14
01	rest	97.0	4.378096999850746e-15	2.2394302151072636e-14
01	rest	98.0	4.403046601965444e-15	2.1606346850769447e-14
01	rest	99.0	6.015847036868607e-15	2.1951745627005446e-14
01	rest	100.0	1.239879143474703e-14	2.279279770244215e-14
01	rest	101.0	6.641016248494714e-15	2.2814940513722847e-14
01	rest	102.0	3.964858808609693e-15	2.1701097514814965e-14
01	rest	103.0	3.855568449379875e-15	2.0541030898553015e-14
01	rest	104.0	3.747043117785277e-15	1.9975209584738604e-14
01	rest	105.0	3.6515910113555664e-15	2.113085668227897e-14
01	rest	106.0	3.6425205868140974e-15	2.1123843411702346e-14
01	rest	107.0	3.783668516408759e-15	2.0284237167970064e-14
01	rest	108.0	3.663485897015485e-15	1.876284689758765e-14
01	rest	109.0	3.564375702818207e-15	1.8550605109854932e-14
01	rest	110.0	3.660090921525454e-15	1.9440930516744453e-14
01	rest	111.0	3.428922165876099e-15	1.882831951889316e-14
01	rest	112.0	3.4809768636020783e-15	1.777012544444695e-14
01	rest	113.0	3.4802627043747968e-15	1.8872030886547447e-14
01	rest	114.0	3.250945206476637e-15	1.939283833426736e-14
01	rest	115.0	3.2511837941498164e-15	1.9455358663024637e-14
01	rest	116.0	3.3321732836232737e-15	1.823552571418747e-14
01	rest	117.0	3.133053269185706e-15	1.8485838679687778e-14
01	rest	118.0	3.026650750178538e-15	1.813642274226912e-14
01	rest	119.0	3.178998427545437e-15	1.8516381837880972e-14
01	rest	120.0	3.3547598507600716e-15	1.8160305181579448e-14
01	rest	121.0	3.197422378569483e-15	1.8237822818611668e-14
01	rest	122.0	3.129157873400578e-15	1.7571550349064314e-14
01	rest	123.0	3.0288681642208876e-15	1.8221344951819652e-14
01	rest	124.0	2.9841809562895436e-15	1.8119474380750645e-14
01	rest	125.0	1.5549161761895933e-15	9.042257648667427e-15
01	right_hand	0.0	1.0115854602531789e-12	2.7778044718769177e-12
01	right_hand	1.0	5.414869808297051e-12	1.4795273676506027e-11
01	right_hand	2.0	3.4894583239010245e-12	1.0369119228923022e-11
01	right_hand	3.0	2.0285157311057116e-12	5.814394006729356e-12
01	right_hand	4.0	1.5650832654371454e-12	4.10478498963425e-12
01	right_hand	5.0	1.372046234056075e-12	3.4110190658749583e-12
01	right_hand	6.0	1.1615165087234959e-12	2.9540176129242227e-12
01	right_hand	7.0	8.511806017018697e-13	2.349088811664603e-12
01	right_hand	8.0	5.714223012014575e-13	1.6950614977157845e-12
01	right_hand	9.0	4.3997666434912586e-13	1.2961789441070714e-12
01	right_hand	10.0	5.528403839931086e-13	1.8420024250746823e-12
01	right_hand	11.0	7.190709085764493e-13	2.58357161622124e-12
01	right_hand	12.0	5.498844606216395e-13	1.8352043351792076e-12
01	right_hand	13.0	3.759842780470367e-13	1.065736651967741e-12
01	right_hand	14.0	2.31182095569081e-13	7.386309022409238e-13
01	right_hand	15.0	1.5469136947230884e-13	5.598568701027877e-13
01	right_hand	16.0	1.2858936842884586e-13	4.585544312108459e-13
01	right_hand	17.0	1.1616684996074673e-13	3.9607682515392915e-13
01	right_hand	18.0	1.0089027994181963e-13	3.3968739716008494e-13
01	right_hand	19.0	9.075945761965077e-14	3.348463709365897e-13
01	right_hand	20.0	8.435266839489285e-14	3.1449346633612293e-13
01	right_hand	21.0	7.806544022584531e-14	2.775720472697622e-13
01	right_hand	22.0	7.384730611270759e-14	2.545485681710071e-13
01	right_hand	23.0	6.551624165210117e-14	2.158431847028865e-13
01	right_hand	24.0	6.045044786928521e-14	1.9841160783108865e-13
01	right_hand	25.0	5.879784994031762e-14	1.9292958227788243e-13
01	right_hand	26.0	5.4646520288503234e-14	1.8855008962052076e-13
01	right_hand	27.0	4.917638209923989e-14	1.7466789254244585e-13
01	right_hand	28.0	4.2545827394264716e-14	1.5752056202161214e-13
01	right_hand	29.0	3.864186239338787e-14	1.4199877460423517e-13
01	right_hand	30.0	3.510247539427527e-14	1.2901480085670806e-13
01	right_hand	31.0	3.2746007208953406e-14	1.2227014747955728e-13
01	right_hand	32.0	3.2284578408178814e-14	1.1550615513719826e-13
01	right_hand	33.0	2.942244219028447e-14	1.0895710804148988e-13
01	right_hand	34.0	2.6401970784948198e-14	1.0065026114102344e-13
01	right_hand	35.0	2.5082174936057123e-14	9.824347327548191e-14
01	right_hand	36.0	2.4318884803942026e-14	9.506601924705352e-14
01	right_hand	37.0	2.3132544218659304e-14	8.473389909074324e-14
01	right_hand	38.0	2.196494539836463e-14	8.219943800949968e-14
01	right_hand	39.0	2.1351983217669687e-14	8.254414453920346e-14
01	right_hand	40.0	2.1391223378519054e-14	8.369264818567983e-14
01	right_hand	41.0	2.012166812699905e-14	8.052697051116454e-14
01	right_hand	42.0	1.930036139877284e-14	7.66087832626424e-14
01	right_hand	43.0	1.942580532922578e-14	7.706529824179318e-14
01	right_hand	44.0	1.9120404674832262e-14	7.491719640569294e-14
01	right_hand	45.0	1.8374240152925835e-14	7.276017209687311e-14
01	right_hand	46.0	1.8135976931013105e-14	7.135332211107562e-14
01	right_hand	47.0	1.8358731934487e-14	6.782177558775845e-14
01	right_hand	48.0	1.890987122125185e-14	6.543691591655132e-14
01	right_hand	49.0	3.554913656622515e-13	7.536665702377793e-14
01	right_hand	50.0	1.2372829519382488e-12	9.030523914677343e-14
01	right_hand	51.0	3.014525007468592e-13	6.826482431903633e-14
01	right_hand	52.0	1.8716951818520865e-14	6.320823071733828e-14
01	right_hand	53.0	1.8244685963927472e-14	6.558076727948137e-14
01	right_hand	54.0	1.8157398650578874e-14	6.745845522557953e-14
01	right_hand	55.0	1.7843302228906926e-14	6.579590026111193e-14
01	right_hand	56.0	1.7671569154793316e-14	6.025251458016588e-14
01	right_hand	57.0	1.7093510504390852e-14	5.892884306148308e-14
01	right_hand	58.0	1.6650007135988212e-14	5.3519047114057287e-14
01	right_hand	59.0	1.544524386710434e-14	5.054639857096918e-14
01	right_hand	60.0	1.48310839187268e-14	5.150623741662178e-14
01	right_hand	61.0	1.4110845800465452e-14	5.124707626589687e-14
01	right_hand	62.0	1.310110775183574e-14	4.8476780626805624e-14
01	right_hand	63.0	1.2748834102700993e-14	4.6259030645624977e-14
01	right_hand	64.0	1.2311377333700414e-14	4.5852607217957566e-14
01	right_hand	65.0	1.1501260517506073e-14	4.286597349752139e-14
01	right_hand	66.0	1.0794811261114732e-14	4.285374979821243e-14
01	right_hand	67.0	1.0158476003751393e-14	4.39209618041277e-14
01	right_hand	68.0	9.321751851354645e-15	4.108483561357424e-14
01	right_hand	69.0	8.781481227832387e-15	4.06252314233059e-14
01	right_hand	70.0	8.367859411609658e-15	3.664411762951595e-14
01	right_hand	71.0	8.375747052416469e-15	3.472214605670353e-14
01	right_hand	72.0	8.310205744485644e-15	3.421060701393737e-14
01	right_hand	73.0	7.840978824644961e-15	3.4822255097681283e-14
01	right_hand	74.0	7.359736766161652e-15	3.463383651301036e-14
01	right_hand	75.0	7.377919117248325e-15	3.3145221976218076e-14
01	right_hand	76.0	7.133271779665994e-15	3.659389400141121e-14
01	right_hand	77.0	6.831245515849086e-15	3.5827699616980056e-14
01	right_hand	78.0	6.483262693016813e-15	3.350900240608361e-14
01	right_hand	79.0	6.660614545728348e-15	3.092324828607192e-14
01	right_hand	80.0	6.512093294315639e-15	3.3153821162331396e-14
01	right_hand	81.0	6.5224854671092634e-15	3.1417454513754895e-14
01	right_hand	82.0	6.470123270628486e-15	3.0163241239643565e-14
01	right_hand	83.0	6.054920578856367e-15	3.25936334544541e-14
01	right_hand	84.0	6.045542974199199e-15	3.004980468736449e-14
01	right_hand	85.0	5.786991678390397e-15	2.919077437587647e-14
01	right_hand	86.0	5.4992065210833485e-15	2.9193959245317156e-14
01	right_hand	87.0	5.2741300012144754e-15	2.915319147229243e-14
01	right_hand	88.0	5.228761668109637e-15	2.8398721823673098e-14
01	right_hand	89.0	5.3250408213827376e-15	2.7020107614742356e-14
01	right_hand	90.0	5.2470365345200326e-15	2.5105748551082933e-14
01	right_hand	91.0	4.928322899135015e-15	2.6645408234554713e-14
01	right_hand	92.0	4.6140365385874556e-15	2.5823644971916515e-14
01	right_hand	93.0	4.680564733358186e-15	2.4992431457751217e-14
01	right_hand	94.0	4.3182419233747684e-15	2.391267265646791e-14
01	right_hand	95.0	4.244324992800213e-15	2.4104148258220605e-14
01	right_hand	96.0	4.2474290668656125e-15	2.30115836336547e-14
01	right_hand	97.0	4.040753456988563e-15	2.3229281131308346e-14
01	right_hand	98.0	4.156016559883252e-15	2.3089113517993688e-14
01	right_hand	99.0	5.751705226944135e-15	2.2836325969025442e-14
01	right_hand	100.0	1.2568082411059721e-14	2.372139027526149e-14
01	right_hand	101.0	6.341060519449547e-15	2.3601960361117013e-14
01	right_hand	102.0	3.9396372343090485e-15	2.3418514683815946e-14
01	right_hand	103.0	3.7415378121242826e-15	2.0947356326742758e-14
01	right_hand	104.0	3.7995568549178476e-15	2.006174920976982e-14
01	right_hand	105.0	3.684335268176726e-15	2.1165848663452272e-14
01	right_hand	106.0	3.691856518854071e-15	2.2133860531390497e-14
01	right_hand	107.0	3.642358107051171e-15	2.2212582748833298e-14
01	right_hand	108.0	3.5341674713299272e-15	2.1868499652268177e-14
01	right_hand	109.0	3.3255720132046636e-15	2.1029013830719658e-14
01	right_hand	110.0	3.265677609494244e-15	2.0584571763736023e-14
01	right_hand	111.0	3.4023346090643875e-15	1.964763703867306e-14
01	right_hand	112.0	3.5032405770693995e-15	2.049542461993631e-14
01	right_hand	113.0	3.3978051524733846e-15	1.9873566697203264e-14
01	right_hand	114.0	3.4368493774127093e-15	1.967301525070189e-14
01	right_hand	115.0	3.368907963133777e-15	2.0974708697559484e-14
01	right_hand	116.0	3.3618899928337476e-15	2.116456165530031e-14
01	right_hand	117.0	3.503759880738679e-15	2.1445643284071947e-14
01	right_hand	118.0	3.3692471705144972e-15	1.9589919055766266e-14
01	right_hand	119.0	3.2629990392726033e-15	1.9616749817934056e-14
01	right_hand	120.0	3.143624087640707e-15	2.0528916512458854e-14
01	right_hand	121.0	3.1368885371473135e-15	2.0655611551678548e-14
01	right_hand	122.0	3.265449334937194e-15	1.8535607262497412e-14
01	right_hand	123.0	3.328236217373629e-15	1.8998597532297945e-14
01	right_hand	124.0	3.394742322192876e-15	1.991665976064384e-14
01	right_hand	125.0	1.6568576746186566e-15	9.585605838971482e-15
02	rest	0.0	1.2510044994599563e-12	9.218535591585783e-12
02	rest	1.0	6.3174190074492455e-12	4.31373650307838e-11
02	rest	2.0	3.519245745940145e-12	1.7370294701720777e-11
02	rest	3.0	2.0695490333996343e-12	6.089224693452269e-12
02	rest	4.0	1.6258808494406036e-12	3.9510855798153234e-12
02	rest	5.0	1.378004598579542e-12	3.4881416176346827e-12
02	rest	6.0	1.1289357524898342e-12	3.2318107285417464e-12
02	rest	7.0	8.630054433300048e-13	2.4607328609345015e-12
02	rest	8.0	6.611934487145091e-13	1.8115232290425304e-12
02	rest	9.0	6.381518810091218e-13	1.9677241861511536e-12
02	rest	10.0	1.163746098635504e-12	4.397985328025756e-12
02	rest	11.0	1.6779705033491298e-12	6.794794270501138e-12
02	rest	12.0	1.0166523836210903e-12	3.724287274998884e-12
02	rest	13.0	5.440264265898116e-13	1.5513415039977772e-12
02	rest	14.0	3.1506901240924114e-13	9.0488743869967e-13
02	rest	15.0	1.8912434004045065e-13	6.528681519007937e-13
02	rest	16.0	1.449732762681746e-13	4.991581166719432e-13
02	rest	17.0	1.1666931748542445e-13	3.8644656527851444e-13
02	rest	18.0	1.0128152699456293e-13	3.450549573170481e-13
02	rest	19.0	9.939652873250393e-14	3.390366714517873e-13
02	rest	20.0	9.831435887539997e-14	3.250364961841897e-13
02	rest	21.0	1.0149614348278355e-13	3.342341858068368e-13
02	rest	22.0	9.696256998473759e-14	3.275749729766882e-13
02	rest	23.0	8.840599437343298e-14	2.956021851805515e-13
02	rest	24.0	8.191883151091773e-14	2.3868036348430924e-13
02	rest	25.0	7.887224657854759e-14	2.296920899072482e-13
02	rest	26.0	6.938453696244667e-14	2.0470099685137474e-13
02	rest	27.0	5.83844558871089e-14	1.7280089796683917e-13
02	rest	28.0	5.2354119053361274e-14	1.5997337432260138e-13
02	rest	29.0	4.5453644665380475e-14	1.562389957476237e-13
02	rest	30.0	4.147615097568894e-14	1.3718433297380462e-13
02	rest	31.0	4.097200144559125e-14	1.34654286610637e-13
02	rest	32.0	3.804048100877492e-14	1.2422967241503007e-13
02	rest	33.0	3.491259885263488e-14	1.190645472972407e-13
02	rest	34.0	3.2581871721227034e-14	1.1596538018265486e-13
02	rest	35.0	2.888752491296349e-14	1.1230606307416999e-13
02	rest	36.0	2.7302286722812487e-14	1.0083175454391019e-13
02	rest	37.0	2.7055269142014325e-14	9.711694798905182e-14
02	rest	38.0	2.5247880043470186e-14	9.253413523513565e-14
02	rest	39.0	2.4894676766724107e-14	9.054308843881631e-14
02	rest	40.0	2.279449549397879e-14	8.98933635807073e-14
02	rest	41.0	2.2369601514942338e-14	8.932645508672888e-14
02	rest	42.0	2.133728266288627e-14	8.634314801815997e-14
02	rest	43.0	2.1014311945306103e-14	8.172995229035922e-14
02	rest	44.0	2.0472744341019907e-14	7.506006746048415e-14
02	rest	45.0	1.9956538373869553e-14	7.606658151774645e-14
02	rest	46.0	2.040398609070698e-14	7.73851193109929e-14
02	rest	47.0	2.0833945579901914e-14	8.163437198929991e-14
02	rest	48.0	2.107707190621805e-14	7.979364357471989e-14
02	rest	49.0	2.354080087414409e-13	8.560467389127655e-14
02	rest	50.0	8.163745456488151e-13	1.2600257563329455e-13
02	rest	51.0	2.0067285011611492e-13	8.193324921788603e-14
02	rest	52.0	1.879137480230799e-14	6.721856907584715e-14
02	rest	53.0	1.9547901647274748e-14	6.766208605105348e-14
02	rest	54.0	1.931795960812368e-14	6.869337592319701e-14
02	rest	55.0	1.8872077308415847e-14	6.783090961173196e-14
02	rest	56.0	1.7923608721066232e-14	6.691481098882108e-14
02	rest	57.0	1.7149710424403743e-14	6.278907775178767e-14
02	rest	58.0	1.7092918982677187e-14	6.185360391156944e-14
02	rest	59.0	1.701257946803098e-14	5.94367516429318e-14
02	rest	60.0	1.5697971123050668e-14	5.812397132763979e-14
02	rest	61.0	1.4198725500691053e-14	5.976843413751009e-14
02	rest	62.0	1.3530597642052209e-14	5.630084661248805e-14
02	rest	63.0	1.3019613183734068e-14	5.167990666639167e-14
02	rest	64.0	1.1902205298543353e-14	5.136603226300001e-14
02	rest	65.0	1.1454769913374547e-14	4.9529885400865355e-14
02	rest	66.0	1.0448184602850878e-14	4.572020144627332e-14
02	rest	67.0	1.0307244339355942e-14	4.542186368787551e-14
02	rest	68.0	9.450777728177615e-15	4.3038703408407155e-14
02	rest	69.0	8.706898501575156e-15	4.586406171546251e-14
02	rest	70.0	8.223818807897803e-15	4.392431715563326e-14
02	rest	71.0	7.774207766995216e-15	4.1964685386156054e-14
02	rest	72.0	7.176603976624652e-15	4.2711436436912375e-14
02	rest	73.0	7.11058170046201e-15	3.981993761563101e-14
02	rest	74.0	7.0689331992654235e-15	3.897516855161933e-14
02	rest	75.0	6.781697938070996e-15	3.9215998055557975e-14
02	rest	76.0	6.850324810870504e-15	3.8964892190544406e-14
02	rest	77.0	6.5462298338927966e-15	3.9652386914644145e-14
02	rest	78.0	6.03057642377945e-15	3.9571191650034635e-14
02	rest	79.0	6.108803317292435e-15	3.724804346975685e-14
02	rest	80.0	6.0526450362195e-15	3.6295043461919885e-14
02	rest	81.0	5.7858027867702044e-15	3.5637807925381247e-14
02	rest	82.0	5.916669499711045e-15	3.611551203299974e-14
02	rest	83.0	5.753056538364727e-15	3.517707201522176e-14
02	rest	84.0	5.455695770604522e-15	3.4418440595853043e-14
02	rest	85.0	5.377342781519022e-15	3.407826594528359e-14
02	rest	86.0	5.139351249024686e-15	3.0993403538354334e-14
02	rest	87.0	4.8600590693084085e-15	3.03142279372679e-14
02	rest	88.0	4.9230632435235894e-15	3.1750638009762345e-14
02	rest	89.0	4.946928266248329e-15	2.9518873310210726e-14
02	rest	90.0	4.8455283705931595e-15	2.84464000495292e-14
02	rest	91.0	4.483204622681692e-15	2.841091448482015e-14
02	rest	92.0	4.299555641061973e-15	2.922877070798314e-14
02	rest	93.0	4.402001388038079e-15	2.8593544318670284e-14
02	rest	94.0	4.3533449712257926e-15	2.930837384548116e-14
02	rest	95.0	4.146124907038466e-15	2.896480116824112e-14
02	rest	96.0	3.8322673661030854e-15	2.7811162501143608e-14
02	rest	97.0	3.7958305907017445e-15	2.559995127642825e-14
02	rest	98.0	3.964817570480051e-15	2.578908204009282e-14
02	rest	99.0	6.204179416704959e-15	2.6353008476102763e-14
02	rest	100.0	1.2702740943283767e-14	2.9440389971772914e-14
02	rest	101.0	6.072252052948714e-15	2.5668627730180834e-14
02	rest	102.0	3.72599558859406e-15	2.5262369486715125e-14
02	rest	103.0	3.578580910925712e-15	2.50209550096127e-14
02	rest	104.0	3.3322430383282567e-15	2.5324453947628376e-14
02	rest	105.0	3.1320524441863322e-15	2.521200942927116e-14
02	rest	106.0	3.278006919724581e-15	2.5626051671243734e-14
02	rest	107.0	3.415744525697449e-15	2.3451841083916884e-14
02	rest	108.0	3.2945517027575867e-15	2.2639243248076092e-14
02	rest	109.0	3.2591043254370566e-15	2.4736608790367714e-14
02	rest	110.0	3.321275147425358e-15	2.4890939151307046e-14
02	rest	111.0	3.0177746987687156e-15	2.420986553290109e-14
02	rest	112.0	2.8885085291301715e-15	2.3683178912112453e-14
02	rest	113.0	2.8783222290594334e-15	2.30779988568157e-14
02	rest	114.0	2.8960937350406735e-15	2.3028374141969827e-14
02	rest	115.0	2.836761637098337e-15	2.2458085285107588e-14
02	rest	116.0	2.8920904652958808e-15	2.2990091676973334e-14
02	rest	117.0	2.9524107923322405e-15	2.2687585141175852e-14
02	rest	118.0	2.835782122101073e-15	2.254612022582323e-14
02	rest	119.0	2.986476807751434e-15	2.3638862858599905e-14
02	rest	120.0	2.9506658855145856e-15	2.354659048355624e-14
02	rest	121.0	2.8503283580187646e-15	2.2156087989424548e-14
02	rest	122.0	2.929723985948403e-15	2.2079693632219765e-14
02	rest	123.0	2.7927706476323706e-15	2.182910028231509e-14
02	rest	124.0	2.8248586051701306e-15	2.2546617484430965e-14
02	rest	125.0	1.444358342857024e-15	1.1428172147813761e-14
02	right_hand	0.0	8.89654685214367e-13	2.504847806094781e-12
02	right_hand	1.0	5.1300340307365335e-12	1.3278482859036436e-11
02	right_hand	2.0	3.226343137060303e-12	9.561897089910571e-12
02	right_hand	3.0	1.891823857447035e-12	5.017454762042095e-12
02	right_hand	4.0	1.4879514900594382e-12	3.55228528354756e-12
02	right_hand	5.0	1.3175911420986832e-12	3.2284914801933878e-12
02	right_hand	6.0	1.0936466519052288e-12	2.8979425694692587e-12
02	right_hand	7.0	8.73562230467092e-13	2.342761226199743e-12
02	right_hand	8.0	6.89261966081733e-13	1.8298174730106328e-12
02	right_hand	9.0	5.941679104641473e-13	1.7003991333982983e-12
02	right_hand	10.0	1.0167434780456147e-12	3.8944892801166144e-12
02	right_hand	11.0	1.2256417140153478e-12	5.101781346356704e-12
02	right_hand	12.0	6.49042333459726e-13	2.261762598344647e-12
02	right_hand	13.0	3.477787119255029e-13	9.541537814547249e-13
02	right_hand	14.0	2.1831937767798268e-13	6.936594814972654e-13
02	right_hand	15.0	1.6053689618371638e-13	5.903659806044262e-13
02	right_hand	16.0	1.2643772899497125e-13	4.772784558573219e-13
02	right_hand	17.0	1.1257359136129983e-13	4.0822444746157096e-13
02	right_hand	18.0	1.0158238602124481e-13	3.5325562108558187e-13
02	right_hand	19.0	9.476890621492233e-14	3.2394265612512137e-13
02	right_hand	20.0	9.221555935536996e-14	3.1307390878810655e-13
02	right_hand	21.0	8.993783922667905e-14	3.174216977947475e-13
02	right_hand	22.0	8.327289315135195e-14	2.877975142611493e-13
02	right_hand	23.0	7.473654857920403e-14	2.4242742175225156e-13
02	right_hand	24.0	7.03256151842417e-14	2.13057133893711e-13
02	right_hand	25.0	6.504020183797864e-14	2.0930515971663498e-13
02	right_hand	26.0	5.772040719478728e-14	1.9350107691875254e-13
02	right_hand	27.0	5.3047772078878747e-14	1.7817276294647573e-13
02	right_hand	28.0	4.59630144297124e-14	1.6004036625952402e-13
02	right_hand	29.0	4.1125678548749726e-14	1.4519498384666174e-13
02	right_hand	30.0	3.7320849178910514e-14	1.4483910282521744e-13
02	right_hand	31.0	3.464088377752454e-14	1.3413408362459417e-13
02	right_hand	32.0	3.249848238698844e-14	1.1959957144392278e-13
02	right_hand	33.0	3.02583299687783e-14	1.1785636514196362e-13
02	right_hand	34.0	2.894658044779987e-14	1.2001093761564198e-13
02	right_hand	35.0	2.616565938779475e-14	1.0811239028368149e-13
02	right_hand	36.0	2.435134686584233e-14	9.97831946054043e-14
02	right_hand	37.0	2.2661992370195708e-14	9.664725335036998e-14
02	right_hand	38.0	2.1238075594244312e-14	9.71609837975099e-14
02	right_hand	39.0	1.9565772703950227e-14	9.390112568596781e-14
02	right_hand	40.0	1.9191518113133458e-14	9.155626634969913e-14
02	right_hand	41.0	1.904468584671114e-14	9.023308322325497e-14
02	right_hand	42.0	1.874999263563258e-14	8.462107644204128e-14
02	right_hand	43.0	1.7736730333620984e-14	8.231531241211345e-14
02	right_hand	44.0	1.743295065145925e-14	8.28852224161744e-14
02	right_hand	45.0	1.7135283253456576e-14	8.326211707835923e-14
02	right_hand	46.0	1.6191340644113133e-14	7.952261904763488e-14
02	right_hand	47.0	1.7599228838379606e-14	7.692378097121228e-14
02	right_hand	48.0	1.846688076828283e-14	7.25547642260499e-14
02	right_hand	49.0	2.345536655137262e-13	8.623100360468688e-14
02	right_hand	50.0	8.099074298237707e-13	1.243559698600175e-13
02	right_hand	51.0	1.9844797612790022e-13	8.167001410705966e-14
02	right_hand	52.0	1.6518334517624786e-14	7.017004641404384e-14
02	right_hand	53.0	1.7041562721733915e-14	6.857066661986524e-14
02	right_hand	54.0	1.650434762300046e-14	6.763680176920992e-14
02	right_hand	55.0	1.6735451381165017e-14	6.276098974314095e-14
02	right_hand	56.0	1.6536128505812773e-14	6.208827278660962e-14
02	right_hand	57.0	1.5797582561305293e-14	6.049542973229756e-14
02	right_hand	58.0	1.5418699558064362e-14	6.322224960947295e-14
02	right_hand	59.0	1.3977339496097444e-14	6.264977230965093e-14
02	right_hand	60.0	1.3248006682673965e-14	6.111565606618541e-14
02	right_hand	61.0	1.249797280307185e-14	5.815145433497244e-14
02	right_hand	62.0	1.173343739850284e-14	5.606667555651114e-14
02	right_hand	63.0	1.0865219397558784e-14	5.400247287822664e-14
02	right_hand	64.0	1.043796579346248e-14	5.509286430570068e-14
02	right_hand	65.0	9.460026299484935e-15	5.1189605911416394e-14
02	right_hand	66.0	8.812633702553043e-15	4.851994174149599e-14
02	right_hand	67.0	8.459159946362582e-15	5.0230842321981004e-14
02	right_hand	68.0	8.050082698155383e-15	4.9497063566342804e-14
02	right_hand	69.0	7.585734176378359e-15	4.624587738233712e-14
02	right_hand	70.0	7.271245121509549e-15	4.500491944792273e-14
02	right_hand	71.0	7.287639702567605e-15	4.413044868411173e-14
02	right_hand	72.0	7.009463547596204e-15	4.3747597986401363e-14
02	right_hand	73.0	6.708819244942688e-15	4.197346991883779e-14
02	right_hand	74.0	6.412168788921739e-15	4.140810458083078e-14
02	right_hand	75.0	6.09996013676298e-15	4.047100130182293e-14
02	right_hand	76.0	6.252934051805392e-15	4.063851227125046e-14
02	right_hand	77.0	6.3108693807761634e-15	4.131754148755243e-14
02	right_hand	78.0	5.953115610895417e-15	3.896758629775768e-14
02	right_hand	79.0	5.5234010471198306e-15	3.8741197372377474e-14
02	right_hand	80.0	5.470767472959964e-15	3.6030485108465295e-14
02	right_hand	81.0	5.5419186182565434e-15	3.7361071998199694e-14
02	right_hand	82.0	5.305342751657764e-15	3.595812905197327e-14
02	right_hand	83.0	5.162234174635234e-15	3.4969829405541e-14
02	right_hand	84.0	5.065315264088841e-15	3.467641232413774e-14
02	right_hand	85.0	5.007263684912782e-15	3.459143699246412e-14
02	right_hand	86.0	4.740510577060179e-15	3.499371961875026e-14
02	right_hand	87.0	4.47282235996581e-15	3.3192299946310794e-14
02	right_hand	88.0	4.4810027912276825e-15	3.228351312568809e-14
02	right_hand	89.0	4.420820770058925e-15	3.0819691562600483e-14
02	right_hand	90.0	4.078951496223068e-15	3.080959328259245e-14
02	right_hand	91.0	4.022364635000839e-15	3.0010359618304054e-14
02	right_hand	92.0	4.109357206455838e-15	2.980990754839268e-14
02	right_hand	93.0	4.012036452448132e-15	2.8881293042873587e-14
02	right_hand	94.0	3.874881939536238e-15	2.9184680927111245e-14
02	right_hand	95.0	3.7200629918107965e-15	2.841032477427701e-14
02	right_hand	96.0	3.5356714237731034e-15	2.9052278562658556e-14
02	right_hand	97.0	3.5512494005932956e-15	2.8515856783507477e-14
02	right_hand	98.0	3.6277898187974034e-15	2.883609151560776e-14
02	right_hand	99.0	6.023087105888833e-15	2.9002154014031425e-14
02	right_hand	100.0	1.279543276956355e-14	3.134979897329312e-14
02	right_hand	101.0	6.019623039623998e-15	2.8766288801718416e-14
02	right_hand	102.0	3.3164223545076036e-15	2.83351905976473e-14
02	right_hand	103.0	3.3273228711967206e-15	2.6265587011799318e-14
02	right_hand	104.0	3.3912191335253796e-15	2.4807965465703314e-14
02	right_hand	105.0	3.2965604818419093e-15	2.3975495549863092e-14
02	right_hand	106.0	3.1035294828198376e-15	2.4067009254969047e-14
02	right_hand	107.0	3.062783227007331e-15	2.537372960965458e-14
02	right_hand	108.0	3.092406603158726e-15	2.4397939837713976e-14
02	right_hand	109.0	3.1946739813147444e-15	2.2548757403112248e-14
02	right_hand	110.0	3.1833242271131026e-15	2.2623164096741532e-14
02	right_hand	111.0	3.0826458336053315e-15	2.389170518832117e-14
02	right_hand	112.0	2.9535547821652804e-15	2.56926600765304e-14
02	right_hand	113.0	3.0109302937766327e-15	2.5038521323217632e-14
02	right_hand	114.0	2.9784304068959196e-15	2.4918320059665475e-14
02	right_hand	115.0	2.99684842801593e-15	2.441129090391819e-14
02	right_hand	116.0	2.9738422243740777e-15	2.3370830880357282e-14
02	right_hand	117.0	2.8367934458171055e-15	2.3761155572766087e-14
02	right_hand	118.0	2.9995225196901427e-15	2.474812243463239e-14
02	right_hand	119.0	3.0676083164789494e-15	2.442718245097747e-14
02	right_hand	120.0	2.974424911138824e-15	2.408647760273403e-14
02	right_hand	121.0	2.9242545637466883e-15	2.2305719289849108e-14
02	right_hand	122.0	2.962402551764382e-15	2.2775409008314147e-14
02	right_hand	123.0	3.0313541433718596e-15	2.458446313658356e-14
02	right_hand	124.0	3.02049427796175e-15	2.4106468755751e-14
02	right_hand	125.0	1.4820216397911714e-15	1.1722710644713427e-14
03	rest	0.0	1.3325780854444205e-12	6.748338425786818e-12
03	rest	1.0	7.407906109694922e-12	3.249383129266626e-11
03	rest	2.0	4.1295618240501716e-12	1.4355466998270811e-11
03	rest	3.0	2.100972610970003e-12	5.676416137294825e-12
03	rest	4.0	1.5012083222043305e-12	3.8016757699542794e-12
03	rest	5.0	1.331507780051346e-12	3.303059889986271e-12
03	rest	6.0	1.2223934587212915e-12	3.1136259243665186e-12
03	rest	7.0	1.0264541681856834e-12	2.5296043506958775e-12
03	rest	8.0	8.157916392329974e-13	2.0055030639685263e-12
03	rest	9.0	7.13327095861357e-13	1.9917631132873566e-12
03	rest	10.0	1.2754934987247525e-12	4.215060341540549e-12
03	rest	11.0	1.8197351185883826e-12	6.1939262997441095e-12
03	rest	12.0	1.18536910462293e-12	3.401199777985494e-12
03	rest	13.0	7.838988494769916e-13	1.7392657545428005e-12
03	rest	14.0	4.2601524424943616e-13	9.967143018773706e-13
03	rest	15.0	2.1045354712993332e-13	6.07337952476765e-13
03	rest	16.0	1.4361663456402973e-13	4.0936601425608094e-13
03	rest	17.0	1.2007606297473665e-13	3.4180147662204136e-13
03	rest	18.0	1.1105600954923792e-13	3.1136333153671325e-13
03	rest	19.0	1.0449779479372953e-13	2.854663258457628e-13
03	rest	20.0	1.0225978009852129e-13	2.7942875288474895e-13
03	rest	21.0	1.0238258352067493e-13	2.8308100974691974e-13
03	rest	22.0	9.618150085038318e-14	2.6414545914325503e-13
03	rest	23.0	9.022968900908312e-14	2.303490276982204e-13
03	rest	24.0	8.651796989507426e-14	2.1208655236648097e-13
03	rest	25.0	8.588759933698338e-14	1.9391631415562397e-13
03	rest	26.0	7.27757499102893e-14	1.592441460226114e-13
03	rest	27.0	6.072668272757521e-14	1.3542263276110408e-13
03	rest	28.0	5.236370006489543e-14	1.233243817357313e-13
03	rest	29.0	4.6211367545154855e-14	1.0977398997908687e-13
03	rest	30.0	4.0409318326279817e-14	9.920118874490132e-14
03	rest	31.0	3.74293777540796e-14	8.903448557928305e-14
03	rest	32.0	3.4877857030310314e-14	8.515267841826992e-14
03	rest	33.0	3.3187259533292e-14	8.120319117637117e-14
03	rest	34.0	3.051146404017658e-14	7.259465421849264e-14
03	rest	35.0	2.784712526973205e-14	6.483700576591068e-14
03	rest	36.0	2.8219854539788443e-14	6.767059850261594e-14
03	rest	37.0	2.6143270569819647e-14	6.189065553011192e-14
03	rest	38.0	2.417027978534254e-14	5.895371010284462e-14
03	rest	39.0	2.4256978995735503e-14	5.905085231203852e-14
03	rest	40.0	2.3825829360125872e-14	5.812686954267229e-14
03	rest	41.0	2.3094706888065037e-14	5.81590882013226e-14
03	rest	42.0	2.225950085539286e-14	5.7981578682166e-14
03	rest	43.0	2.153860173169866e-14	5.610025785869693e-14
03	rest	44.0	2.1843413714541877e-14	5.620013123402574e-14
03	rest	45.0	2.0992769988218454e-14	5.174013053290826e-14
03	rest	46.0	1.997101209915114e-14	4.777866164196877e-14
03	rest	47.0	2.0484979329104456e-14	4.805825731235998e-14
03	rest	48.0	2.0491371276292615e-14	4.741011486365012e-14
03	rest	49.0	1.94112486590413e-13	5.394716637875206e-14
03	rest	50.0	6.571513609243454e-13	7.192398593219241e-14
03	rest	51.0	1.6437627108973367e-13	4.744111539110478e-14
03	rest	52.0	1.9508133941739812e-14	4.384871095043486e-14
03	rest	53.0	1.807692135032556e-14	4.227402888983576e-14
03	rest	54.0	1.7711582812495282e-14	3.8878520261197364e-14
03	rest	55.0	1.8279645916327142e-14	3.770006887590381e-14
03	rest	56.0	1.738844642928882e-14	3.7044239734131496e-14
03	rest	57.0	1.703555858267063e-14	3.622519578004318e-14
03	rest	58.0	1.6406750509512824e-14	3.595466962357142e-14
03	rest	59.0	1.4946848354575813e-14	3.3495583181335825e-14
03	rest	60.0	1.4038252056152506e-14	2.9284239075866896e-14
03	rest	61.0	1.3534716896107052e-14	2.9016268096502884e-14
03	rest	62.0	1.3103107106730124e-14	2.9823360996202695e-14
03	rest	63.0	1.2527698924353763e-14	2.8188268741883892e-14
03	rest	64.0	1.1395873405622215e-14	2.5823510021163475e-14
03	rest	65.0	1.0087964503826526e-14	2.3696431249662304e-14
03	rest	66.0	9.895478497840068e-15	2.465906912194124e-14
03	rest	67.0	9.15706088735431e-15	2.3876767700831592e-14
03	rest	68.0	8.84417049033271e-15	2.2046247145395394e-14
03	rest	69.0	8.709803182184704e-15	2.1702718725699013e-14
03	rest	70.0	8.118709275532345e-15	1.974819500295318e-14
03	rest	71.0	7.824319017414046e-15	2.007276595095074e-14
03	rest	72.0	7.41731672678321e-15	1.9941885604083204e-14
03	rest	73.0	7.063481900627597e-15	1.930660977416902e-14
03	rest	74.0	7.0322654274556185e-15	1.904164844065414e-14
03	rest	75.0	6.680413680873703e-15	1.6581119222326393e-14
03	rest	76.0	6.1118583884199875e-15	1.5732819564985762e-14
03	rest	77.0	5.7752006185206716e-15	1.604944609203434e-14
03	rest	78.0	5.6836800343433026e-15	1.538457175148653e-14
03	rest	79.0	5.757621753005021e-15	1.555832418799776e-14
03	rest	80.0	5.7420283166799245e-15	1.618808077739868e-14
03	rest	81.0	5.481696475627527e-15	1.546922012078478e-14
03	rest	82.0	5.4870176537159366e-15	1.5182270683162136e-14
03	rest	83.0	5.405605287400397e-15	1.5995199047519616e-14
03	rest	84.0	5.3256793114175155e-15	1.5717744215809887e-14
03	rest	85.0	4.948777137723469e-15	1.467307559040312e-14
03	rest	86.0	4.54207450564047e-15	1.3730627173859621e-14
03	rest	87.0	4.4645381020410515e-15	1.2527540279760168e-14
03	rest	88.0	4.6231322865116415e-15	1.2641973941363043e-14
03	rest	89.0	4.664348545312971e-15	1.2360064290742667e-14
03	rest	90.0	4.540083027663981e-15	1.2570352123072568e-14
03	rest	91.0	4.397149272750975e-15	1.2387586957808821e-14
03	rest	92.0	4.2438087531272955e-15	1.2612887946847682e-14
03	rest	93.0	3.969255914807604e-15	1.1399261363999799e-14
03	rest	94.0	3.958437697556017e-15	1.1060962292206103e-14
03	rest	95.0	3.936241967397124e-15	1.1449986310251991e-14
03	rest	96.0	3.707406958989702e-15	1.0631921791818746e-14
03	rest	97.0	3.605515786876994e-15	9.965873067521053e-15
03	rest	98.0	3.5859801790809304e-15	1.0059755233216137e-14
03	rest	99.0	4.611816316886219e-15	9.725440094938196e-15
03	rest	100.0	9.011730337442163e-15	1.1419524831607541e-14
03	rest	101.0	4.660634276624395e-15	9.548214768328117e-15
03	rest	102.0	3.452329999311144e-15	8.976653772671862e-15
03	rest	103.0	3.4160183377297247e-15	9.31603664497731e-15
03	rest	104.0	3.307378564278138e-15	9.411714755164128e-15
03	rest	105.0	3.132790290740739e-15	9.00230951260972e-15
03	rest	106.0	3.1274742991821874e-15	8.841729039978503e-15
03	rest	107.0	3.0369013238292518e-15	8.991216620780792e-15
03	rest	108.0	3.0207426856054714e-15	8.838881386301842e-15
03	rest	109.0	3.0221390576914917e-15	8.603111865368852e-15
03	rest	110.0	2.92053771738696e-15	8.626395855497232e-15
03	rest	111.0	2.8707799608907436e-15	8.94722834214354e-15
03	rest	112.0	2.8984259205659994e-15	8.727336880252416e-15
03	rest	113.0	2.9138970218658446e-15	8.611810672541039e-15
03	rest	114.0	2.876047491466415e-15	8.539942879171854e-15
03	rest	115.0	3.005149378859508e-15	8.64479474843469e-15
03	rest	116.0	2.919227204229673e-15	8.053703095295963e-15
03	rest	117.0	2.7493902129690108e-15	7.956019283063119e-15
03	rest	118.0	2.665015194558345e-15	8.206157598650006e-15
03	rest	119.0	2.8628377926049566e-15	8.765830100409332e-15
03	rest	120.0	2.829220832955797e-15	8.421315656395731e-15
03	rest	121.0	2.8045157456154358e-15	8.46080510077403e-15
03	rest	122.0	2.8042476563984127e-15	8.304300593495752e-15
03	rest	123.0	2.7492547712126593e-15	7.778150724998779e-15
03	rest	124.0	2.7918290378396934e-15	7.92909002125549e-15
03	rest	125.0	1.4052501476921169e-15	4.2699560386281965e-15
03	right_hand	0.0	1.504182304495176e-12	2.7132597290385897e-12
03	right_hand	1.0	8.136704631745128e-12	1.3029969186133344e-11
03	right_hand	2.0	4.022050652857315e-12	9.095827090006268e-12
03	right_hand	3.0	2.188018269678568e-12	5.4102518122867895e-12
03	right_hand	4.0	1.579186345450817e-12	3.766897594451823e-12
03	right_hand	5.0	1.4138638834667122e-12	3.451203200729399e-12
03	right_hand	6.0	1.2255895191048283e-12	3.1388013218764863e-12
03	right_hand	7.0	1.096513994643e-12	2.409056306355933e-12
03	right_hand	8.0	8.659688197860348e-13	1.7846139698516754e-12
03	right_hand	9.0	6.152725682421478e-13	1.5027370449823297e-12
03	right_hand	10.0	8.583910526088645e-13	2.7358099620100504e-12
03	right_hand	11.0	1.0569358413565333e-12	3.594033578900703e-12
03	right_hand	12.0	6.537039819427349e-13	1.860336825602709e-12
03	right_hand	13.0	4.185848294432008e-13	9.623077172564439e-13
03	right_hand	14.0	2.624806696664818e-13	6.707096967896957e-13
03	right_hand	15.0	1.725783494289149e-13	5.144083949180469e-13
03	right_hand	16.0	1.3486885103788597e-13	4.127552442399056e-13
03	right_hand	17.0	1.131084278710241e-13	3.34460477098375e-13
03	right_hand	18.0	1.0617356444674499e-13	2.89559878052604e-13
03	right_hand	19.0	9.676565986568903e-14	2.503761746481868e-13
03	right_hand	20.0	9.295147824560635e-14	2.5176511998905855e-13
03	right_hand	21.0	8.904170805720471e-14	2.392261697300546e-13
03	right_hand	22.0	8.594356349227294e-14	2.2917745100359584e-13
03	right_hand	23.0	7.31954844665838e-14	1.945763677887999e-13
03	right_hand	24.0	6.717985291176097e-14	1.780361021204578e-13
03	right_hand	25.0	6.360368185972111e-14	1.6325243466979616e-13
03	right_hand	26.0	5.971157778042015e-14	1.5039195182223804e-13
03	right_hand	27.0	5.195749737708902e-14	1.3305930386355467e-13
03	right_hand	28.0	4.6643987461311095e-14	1.2058660442043888e-13
03	right_hand	29.0	4.113502961805988e-14	1.0875791596628497e-13
03	right_hand	30.0	3.7038342857258694e-14	9.943154795374916e-14
03	right_hand	31.0	3.6862676290981024e-14	9.033720853287229e-14
03	right_hand	32.0	3.4120000746827554e-14	7.940351741395548e-14
03	right_hand	33.0	2.9164969487329395e-14	7.385511775581896e-14
03	right_hand	34.0	2.6908621301582466e-14	6.849343633886319e-14
03	right_hand	35.0	2.720007177446568e-14	6.588728075328525e-14
03	right_hand	36.0	2.440784678691394e-14	6.44103985748763e-14
03	right_hand	37.0	2.287484067588032e-14	6.182791976682426e-14
03	right_hand	38.0	2.1956168690511096e-14	5.951381404609312e-14
03	right_hand	39.0	2.1223123282871532e-14	5.743180876064373e-14
03	right_hand	40.0	2.0641504545374198e-14	5.8985640317055e-14
03	right_hand	41.0	1.985336309876132e-14	5.450892679453129e-14
03	right_hand	42.0	1.8813660624821377e-14	5.3052626955746126e-14
03	right_hand	43.0	1.8669405665679124e-14	5.0533288482969103e-14
03	right_hand	44.0	1.844612611683286e-14	4.956927641520465e-14
03	right_hand	45.0	1.875885458496222e-14	5.023760654140222e-14
03	right_hand	46.0	1.8204982613738038e-14	4.714241776458672e-14
03	right_hand	47.0	1.7836970099478613e-14	4.5682336868120174e-14
03	right_hand	48.0	1.8153929266681267e-14	4.67311403351452e-14
03	right_hand	49.0	1.9645636802342132e-13	5.237154251561956e-14
03	right_hand	50.0	6.614931477705011e-13	7.227746113792756e-14
03	right_hand	51.0	1.6392621926715745e-13	4.9911229768933286e-14
03	right_hand	52.0	1.7512377107275857e-14	4.378887572562575e-14
03	right_hand	53.0	1.7271474698313265e-14	4.323899063693814e-14
03	right_hand	54.0	1.662896641199206e-14	4.1626311762789175e-14
03	right_hand	55.0	1.6596126713335463e-14	3.873590374069535e-14
03	right_hand	56.0	1.679678623772305e-14	3.882798244375503e-14
03	right_hand	57.0	1.6460425507845123e-14	3.8198824024750903e-14
03	right_hand	58.0	1.5467364476373156e-14	3.741091046798362e-14
03	right_hand	59.0	1.481295974072529e-14	3.409303700431455e-14
03	right_hand	60.0	1.400204395628339e-14	3.4092652534440836e-14
03	right_hand	61.0	1.3132773999082292e-14	3.194465101737516e-14
03	right_hand	62.0	1.3025182155937764e-14	3.037629128720128e-14
03	right_hand	63.0	1.2003270614052655e-14	2.8410911711982017e-14
03	right_hand	64.0	1.0642582912533053e-14	2.7596928616095695e-14
03	right_hand	65.0	9.661521471469781e-15	2.6103701594486348e-14
03	right_hand	66.0	9.025849781169548e-15	2.4147975072344413e-14
03	right_hand	67.0	8.622893416422325e-15	2.267373286186589e-14
03	right_hand	68.0	7.784679079384816e-15	2.1521182363506106e-14
03	right_hand	69.0	7.423738054390477e-15	2.104013584361203e-14
03	right_hand	70.0	7.200281998082178e-15	2.0172950308191386e-14
03	right_hand	71.0	7.080711614841463e-15	1.9148384023088753e-14
03	right_hand	72.0	6.9318807044438886e-15	1.8737550466613706e-14
03	right_hand	73.0	6.575150970026721e-15	1.8374622789942638e-14
03	right_hand	74.0	6.379408348865626e-15	1.781630757754336e-14
03	right_hand	75.0	6.2417440240945884e-15	1.8115329725507686e-14
03	right_hand	76.0	6.190416859468381e-15	1.8259619338049877e-14
03	right_hand	77.0	6.240036502033338e-15	1.8116733388629457e-14
03	right_hand	78.0	5.845142354735424e-15	1.701027884008369e-14
03	right_hand	79.0	5.661409229107629e-15	1.693869072502696e-14
03	right_hand	80.0	5.613936518666607e-15	1.645230299861434e-14
03	right_hand	81.0	5.2788789570578215e-15	1.629506482824709e-14
03	right_hand	82.0	5.305012712232449e-15	1.562777571880553e-14
03	right_hand	83.0	5.1184647720824404e-15	1.4256838060149258e-14
03	right_hand	84.0	4.784984928818586e-15	1.3773071406278759e-14
03	right_hand	85.0	4.698436274908656e-15	1.4335923090025094e-14
03	right_hand	86.0	4.6078156156535366e-15	1.4230990856484452e-14
03	right_hand	87.0	4.310805246546861e-15	1.3964714751956769e-14
03	right_hand	88.0	4.112688947896421e-15	1.2794370126796987e-14
03	right_hand	89.0	4.39782886219916e-15	1.2258405765751733e-14
03	right_hand	90.0	4.231089186856763e-15	1.2840185540451429e-14
03	right_hand	91.0	3.997014950613032e-15	1.3131396752183002e-14
03	right_hand	92.0	3.755835019889475e-15	1.3270364658287877e-14
03	right_hand	93.0	3.839940590555173e-15	1.2477089619738442e-14
03	right_hand	94.0	4.026276702405153e-15	1.2546111430745272e-14
03	right_hand	95.0	3.833671628528523e-15	1.2281692445276999e-14
03	right_hand	96.0	3.803180023828188e-15	1.1612189665108733e-14
03	right_hand	97.0	3.589232322306171e-15	1.1253867860544226e-14
03	right_hand	98.0	3.6921321661319845e-15	1.1385631028255144e-14
03	right_hand	99.0	4.877886366822002e-15	1.1902049409082755e-14
03	right_hand	100.0	8.745287626336656e-15	1.254890326074128e-14
03	right_hand	101.0	5.118830090307193e-15	1.0849632526073657e-14
03	right_hand	102.0	3.359586069424237e-15	1.0811859872260044e-14
03	right_hand	103.0	3.3232400707695992e-15	1.0164063684873764e-14
03	right_hand	104.0	3.5253983540324905e-15	1.0093654827851994e-14
03	right_hand	105.0	3.4046928735905008e-15	1.0375574676430012e-14
03	right_hand	106.0	3.2447526243545655e-15	1.1018333584104396e-14
03	right_hand	107.0	3.381753877636553e-15	1.065855829896509e-14
03	right_hand	108.0	3.1806528545663975e-15	1.0281638964109313e-14
03	right_hand	109.0	3.1464678115853095e-15	9.917290902641113e-15
03	right_hand	110.0	3.147414759328868e-15	9.659274425250573e-15
03	right_hand	111.0	3.3345069360617287e-15	1.008223832688763e-14
03	right_hand	112.0	3.4744035046231284e-15	9.879015174215608e-15
03	right_hand	113.0	3.3138898731581198e-15	1.0244481931891404e-14
03	right_hand	114.0	3.002079692109684e-15	1.0027593342671694e-14
03	right_hand	115.0	2.985399432550455e-15	9.496456311661388e-15
03	right_hand	116.0	3.0460992808946606e-15	9.534485373496228e-15
03	right_hand	117.0	2.976163397711972e-15	9.97780002072956e-15
03	right_hand	118.0	2.8766387165032218e-15	9.705056233590135e-15
03	right_hand	119.0	3.254510727431364e-15	1.0126902961321542e-14
03	right_hand	120.0	3.1834490371728245e-15	1.0044640753437851e-14
03	right_hand	121.0	3.05515278529496e-15	1.0082307416142725e-14
03	right_hand	122.0	3.081386722123515e-15	9.778388148527158e-15
03	right_hand	123.0	2.96927342804537e-15	9.65945510051253e-15
03	right_hand	124.0	3.0314168159088475e-15	9.334036615291968e-15
03	right_hand	125.0	1.5387118846812412e-15	4.645757241628046e-15
04	rest	0.0	4.5548986850077775e-12	1.5857123269093095e-11
04	rest	1.0	3.4561555092453474e-11	8.777700094762388e-11
04	rest	2.0	1.0188390540646961e-11	2.744059008816389e-11
04	rest	3.0	3.368697776599419e-12	7.584208366025257e-12
04	rest	4.0	1.9873663896652282e-12	4.8248380960711364e-12
04	rest	5.0	1.6636264314144302e-12	4.412862059852786e-12
04	rest	6.0	1.4868498029488675e-12	4.017806713137043e-12
04	rest	7.0	1.2705868278280995e-12	2.8471291792078497e-12
04	rest	8.0	1.074844617839156e-12	2.129129352372266e-12
04	rest	9.0	8.479853426657453e-13	2.1461241601692487e-12
04	rest	10.0	1.3873281368655483e-12	4.659744755729864e-12
04	rest	11.0	2.0943398271124202e-12	7.355639028524484e-12
04	rest	12.0	1.296747409450068e-12	4.110285564131945e-12
04	rest	13.0	6.373382957393551e-13	1.6786448084196747e-12
04	rest	14.0	3.828091227660418e-13	9.867581118003805e-13
04	rest	15.0	2.2112533028620503e-13	6.971183171227955e-13
04	rest	16.0	1.595812114031833e-13	4.999539758528558e-13
04	rest	17.0	1.2377493506260114e-13	3.8482021627424676e-13
04	rest	18.0	1.1245394252414623e-13	3.3496738592816695e-13
04	rest	19.0	1.0601350043240951e-13	3.085999879090389e-13
04	rest	20.0	1.0948858024498469e-13	3.2892735186819966e-13
04	rest	21.0	1.1415931193610927e-13	3.4226023664751897e-13
04	rest	22.0	1.0934828646300795e-13	3.1740906761532946e-13
04	rest	23.0	9.737045697944961e-14	2.776985963884371e-13
04	rest	24.0	8.74996406385193e-14	2.3948854401129026e-13
04	rest	25.0	7.954843357777948e-14	2.0915698891828978e-13
04	rest	26.0	7.007007704634842e-14	1.8859254232314145e-13
04	rest	27.0	6.377445423659653e-14	1.7175644178623598e-13
04	rest	28.0	5.2947028831516214e-14	1.56115166020243e-13
04	rest	29.0	4.586217746423804e-14	1.518247621793015e-13
04	rest	30.0	4.146592832364122e-14	1.4511641704587853e-13
04	rest	31.0	3.7652605909955037e-14	1.3570920243993403e-13
04	rest	32.0	3.552415583645125e-14	1.282737214000344e-13
04	rest	33.0	3.440906695900599e-14	1.196838629001694e-13
04	rest	34.0	3.009629284329467e-14	1.152407693357978e-13
04	rest	35.0	2.885818836388635e-14	1.1188252840648518e-13
04	rest	36.0	2.9923148256097996e-14	1.1135673540045029e-13
04	rest	37.0	2.7065719714107022e-14	1.0631711251993075e-13
04	rest	38.0	2.4756458231349897e-14	1.0949615391941458e-13
04	rest	39.0	2.4617686118071677e-14	1.0115517903808112e-13
04	rest	40.0	2.258739407017907e-14	9.542360569063456e-14
04	rest	41.0	2.2575848953588965e-14	1.0466853769426183e-13
04	rest	42.0	2.1738398445632832e-14	9.627807835009127e-14
04	rest	43.0	2.0666470442315445e-14	8.800650139293867e-14
04	rest	44.0	2.0844817095452056e-14	8.998633978892818e-14
04	rest	45.0	2.1426033455562472e-14	8.9797316374503e-14
04	rest	46.0	2.0412120713789868e-14	8.598618918921346e-14
04	rest	47.0	1.9506365382734414e-14	8.488404840618476e-14
04	rest	48.0	1.9450351921628693e-14	8.287313872042566e-14
04	rest	49.0	1.8507071065405192e-13	9.503663816918816e-14
04	rest	50.0	6.228445303515431e-13	1.2209074972270445e-13
04	rest	51.0	1.5772254267000412e-13	9.114021609094313e-14
04	rest	52.0	1.9593840712477603e-14	8.042921981049436e-14
04	rest	53.0	1.889078548653983e-14	7.559507952285779e-14
04	rest	54.0	1.86672075669732e-14	7.587301189740783e-14
04	rest	55.0	1.7635757394769885e-14	7.066335169578744e-14
04	rest	56.0	1.757345539962901e-14	7.519150465219489e-14
04	rest	57.0	1.809203993500059e-14	8.047196283706639e-14
04	rest	58.0	1.6864395508243553e-14	7.109243410775298e-14
04	rest	59.0	1.5974850541768694e-14	6.606133002248194e-14
04	rest	60.0	1.5690623357459684e-14	6.60353730083857e-14
04	rest	61.0	1.475693804340806e-14	6.180649201842889e-14
04	rest	62.0	1.4157636689491162e-14	6.40256381249022e-14
04	rest	63.0	1.3462652929483843e-14	6.60391229261198e-14
04	rest	64.0	1.2074993472315054e-14	5.870684688353861e-14
04	rest	65.0	1.1728022218794621e-14	5.900688946466837e-14
04	rest	66.0	1.1484481946519672e-14	5.868850346431913e-14
04	rest	67.0	1.0443268780583845e-14	5.4094646031396875e-14
04	rest	68.0	9.406817235442615e-15	4.8679809668548766e-14
04	rest	69.0	8.948839043415058e-15	5.095168102011342e-14
04	rest	70.0	8.590789784997015e-15	5.238358594953472e-14
04	rest	71.0	8.253649372321632e-15	4.8838031032403545e-14
04	rest	72.0	8.137285638591672e-15	4.889623611500031e-14
04	rest	73.0	7.535412220549245e-15	4.923698982486091e-14
04	rest	74.0	7.158937402440111e-15	4.719550399628816e-14
04	rest	75.0	6.871790149300342e-15	4.584474899437208e-14
04	rest	76.0	6.614091354516557e-15	4.4843957307970365e-14
04	rest	77.0	6.5566797051380585e-15	4.700132219160963e-14
04	rest	78.0	6.380149014834588e-15	4.767212023105266e-14
04	rest	79.0	6.177309316232108e-15	4.5119825693346455e-14
04	rest	80.0	6.148850095663696e-15	4.498220506382358e-14
04	rest	81.0	5.882940984671966e-15	4.335619833059652e-14
04	rest	82.0	5.593694754015709e-15	4.1634470507507837e-14
04	rest	83.0	5.5302689899756455e-15	4.325394938158673e-14
04	rest	84.0	5.7381036137967284e-15	4.217839234562595e-14
04	rest	85.0	5.325847195699689e-15	3.907892084090685e-14
04	rest	86.0	5.2125162279556406e-15	4.1775136782679004e-14
04	rest	87.0	5.311351083816378e-15	4.211985906680675e-14
04	rest	88.0	5.51784643287504e-15	4.147627287310849e-14
04	rest	89.0	4.9504935643692906e-15	3.951453470175017e-14
04	rest	90.0	4.6901516197642225e-15	3.910920545797768e-14
04	rest	91.0	4.6164768027287995e-15	3.880362345424713e-14
04	rest	92.0	4.620964944705011e-15	3.9082416637586675e-14
04	rest	93.0	4.344676023193065e-15	3.676735793168564e-14
04	rest	94.0	4.239759175297783e-15	3.687858752341515e-14
04	rest	95.0	3.9274475229238364e-15	3.624510203768823e-14
04	rest	96.0	3.9277974215285396e-15	3.665221855192798e-14
04	rest	97.0	3.7615478956139035e-15	3.635999847468384e-14
04	rest	98.0	3.6127726119617875e-15	3.3573775801972977e-14
04	rest	99.0	4.6350363970399055e-15	3.2712588774258555e-14
04	rest	100.0	8.43282704886033e-15	3.5782570011684764e-14
04	rest	101.0	5.0220925297632446e-15	3.443867187915343e-14
04	rest	102.0	3.441648740494007e-15	3.2208974991651495e-14
04	rest	103.0	3.2947727311412313e-15	3.1395775496082855e-14
04	rest	104.0	3.1040104062931983e-15	2.990234929090719e-14
04	rest	105.0	3.192384557535692e-15	3.0813377338795306e-14
04	rest	106.0	3.1690821686823236e-15	3.0227242959877347e-14
04	rest	107.0	2.9851813733974715e-15	3.1210228473278334e-14
04	rest	108.0	2.939153933276306e-15	3.043898066062944e-14
04	rest	109.0	2.9061559850435623e-15	3.118237945102459e-14
04	rest	110.0	2.867558984380774e-15	3.4595988445069575e-14
04	rest	111.0	2.954465414918618e-15	3.3233528441190463e-14
04	rest	112.0	2.855978052686898e-15	3.055393120094653e-14
04	rest	113.0	2.820654729683193e-15	3.00648296626034e-14
04	rest	114.0	2.7533312395966068e-15	2.963229018123984e-14
04	rest	115.0	2.6193275820294267e-15	2.920446377679134e-14
04	rest	116.0	2.6483568956870498e-15	3.0107555239719395e-14
04	rest	117.0	2.6354497389163803e-15	3.019104523818085e-14
04	rest	118.0	2.714533717308531e-15	2.944512388997682e-14
04	rest	119.0	2.7602629009869757e-15	2.9180784978961685e-14
04	rest	120.0	2.6700527630425422e-15	2.851298228273405e-14
04	rest	121.0	2.6241428501671442e-15	2.851106318132616e-14
04	rest	122.0	2.706991332609177e-15	2.8567962199044026e-14
04	rest	123.0	2.6820341279961284e-15	2.8266373939554273e-14
04	rest	124.0	2.706200804550011e-15	2.7417309456531347e-14
04	rest	125.0	1.280022644943199e-15	1.3679924121678201e-14
04	right_hand	0.0	4.1846391508195685e-12	2.475892356474375e-12
04	right_hand	1.0	3.223132165157242e-11	1.2811652389788941e-11
04	right_hand	2.0	7.674911269910414e-12	8.871148638188814e-12
04	right_hand	3.0	2.447440762343166e-12	5.098194881280836e-12
04	right_hand	4.0	1.7040995685615954e-12	3.959053798331376e-12
04	right_hand	5.0	1.5548823179936728e-12	3.8745300811590985e-12
04	right_hand	6.0	1.5066515360070892e-12	3.5039123754755484e-12
04	right_hand	7.0	1.4108217707947374e-12	2.508882904064361e-12
04	right_hand	8.0	1.2028823712297166e-12	1.9448151868482506e-12
04	right_hand	9.0	7.773975917179933e-13	1.645802612739782e-12
04	right_hand	10.0	7.558501132085778e-13	2.288128577438974e-12
04	right_hand	11.0	9.105733958518635e-13	3.1532811562326612e-12
04	right_hand	12.0	6.000997260203163e-13	1.794317636771604e-12
04	right_hand	13.0	3.6942650786657655e-13	9.485835978387655e-13
04	right_hand	14.0	2.5874337435528844e-13	7.173351497974164e-13
04	right_hand	15.0	1.9817718368884458e-13	6.404216062944496e-13
04	right_hand	16.0	1.556906342183371e-13	5.024292814946035e-13
04	right_hand	17.0	1.2364819671103356e-13	3.7472935361658837e-13
04	right_hand	18.0	1.0796356583328658e-13	3.273073761605859e-13
04	right_hand	19.0	9.985867472125318e-14	3.1320012228542586e-13
04	right_hand	20.0	9.593954076972521e-14	2.8466178861964605e-13
04	right_hand	21.0	9.6091769320836e-14	2.6639224495749267e-13
04	right_hand	22.0	8.766512976718232e-14	2.537536135351413e-13
04	right_hand	23.0	7.880882773905226e-14	2.336076392191709e-13
04	right_hand	24.0	7.255931740479926e-14	2.0521823966462198e-13
04	right_hand	25.0	6.596151040079264e-14	1.8245250102656827e-13
04	right_hand	26.0	5.871568623224215e-14	1.7864864491460528e-13
04	right_hand	27.0	4.970197924006568e-14	1.5999612822600258e-13
04	right_hand	28.0	4.439919011470819e-14	1.5326488444701148e-13
04	right_hand	29.0	4.1565351631897355e-14	1.5081540697876185e-13
04	right_hand	30.0	3.856928377407437e-14	1.4730591176282339e-13
04	right_hand	31.0	3.357704666670222e-14	1.271554968872369e-13
04	right_hand	32.0	3.0089135873618695e-14	1.1247869796223735e-13
04	right_hand	33.0	2.640829688933023e-14	1.0746879581578036e-13
04	right_hand	34.0	2.4875069926976204e-14	1.0184567755914012e-13
04	right_hand	35.0	2.5040941183289873e-14	1.0798847610080253e-13
04	right_hand	36.0	2.3619308149243354e-14	1.0128230340334586e-13
04	right_hand	37.0	2.245281002819355e-14	9.854668343855477e-14
04	right_hand	38.0	2.0791293301099022e-14	9.700795356525074e-14
04	right_hand	39.0	1.894650892499396e-14	8.825555982995086e-14
04	right_hand	40.0	1.8362089446788886e-14	8.728415815714236e-14
04	right_hand	41.0	1.8411175646602416e-14	8.80110766443034e-14
04	right_hand	42.0	1.8364948487921046e-14	9.000993977002301e-14
04	right_hand	43.0	1.6967872987123588e-14	9.140121619868197e-14
04	right_hand	44.0	1.723531230324923e-14	8.484101033547946e-14
04	right_hand	45.0	1.7177987924431788e-14	8.620462896442579e-14
04	right_hand	46.0	1.7211828252179478e-14	8.376723104657347e-14
04	right_hand	47.0	1.7108473810621614e-14	7.928324976657719e-14
04	right_hand	48.0	1.763439490368356e-14	8.501061159989525e-14
04	right_hand	49.0	1.8237189601112394e-13	9.285623049215779e-14
04	right_hand	50.0	6.188071312464845e-13	1.152120912162607e-13
04	right_hand	51.0	1.5403733136727044e-13	8.804926671831968e-14
04	right_hand	52.0	1.6897683642784938e-14	7.691404195697613e-14
04	right_hand	53.0	1.614318068503732e-14	7.676142038229538e-14
04	right_hand	54.0	1.6147381579285176e-14	7.600383836549008e-14
04	right_hand	55.0	1.5787403780651008e-14	7.183662419522079e-14
04	right_hand	56.0	1.570046057009004e-14	7.185425727449898e-14
04	right_hand	57.0	1.544406355980152e-14	6.687477111723824e-14
04	right_hand	58.0	1.389639753535567e-14	6.405328832301662e-14
04	right_hand	59.0	1.3747040905987007e-14	6.508736238459868e-14
04	right_hand	60.0	1.354392296917943e-14	6.10029993416461e-14
04	right_hand	61.0	1.308711152336644e-14	6.282570821353917e-14
04	right_hand	62.0	1.2353906797139878e-14	6.16029389543639e-14
04	right_hand	63.0	1.1454690746880087e-14	6.025374071913407e-14
04	right_hand	64.0	1.0704082667235074e-14	5.958027737205503e-14
04	right_hand	65.0	1.025238306043706e-14	5.691906807938845e-14
04	right_hand	66.0	9.962012091654669e-15	5.2804555254918445e-14
04	right_hand	67.0	8.902049931318155e-15	5.1749318943699183e-14
04	right_hand	68.0	7.954255905598722e-15	4.98171329442563e-14
04	right_hand	69.0	7.855896015866369e-15	5.09094161078876e-14
04	right_hand	70.0	7.296247195106434e-15	4.9275807283997035e-14
04	right_hand	71.0	6.95242383068447e-15	5.0020849885994904e-14
04	right_hand	72.0	6.308626677953814e-15	4.6826112194802505e-14
04	right_hand	73.0	6.2199494296908475e-15	4.5532106180868617e-14
04	right_hand	74.0	6.055246247011809e-15	4.544562758545102e-14
04	right_hand	75.0	6.038876326272306e-15	4.720980544965236e-14
04	right_hand	76.0	5.827284402942486e-15	4.722496026579839e-14
04	right_hand	77.0	5.3764975874089045e-15	4.4261249658993096e-14
04	right_hand	78.0	5.296885778238831e-15	4.425441294841474e-14
04	right_hand	79.0	5.3615829172222836e-15	4.5020273235688605e-14
04	right_hand	80.0	5.0869551516938826e-15	4.3090310476070043e-14
04	right_hand	81.0	4.983274747260475e-15	4.341433231279271e-14
04	right_hand	82.0	4.943002451642649e-15	4.5451051335423485e-14
04	right_hand	83.0	4.6973567583084014e-15	4.388042481110467e-14
04	right_hand	84.0	4.796243990790899e-15	4.114578061375732e-14
04	right_hand	85.0	4.819959761842906e-15	4.1440457167634916e-14
04	right_hand	86.0	4.6297475807733215e-15	4.2584297226576026e-14
04	right_hand	87.0	4.6012912123771464e-15	4.112586951052376e-14
04	right_hand	88.0	4.482670591429578e-15	3.7454045902206344e-14
04	right_hand	89.0	4.165937089707092e-15	3.881643696559777e-14
04	right_hand	90.0	4.0704384331759984e-15	4.1052696018565097e-14
04	right_hand	91.0	4.0013792033747135e-15	3.858636924796821e-14
04	right_hand	92.0	3.788715189529848e-15	3.551119121707817e-14
04	right_hand	93.0	3.832737081543379e-15	3.65937725931593e-14
04	right_hand	94.0	3.581444589481329e-15	3.6525907205586494e-14
04	right_hand	95.0	3.59441543745075e-15	3.5247296797667915e-14
04	right_hand	96.0	3.3939560093531754e-15	3.443378674745359e-14
04	right_hand	97.0	3.2476262433137926e-15	3.2342076862714924e-14
04	right_hand	98.0	3.3451265430398607e-15	3.4367768050444696e-14
04	right_hand	99.0	4.70444082812147e-15	3.5584570353500135e-14
04	right_hand	100.0	8.270969387239564e-15	3.2630698720998675e-14
04	right_hand	101.0	4.508500655643594e-15	3.4281696834609313e-14
04	right_hand	102.0	3.0491850848144964e-15	3.303653903293433e-14
04	right_hand	103.0	2.9593543178103914e-15	3.167209292664364e-14
04	right_hand	104.0	2.945077441560538e-15	3.1986140118082126e-14
04	right_hand	105.0	2.9052880435960732e-15	3.385179750168688e-14
04	right_hand	106.0	2.842060090199473e-15	3.090122129989785e-14
04	right_hand	107.0	2.7430364538381305e-15	3.0570583516775526e-14
04	right_hand	108.0	2.797328524101877e-15	2.97136321910028e-14
04	right_hand	109.0	2.7367784609556203e-15	2.8989752088015715e-14
04	right_hand	110.0	2.7124706836908115e-15	3.098174612712767e-14
04	right_hand	111.0	2.7504367145488086e-15	2.944070298958235e-14
04	right_hand	112.0	2.7210938016446645e-15	2.8592413201044227e-14
04	right_hand	113.0	2.732617363764465e-15	2.9784637232063016e-14
04	right_hand	114.0	2.635166938875423e-15	2.9451019687910574e-14
04	right_hand	115.0	2.664772165266188e-15	2.979003249699778e-14
04	right_hand	116.0	2.5863339974515995e-15	2.870976219678713e-14
04	right_hand	117.0	2.5869321816166592e-15	2.9629494181383285e-14
04	right_hand	118.0	2.567762712475734e-15	2.8671659870349104e-14
04	right_hand	119.0	2.6616908949903016e-15	2.7566141545915857e-14
04	right_hand	120.0	2.682347583393814e-15	2.7445220060955252e-14
04	right_hand	121.0	2.5602027914211053e-15	2.935607137055711e-14
04	right_hand	122.0	2.4506902977109315e-15	3.0234661595587485e-14
04	right_hand	123.0	2.5214302575811355e-15	2.9699922797898434e-14
04	right_hand	124.0	2.626913719900431e-15	2.893296033814246e-14
04	right_hand	125.0	1.343975794893124e-15	1.4439577863822236e-14
