subject	trial_id	session	run	role	true_label	prediction
sub-8	sub-8/ses-01/run-05/tsv-row-1	01	05	source_reference_query	rest	rest
sub-8	sub-8/ses-01/run-05/tsv-row-2	01	05	source_reference_query	right_hand	right_hand
sub-8	sub-8/ses-01/run-05/tsv-row-3	01	05	source_reference_query	right_hand	right_hand
sub-8	sub-8/ses-01/run-05/tsv-row-4	01	05	source_reference_query	rest	rest
sub-8	sub-8/ses-01/run-05/tsv-row-5	01	05	source_reference_query	rest	rest
sub-8	sub-8/ses-01/run-05/tsv-row-6	01	05	source_reference_query	right_hand	right_hand
sub-8	sub-8/ses-01/run-05/tsv-row-7	01	05	source_reference_query	right_hand	right_hand
sub-8	sub-8/ses-01/run-05/tsv-row-8	01	05	source_reference_query	rest	rest
sub-8	sub-8/ses-01/run-05/tsv-row-9	01	05	source_reference_query	right_hand	right_hand
sub-8	sub-8/ses-01/run-05/tsv-row-10	01	05	source_reference_query	rest	rest
sub-8	sub-8/ses-01/run-05/tsv-row-11	01	05	source_reference_query	right_hand	right_hand
sub-8	sub-8/ses-01/run-05/tsv-row-12	01	05	source_reference_query	rest	right_hand
sub-8	sub-8/ses-01/run-05/tsv-row-13	01	05	source_reference_query	rest	rest
sub-8	sub-8/ses-01/run-05/tsv-row-14	01	05	source_reference_query	right_hand	right_hand
sub-8	sub-8/ses-01/run-05/tsv-row-15	01	05	source_reference_query	rest	right_hand
sub-8	sub-8/ses-01/run-05/tsv-row-16	01	05	source_reference_query	right_hand	right_hand
sub-8	sub-8/ses-01/run-05/tsv-row-17	01	05	source_reference_query	rest	rest
sub-8	sub-8/ses-01/run-05/tsv-row-18	01	05	source_reference_query	right_hand	right_hand
sub-8	sub-8/ses-01/run-05/tsv-row-19	01	05	source_reference_query	rest	rest
sub-8	sub-8/ses-01/run-05/tsv-row-20	01	05	source_reference_query	right_hand	right_hand
sub-8	sub-8/ses-01/run-05/tsv-row-21	01	05	source_reference_query	right_hand	right_hand
sub-8	sub-8/ses-01/run-05/tsv-row-22	01	05	source_reference_query	rest	rest
sub-8	sub-8/ses-01/run-05/tsv-row-23	01	05	source_reference_query	right_hand	right_hand
sub-8	sub-8/ses-01/run-05/tsv-row-24	01	05	source_reference_query	rest	rest
sub-8	sub-8/ses-01/run-05/tsv-row-25	01	05	source_reference_query	right_hand	rest
sub-8	sub-8/ses-01/run-05/tsv-row-26	01	05	source_reference_query	rest	rest
sub-8	sub-8/ses-01/run-05/tsv-row-27	01	05	source_reference_query	right_hand	right_hand
sub-8	sub-8/ses-01/run-05/tsv-row-28	01	05	source_reference_query	rest	right_hand
sub-8	sub-8/ses-01/run-05/tsv-row-29	01	05	source_reference_query	right_hand	right_hand
sub-8	sub-8/ses-01/run-05/tsv-row-30	01	05	source_reference_query	rest	right_hand
sub-8	sub-8/ses-01/run-05/tsv-row-31	01	05	source_reference_query	right_hand	rest
sub-8	sub-8/ses-01/run-05/tsv-row-32	01	05	source_reference_query	rest	rest
sub-8	sub-8/ses-01/run-06/tsv-row-1	01	06	source_reference_query	rest	right_hand
sub-8	sub-8/ses-01/run-06/tsv-row-2	01	06	source_reference_query	right_hand	right_hand
sub-8	sub-8/ses-01/run-06/tsv-row-3	01	06	source_reference_query	right_hand	right_hand
sub-8	sub-8/ses-01/run-06/tsv-row-4	01	06	source_reference_query	rest	rest
sub-8	sub-8/ses-01/run-06/tsv-row-5	01	06	source_reference_query	rest	rest
sub-8	sub-8/ses-01/run-06/tsv-row-6	01	06	source_reference_query	right_hand	right_hand
sub-8	sub-8/ses-01/run-06/tsv-row-7	01	06	source_reference_query	right_hand	right_hand
sub-8	sub-8/ses-01/run-06/tsv-row-8	01	06	source_reference_query	rest	rest
sub-8	sub-8/ses-01/run-06/tsv-row-9	01	06	source_reference_query	rest	rest
sub-8	sub-8/ses-01/run-06/tsv-row-10	01	06	source_reference_query	right_hand	right_hand
sub-8	sub-8/ses-01/run-06/tsv-row-11	01	06	source_reference_query	right_hand	right_hand
sub-8	sub-8/ses-01/run-06/tsv-row-12	01	06	source_reference_query	rest	rest
sub-8	sub-8/ses-01/run-06/tsv-row-13	01	06	source_reference_query	right_hand	right_hand
sub-8	sub-8/ses-01/run-06/tsv-row-14	01	06	source_reference_query	rest	rest
sub-8	sub-8/ses-01/run-06/tsv-row-15	01	06	source_reference_query	right_hand	rest
sub-8	sub-8/ses-01/run-06/tsv-row-16	01	06	source_reference_query	rest	rest
sub-8	sub-8/ses-01/run-06/tsv-row-17	01	06	source_reference_query	right_hand	right_hand
sub-8	sub-8/ses-01/run-06/tsv-row-18	01	06	source_reference_query	right_hand	right_hand
sub-8	sub-8/ses-01/run-06/tsv-row-19	01	06	source_reference_query	rest	right_hand
sub-8	sub-8/ses-01/run-06/tsv-row-20	01	06	source_reference_query	right_hand	right_hand
sub-8	sub-8/ses-01/run-06/tsv-row-21	01	06	source_reference_query	rest	right_hand
sub-8	sub-8/ses-01/run-06/tsv-row-22	01	06	source_reference_query	rest	rest
sub-8	sub-8/ses-01/run-06/tsv-row-23	01	06	source_reference_query	right_hand	right_hand
sub-8	sub-8/ses-01/run-06/tsv-row-24	01	06	source_reference_query	right_hand	right_hand
sub-8	sub-8/ses-01/run-06/tsv-row-25	01	06	source_reference_query	rest	rest
sub-8	sub-8/ses-01/run-06/tsv-row-26	01	06	source_reference_query	rest	right_hand
sub-8	sub-8/ses-01/run-06/tsv-row-27	01	06	source_reference_query	right_hand	right_hand
sub-8	sub-8/ses-01/run-06/tsv-row-28	01	06	source_reference_query	right_hand	rest
sub-8	sub-8/ses-01/run-06/tsv-row-29	01	06	source_reference_query	rest	rest
sub-8	sub-8/ses-01/run-06/tsv-row-30	01	06	source_reference_query	right_hand	right_hand
sub-8	sub-8/ses-01/run-06/tsv-row-31	01	06	source_reference_query	rest	right_hand
sub-8	sub-8/ses-02/run-01/tsv-row-1	02	01	validation_no_selection	rest	rest
sub-8	sub-8/ses-02/run-01/tsv-row-2	02	01	validation_no_selection	right_hand	rest
sub-8	sub-8/ses-02/run-01/tsv-row-3	02	01	validation_no_selection	rest	rest
sub-8	sub-8/ses-02/run-01/tsv-row-4	02	01	validation_no_selection	right_hand	rest
sub-8	sub-8/ses-02/run-01/tsv-row-5	02	01	validation_no_selection	right_hand	rest
sub-8	sub-8/ses-02/run-01/tsv-row-6	02	01	validation_no_selection	rest	rest
sub-8	sub-8/ses-02/run-01/tsv-row-7	02	01	validation_no_selection	right_hand	rest
sub-8	sub-8/ses-02/run-01/tsv-row-8	02	01	validation_no_selection	rest	rest
sub-8	sub-8/ses-02/run-01/tsv-row-9	02	01	validation_no_selection	rest	rest
sub-8	sub-8/ses-02/run-01/tsv-row-10	02	01	validation_no_selection	right_hand	rest
sub-8	sub-8/ses-02/run-01/tsv-row-11	02	01	validation_no_selection	rest	rest
sub-8	sub-8/ses-02/run-01/tsv-row-12	02	01	validation_no_selection	right_hand	rest
sub-8	sub-8/ses-02/run-01/tsv-row-13	02	01	validation_no_selection	rest	rest
sub-8	sub-8/ses-02/run-01/tsv-row-14	02	01	validation_no_selection	right_hand	rest
sub-8	sub-8/ses-02/run-01/tsv-row-15	02	01	validation_no_selection	right_hand	rest
sub-8	sub-8/ses-02/run-01/tsv-row-16	02	01	validation_no_selection	rest	rest
sub-8	sub-8/ses-02/run-01/tsv-row-17	02	01	validation_no_selection	right_hand	rest
sub-8	sub-8/ses-02/run-01/tsv-row-18	02	01	validation_no_selection	rest	rest
sub-8	sub-8/ses-02/run-01/tsv-row-19	02	01	validation_no_selection	right_hand	rest
sub-8	sub-8/ses-02/run-01/tsv-row-20	02	01	validation_no_selection	rest	rest
sub-8	sub-8/ses-02/run-01/tsv-row-21	02	01	validation_no_selection	rest	rest
sub-8	sub-8/ses-02/run-01/tsv-row-22	02	01	validation_no_selection	right_hand	rest
sub-8	sub-8/ses-02/run-01/tsv-row-23	02	01	validation_no_selection	right_hand	rest
sub-8	sub-8/ses-02/run-01/tsv-row-24	02	01	validation_no_selection	rest	rest
sub-8	sub-8/ses-02/run-01/tsv-row-25	02	01	validation_no_selection	rest	rest
sub-8	sub-8/ses-02/run-01/tsv-row-26	02	01	validation_no_selection	right_hand	rest
sub-8	sub-8/ses-02/run-01/tsv-row-27	02	01	validation_no_selection	rest	rest
sub-8	sub-8/ses-02/run-01/tsv-row-28	02	01	validation_no_selection	right_hand	rest
sub-8	sub-8/ses-02/run-01/tsv-row-29	02	01	validation_no_selection	rest	rest
sub-8	sub-8/ses-02/run-01/tsv-row-30	02	01	validation_no_selection	right_hand	rest
sub-8	sub-8/ses-02/run-01/tsv-row-31	02	01	validation_no_selection	rest	rest
sub-8	sub-8/ses-02/run-01/tsv-row-32	02	01	validation_no_selection	right_hand	rest
sub-8	sub-8/ses-02/run-02/tsv-row-1	02	02	validation_no_selection	rest	rest
sub-8	sub-8/ses-02/run-02/tsv-row-2	02	02	validation_no_selection	right_hand	rest
sub-8	sub-8/ses-02/run-02/tsv-row-3	02	02	validation_no_selection	right_hand	rest
sub-8	sub-8/ses-02/run-02/tsv-row-4	02	02	validation_no_selection	rest	rest
sub-8	sub-8/ses-02/run-02/tsv-row-5	02	02	validation_no_selection	rest	rest
sub-8	sub-8/ses-02/run-02/tsv-row-6	02	02	validation_no_selection	right_hand	rest
sub-8	sub-8/ses-02/run-02/tsv-row-7	02	02	validation_no_selection	rest	rest
sub-8	sub-8/ses-02/run-02/tsv-row-8	02	02	validation_no_selection	right_hand	rest
sub-8	sub-8/ses-02/run-02/tsv-row-9	02	02	validation_no_selection	rest	rest
sub-8	sub-8/ses-02/run-02/tsv-row-10	02	02	validation_no_selection	right_hand	rest
sub-8	sub-8/ses-02/run-02/tsv-row-11	02	02	validation_no_selection	rest	rest
sub-8	sub-8/ses-02/run-02/tsv-row-12	02	02	validation_no_selection	right_hand	rest
sub-8	sub-8/ses-02/run-02/tsv-row-13	02	02	validation_no_selection	rest	rest
sub-8	sub-8/ses-02/run-02/tsv-row-14	02	02	validation_no_selection	right_hand	rest
sub-8	sub-8/ses-02/run-02/tsv-row-15	02	02	validation_no_selection	rest	rest
sub-8	sub-8/ses-02/run-02/tsv-row-16	02	02	validation_no_selection	right_hand	rest
sub-8	sub-8/ses-02/run-02/tsv-row-17	02	02	validation_no_selection	right_hand	rest
sub-8	sub-8/ses-02/run-02/tsv-row-18	02	02	validation_no_selection	rest	rest
sub-8	sub-8/ses-02/run-02/tsv-row-19	02	02	validation_no_selection	right_hand	right_hand
sub-8	sub-8/ses-02/run-02/tsv-row-20	02	02	validation_no_selection	rest	rest
sub-8	sub-8/ses-02/run-02/tsv-row-21	02	02	validation_no_selection	right_hand	right_hand
sub-8	sub-8/ses-02/run-02/tsv-row-22	02	02	validation_no_selection	rest	rest
sub-8	sub-8/ses-02/run-02/tsv-row-23	02	02	validation_no_selection	rest	rest
sub-8	sub-8/ses-02/run-02/tsv-row-24	02	02	validation_no_selection	right_hand	rest
sub-8	sub-8/ses-02/run-02/tsv-row-25	02	02	validation_no_selection	right_hand	rest
sub-8	sub-8/ses-02/run-02/tsv-row-26	02	02	validation_no_selection	rest	rest
sub-8	sub-8/ses-02/run-02/tsv-row-27	02	02	validation_no_selection	right_hand	rest
sub-8	sub-8/ses-02/run-02/tsv-row-28	02	02	validation_no_selection	rest	rest
sub-8	sub-8/ses-02/run-02/tsv-row-29	02	02	validation_no_selection	right_hand	rest
sub-8	sub-8/ses-02/run-02/tsv-row-30	02	02	validation_no_selection	rest	rest
sub-8	sub-8/ses-02/run-02/tsv-row-31	02	02	validation_no_selection	right_hand	rest
sub-8	sub-8/ses-02/run-02/tsv-row-32	02	02	validation_no_selection	rest	rest
sub-8	sub-8/ses-02/run-03/tsv-row-1	02	03	validation_no_selection	right_hand	rest
sub-8	sub-8/ses-02/run-03/tsv-row-2	02	03	validation_no_selection	rest	rest
sub-8	sub-8/ses-02/run-03/tsv-row-3	02	03	validation_no_selection	rest	right_hand
sub-8	sub-8/ses-02/run-03/tsv-row-4	02	03	validation_no_selection	right_hand	rest
sub-8	sub-8/ses-02/run-03/tsv-row-5	02	03	validation_no_selection	right_hand	rest
sub-8	sub-8/ses-02/run-03/tsv-row-6	02	03	validation_no_selection	rest	rest
sub-8	sub-8/ses-02/run-03/tsv-row-7	02	03	validation_no_selection	right_hand	rest
sub-8	sub-8/ses-02/run-03/tsv-row-8	02	03	validation_no_selection	rest	rest
sub-8	sub-8/ses-02/run-03/tsv-row-9	02	03	validation_no_selection	rest	rest
sub-8	sub-8/ses-02/run-03/tsv-row-10	02	03	validation_no_selection	right_hand	rest
sub-8	sub-8/ses-02/run-03/tsv-row-11	02	03	validation_no_selection	right_hand	rest
sub-8	sub-8/ses-02/run-03/tsv-row-12	02	03	validation_no_selection	rest	rest
sub-8	sub-8/ses-02/run-03/tsv-row-13	02	03	validation_no_selection	rest	rest
sub-8	sub-8/ses-02/run-03/tsv-row-14	02	03	validation_no_selection	right_hand	rest
sub-8	sub-8/ses-02/run-03/tsv-row-15	02	03	validation_no_selection	rest	rest
sub-8	sub-8/ses-02/run-03/tsv-row-16	02	03	validation_no_selection	right_hand	rest
sub-8	sub-8/ses-02/run-03/tsv-row-17	02	03	validation_no_selection	right_hand	rest
sub-8	sub-8/ses-02/run-03/tsv-row-18	02	03	validation_no_selection	rest	rest
sub-8	sub-8/ses-02/run-03/tsv-row-19	02	03	validation_no_selection	right_hand	rest
sub-8	sub-8/ses-02/run-03/tsv-row-20	02	03	validation_no_selection	rest	rest
sub-8	sub-8/ses-02/run-03/tsv-row-21	02	03	validation_no_selection	right_hand	rest
sub-8	sub-8/ses-02/run-03/tsv-row-22	02	03	validation_no_selection	rest	rest
sub-8	sub-8/ses-02/run-03/tsv-row-23	02	03	validation_no_selection	right_hand	right_hand
sub-8	sub-8/ses-02/run-03/tsv-row-24	02	03	validation_no_selection	rest	rest
sub-8	sub-8/ses-02/run-03/tsv-row-25	02	03	validation_no_selection	right_hand	rest
sub-8	sub-8/ses-02/run-03/tsv-row-26	02	03	validation_no_selection	rest	rest
sub-8	sub-8/ses-02/run-03/tsv-row-27	02	03	validation_no_selection	rest	rest
sub-8	sub-8/ses-02/run-03/tsv-row-28	02	03	validation_no_selection	right_hand	rest
sub-8	sub-8/ses-02/run-03/tsv-row-29	02	03	validation_no_selection	rest	rest
sub-8	sub-8/ses-02/run-03/tsv-row-30	02	03	validation_no_selection	right_hand	rest
sub-8	sub-8/ses-02/run-03/tsv-row-31	02	03	validation_no_selection	right_hand	rest
sub-8	sub-8/ses-02/run-03/tsv-row-32	02	03	validation_no_selection	rest	rest
sub-8	sub-8/ses-02/run-04/tsv-row-1	02	04	validation_no_selection	right_hand	right_hand
sub-8	sub-8/ses-02/run-04/tsv-row-2	02	04	validation_no_selection	rest	rest
sub-8	sub-8/ses-02/run-04/tsv-row-3	02	04	validation_no_selection	rest	rest
sub-8	sub-8/ses-02/run-04/tsv-row-4	02	04	validation_no_selection	right_hand	right_hand
sub-8	sub-8/ses-02/run-04/tsv-row-5	02	04	validation_no_selection	right_hand	rest
sub-8	sub-8/ses-02/run-04/tsv-row-6	02	04	validation_no_selection	rest	rest
sub-8	sub-8/ses-02/run-04/tsv-row-7	02	04	validation_no_selection	rest	right_hand
sub-8	sub-8/ses-02/run-04/tsv-row-8	02	04	validation_no_selection	right_hand	rest
sub-8	sub-8/ses-02/run-04/tsv-row-9	02	04	validation_no_selection	rest	right_hand
sub-8	sub-8/ses-02/run-04/tsv-row-10	02	04	validation_no_selection	right_hand	rest
sub-8	sub-8/ses-02/run-04/tsv-row-11	02	04	validation_no_selection	right_hand	rest
sub-8	sub-8/ses-02/run-04/tsv-row-12	02	04	validation_no_selection	rest	rest
sub-8	sub-8/ses-02/run-04/tsv-row-13	02	04	validation_no_selection	rest	rest
sub-8	sub-8/ses-02/run-04/tsv-row-14	02	04	validation_no_selection	right_hand	rest
sub-8	sub-8/ses-02/run-04/tsv-row-15	02	04	validation_no_selection	rest	rest
sub-8	sub-8/ses-02/run-04/tsv-row-16	02	04	validation_no_selection	right_hand	rest
sub-8	sub-8/ses-02/run-04/tsv-row-17	02	04	validation_no_selection	rest	rest
sub-8	sub-8/ses-02/run-04/tsv-row-18	02	04	validation_no_selection	right_hand	rest
sub-8	sub-8/ses-02/run-04/tsv-row-19	02	04	validation_no_selection	rest	rest
sub-8	sub-8/ses-02/run-04/tsv-row-20	02	04	validation_no_selection	right_hand	right_hand
sub-8	sub-8/ses-02/run-04/tsv-row-21	02	04	validation_no_selection	right_hand	rest
sub-8	sub-8/ses-02/run-04/tsv-row-22	02	04	validation_no_selection	rest	rest
sub-8	sub-8/ses-02/run-04/tsv-row-23	02	04	validation_no_selection	rest	rest
sub-8	sub-8/ses-02/run-04/tsv-row-24	02	04	validation_no_selection	right_hand	right_hand
sub-8	sub-8/ses-02/run-04/tsv-row-25	02	04	validation_no_selection	rest	rest
sub-8	sub-8/ses-02/run-04/tsv-row-26	02	04	validation_no_selection	right_hand	rest
sub-8	sub-8/ses-02/run-04/tsv-row-27	02	04	validation_no_selection	rest	rest
sub-8	sub-8/ses-02/run-04/tsv-row-28	02	04	validation_no_selection	right_hand	rest
sub-8	sub-8/ses-02/run-04/tsv-row-29	02	04	validation_no_selection	right_hand	rest
sub-8	sub-8/ses-02/run-04/tsv-row-30	02	04	validation_no_selection	rest	rest
sub-8	sub-8/ses-02/run-04/tsv-row-31	02	04	validation_no_selection	right_hand	rest
sub-8	sub-8/ses-02/run-04/tsv-row-32	02	04	validation_no_selection	rest	rest
sub-8	sub-8/ses-02/run-05/tsv-row-1	02	05	validation_no_selection	right_hand	rest
sub-8	sub-8/ses-02/run-05/tsv-row-2	02	05	validation_no_selection	rest	rest
sub-8	sub-8/ses-02/run-05/tsv-row-3	02	05	validation_no_selection	rest	rest
sub-8	sub-8/ses-02/run-05/tsv-row-4	02	05	validation_no_selection	right_hand	right_hand
sub-8	sub-8/ses-02/run-05/tsv-row-5	02	05	validation_no_selection	rest	rest
sub-8	sub-8/ses-02/run-05/tsv-row-6	02	05	validation_no_selection	right_hand	right_hand
sub-8	sub-8/ses-02/run-05/tsv-row-7	02	05	validation_no_selection	right_hand	rest
sub-8	sub-8/ses-02/run-05/tsv-row-8	02	05	validation_no_selection	rest	right_hand
sub-8	sub-8/ses-02/run-05/tsv-row-9	02	05	validation_no_selection	right_hand	rest
sub-8	sub-8/ses-02/run-05/tsv-row-10	02	05	validation_no_selection	rest	rest
sub-8	sub-8/ses-02/run-05/tsv-row-11	02	05	validation_no_selection	right_hand	right_hand
sub-8	sub-8/ses-02/run-05/tsv-row-12	02	05	validation_no_selection	rest	rest
sub-8	sub-8/ses-02/run-05/tsv-row-13	02	05	validation_no_selection	rest	rest
sub-8	sub-8/ses-02/run-05/tsv-row-14	02	05	validation_no_selection	right_hand	rest
sub-8	sub-8/ses-02/run-05/tsv-row-15	02	05	validation_no_selection	right_hand	right_hand
sub-8	sub-8/ses-02/run-05/tsv-row-16	02	05	validation_no_selection	rest	rest
sub-8	sub-8/ses-02/run-05/tsv-row-17	02	05	validation_no_selection	rest	rest
sub-8	sub-8/ses-02/run-05/tsv-row-18	02	05	validation_no_selection	right_hand	rest
sub-8	sub-8/ses-02/run-05/tsv-row-19	02	05	validation_no_selection	rest	right_hand
sub-8	sub-8/ses-02/run-05/tsv-row-20	02	05	validation_no_selection	right_hand	right_hand
sub-8	sub-8/ses-02/run-05/tsv-row-21	02	05	validation_no_selection	rest	rest
sub-8	sub-8/ses-02/run-05/tsv-row-22	02	05	validation_no_selection	right_hand	rest
sub-8	sub-8/ses-02/run-05/tsv-row-23	02	05	validation_no_selection	right_hand	rest
sub-8	sub-8/ses-02/run-05/tsv-row-24	02	05	validation_no_selection	rest	rest
sub-8	sub-8/ses-02/run-05/tsv-row-25	02	05	validation_no_selection	rest	rest
sub-8	sub-8/ses-02/run-05/tsv-row-26	02	05	validation_no_selection	right_hand	rest
sub-8	sub-8/ses-02/run-05/tsv-row-27	02	05	validation_no_selection	right_hand	rest
sub-8	sub-8/ses-02/run-05/tsv-row-28	02	05	validation_no_selection	rest	rest
sub-8	sub-8/ses-02/run-05/tsv-row-29	02	05	validation_no_selection	right_hand	rest
sub-8	sub-8/ses-02/run-05/tsv-row-30	02	05	validation_no_selection	rest	rest
sub-8	sub-8/ses-02/run-05/tsv-row-31	02	05	validation_no_selection	right_hand	right_hand
sub-8	sub-8/ses-02/run-05/tsv-row-32	02	05	validation_no_selection	rest	rest
sub-8	sub-8/ses-02/run-06/tsv-row-1	02	06	validation_no_selection	rest	rest
sub-8	sub-8/ses-02/run-06/tsv-row-2	02	06	validation_no_selection	right_hand	rest
sub-8	sub-8/ses-02/run-06/tsv-row-3	02	06	validation_no_selection	rest	rest
sub-8	sub-8/ses-02/run-06/tsv-row-4	02	06	validation_no_selection	right_hand	right_hand
sub-8	sub-8/ses-02/run-06/tsv-row-5	02	06	validation_no_selection	rest	rest
sub-8	sub-8/ses-02/run-06/tsv-row-6	02	06	validation_no_selection	right_hand	rest
sub-8	sub-8/ses-02/run-06/tsv-row-7	02	06	validation_no_selection	rest	rest
sub-8	sub-8/ses-02/run-06/tsv-row-8	02	06	validation_no_selection	right_hand	right_hand
sub-8	sub-8/ses-02/run-06/tsv-row-9	02	06	validation_no_selection	right_hand	rest
sub-8	sub-8/ses-02/run-06/tsv-row-10	02	06	validation_no_selection	rest	rest
sub-8	sub-8/ses-02/run-06/tsv-row-11	02	06	validation_no_selection	right_hand	right_hand
sub-8	sub-8/ses-02/run-06/tsv-row-12	02	06	validation_no_selection	rest	rest
sub-8	sub-8/ses-02/run-06/tsv-row-13	02	06	validation_no_selection	rest	rest
sub-8	sub-8/ses-02/run-06/tsv-row-14	02	06	validation_no_selection	right_hand	right_hand
sub-8	sub-8/ses-02/run-06/tsv-row-15	02	06	validation_no_selection	right_hand	right_hand
sub-8	sub-8/ses-02/run-06/tsv-row-16	02	06	validation_no_selection	rest	rest
sub-8	sub-8/ses-02/run-06/tsv-row-17	02	06	validation_no_selection	right_hand	right_hand
sub-8	sub-8/ses-02/run-06/tsv-row-18	02	06	validation_no_selection	rest	rest
sub-8	sub-8/ses-02/run-06/tsv-row-19	02	06	validation_no_selection	rest	right_hand
sub-8	sub-8/ses-02/run-06/tsv-row-20	02	06	validation_no_selection	right_hand	right_hand
sub-8	sub-8/ses-02/run-06/tsv-row-21	02	06	validation_no_selection	rest	rest
sub-8	sub-8/ses-02/run-06/tsv-row-22	02	06	validation_no_selection	right_hand	rest
sub-8	sub-8/ses-02/run-06/tsv-row-23	02	06	validation_no_selection	right_hand	rest
sub-8	sub-8/ses-02/run-06/tsv-row-24	02	06	validation_no_selection	rest	rest
sub-8	sub-8/ses-02/run-06/tsv-row-25	02	06	validation_no_selection	right_hand	rest
sub-8	sub-8/ses-02/run-06/tsv-row-26	02	06	validation_no_selection	rest	rest
sub-8	sub-8/ses-02/run-06/tsv-row-27	02	06	validation_no_selection	right_hand	rest
sub-8	sub-8/ses-02/run-06/tsv-row-28	02	06	validation_no_selection	rest	right_hand
sub-8	sub-8/ses-02/run-06/tsv-row-29	02	06	validation_no_selection	right_hand	right_hand
sub-8	sub-8/ses-02/run-06/tsv-row-30	02	06	validation_no_selection	rest	rest
sub-8	sub-8/ses-02/run-06/tsv-row-31	02	06	validation_no_selection	rest	rest
sub-8	sub-8/ses-02/run-06/tsv-row-32	02	06	validation_no_selection	right_hand	rest
sub-8	sub-8/ses-03/run-01/tsv-row-1	03	01	test_exploratory	rest	right_hand
sub-8	sub-8/ses-03/run-01/tsv-row-2	03	01	test_exploratory	right_hand	rest
sub-8	sub-8/ses-03/run-01/tsv-row-3	03	01	test_exploratory	rest	right_hand
sub-8	sub-8/ses-03/run-01/tsv-row-4	03	01	test_exploratory	right_hand	right_hand
sub-8	sub-8/ses-03/run-01/tsv-row-5	03	01	test_exploratory	rest	right_hand
sub-8	sub-8/ses-03/run-01/tsv-row-6	03	01	test_exploratory	right_hand	right_hand
sub-8	sub-8/ses-03/run-01/tsv-row-7	03	01	test_exploratory	right_hand	right_hand
sub-8	sub-8/ses-03/run-01/tsv-row-8	03	01	test_exploratory	rest	rest
sub-8	sub-8/ses-03/run-01/tsv-row-9	03	01	test_exploratory	rest	rest
sub-8	sub-8/ses-03/run-01/tsv-row-10	03	01	test_exploratory	right_hand	rest
sub-8	sub-8/ses-03/run-01/tsv-row-11	03	01	test_exploratory	rest	right_hand
sub-8	sub-8/ses-03/run-01/tsv-row-12	03	01	test_exploratory	right_hand	right_hand
sub-8	sub-8/ses-03/run-01/tsv-row-13	03	01	test_exploratory	rest	rest
sub-8	sub-8/ses-03/run-01/tsv-row-14	03	01	test_exploratory	right_hand	rest
sub-8	sub-8/ses-03/run-01/tsv-row-15	03	01	test_exploratory	right_hand	rest
sub-8	sub-8/ses-03/run-01/tsv-row-16	03	01	test_exploratory	rest	rest
sub-8	sub-8/ses-03/run-01/tsv-row-17	03	01	test_exploratory	rest	rest
sub-8	sub-8/ses-03/run-01/tsv-row-18	03	01	test_exploratory	right_hand	right_hand
sub-8	sub-8/ses-03/run-01/tsv-row-19	03	01	test_exploratory	right_hand	rest
sub-8	sub-8/ses-03/run-01/tsv-row-20	03	01	test_exploratory	rest	rest
sub-8	sub-8/ses-03/run-01/tsv-row-21	03	01	test_exploratory	rest	rest
sub-8	sub-8/ses-03/run-01/tsv-row-22	03	01	test_exploratory	right_hand	rest
sub-8	sub-8/ses-03/run-01/tsv-row-23	03	01	test_exploratory	rest	rest
sub-8	sub-8/ses-03/run-01/tsv-row-24	03	01	test_exploratory	right_hand	rest
sub-8	sub-8/ses-03/run-01/tsv-row-25	03	01	test_exploratory	rest	right_hand
sub-8	sub-8/ses-03/run-01/tsv-row-26	03	01	test_exploratory	right_hand	right_hand
sub-8	sub-8/ses-03/run-01/tsv-row-27	03	01	test_exploratory	rest	rest
sub-8	sub-8/ses-03/run-01/tsv-row-28	03	01	test_exploratory	right_hand	right_hand
sub-8	sub-8/ses-03/run-01/tsv-row-29	03	01	test_exploratory	right_hand	rest
sub-8	sub-8/ses-03/run-01/tsv-row-30	03	01	test_exploratory	rest	rest
sub-8	sub-8/ses-03/run-01/tsv-row-31	03	01	test_exploratory	right_hand	rest
sub-8	sub-8/ses-03/run-01/tsv-row-32	03	01	test_exploratory	rest	rest
sub-8	sub-8/ses-03/run-02/tsv-row-1	03	02	test_exploratory	right_hand	rest
sub-8	sub-8/ses-03/run-02/tsv-row-2	03	02	test_exploratory	rest	rest
sub-8	sub-8/ses-03/run-02/tsv-row-3	03	02	test_exploratory	right_hand	right_hand
sub-8	sub-8/ses-03/run-02/tsv-row-4	03	02	test_exploratory	rest	rest
sub-8	sub-8/ses-03/run-02/tsv-row-5	03	02	test_exploratory	rest	rest
sub-8	sub-8/ses-03/run-02/tsv-row-6	03	02	test_exploratory	right_hand	rest
sub-8	sub-8/ses-03/run-02/tsv-row-7	03	02	test_exploratory	right_hand	right_hand
sub-8	sub-8/ses-03/run-02/tsv-row-8	03	02	test_exploratory	rest	right_hand
sub-8	sub-8/ses-03/run-02/tsv-row-9	03	02	test_exploratory	right_hand	rest
sub-8	sub-8/ses-03/run-02/tsv-row-10	03	02	test_exploratory	rest	right_hand
sub-8	sub-8/ses-03/run-02/tsv-row-11	03	02	test_exploratory	right_hand	right_hand
sub-8	sub-8/ses-03/run-02/tsv-row-12	03	02	test_exploratory	rest	right_hand
sub-8	sub-8/ses-03/run-02/tsv-row-13	03	02	test_exploratory	rest	right_hand
sub-8	sub-8/ses-03/run-02/tsv-row-14	03	02	test_exploratory	right_hand	right_hand
sub-8	sub-8/ses-03/run-02/tsv-row-15	03	02	test_exploratory	rest	right_hand
sub-8	sub-8/ses-03/run-02/tsv-row-16	03	02	test_exploratory	right_hand	right_hand
sub-8	sub-8/ses-03/run-02/tsv-row-17	03	02	test_exploratory	right_hand	rest
sub-8	sub-8/ses-03/run-02/tsv-row-18	03	02	test_exploratory	rest	rest
sub-8	sub-8/ses-03/run-02/tsv-row-19	03	02	test_exploratory	rest	rest
sub-8	sub-8/ses-03/run-02/tsv-row-20	03	02	test_exploratory	right_hand	right_hand
sub-8	sub-8/ses-03/run-02/tsv-row-21	03	02	test_exploratory	right_hand	rest
sub-8	sub-8/ses-03/run-02/tsv-row-22	03	02	test_exploratory	rest	right_hand
sub-8	sub-8/ses-03/run-02/tsv-row-23	03	02	test_exploratory	right_hand	right_hand
sub-8	sub-8/ses-03/run-02/tsv-row-24	03	02	test_exploratory	rest	rest
sub-8	sub-8/ses-03/run-02/tsv-row-25	03	02	test_exploratory	right_hand	rest
sub-8	sub-8/ses-03/run-02/tsv-row-26	03	02	test_exploratory	rest	right_hand
sub-8	sub-8/ses-03/run-02/tsv-row-27	03	02	test_exploratory	rest	right_hand
sub-8	sub-8/ses-03/run-02/tsv-row-28	03	02	test_exploratory	right_hand	right_hand
sub-8	sub-8/ses-03/run-02/tsv-row-29	03	02	test_exploratory	rest	right_hand
sub-8	sub-8/ses-03/run-02/tsv-row-30	03	02	test_exploratory	right_hand	right_hand
sub-8	sub-8/ses-03/run-02/tsv-row-31	03	02	test_exploratory	rest	rest
sub-8	sub-8/ses-03/run-02/tsv-row-32	03	02	test_exploratory	right_hand	rest
sub-8	sub-8/ses-03/run-03/tsv-row-1	03	03	test_exploratory	right_hand	right_hand
sub-8	sub-8/ses-03/run-03/tsv-row-2	03	03	test_exploratory	rest	right_hand
sub-8	sub-8/ses-03/run-03/tsv-row-3	03	03	test_exploratory	rest	right_hand
sub-8	sub-8/ses-03/run-03/tsv-row-4	03	03	test_exploratory	right_hand	right_hand
sub-8	sub-8/ses-03/run-03/tsv-row-5	03	03	test_exploratory	right_hand	right_hand
sub-8	sub-8/ses-03/run-03/tsv-row-6	03	03	test_exploratory	rest	right_hand
sub-8	sub-8/ses-03/run-03/tsv-row-7	03	03	test_exploratory	right_hand	right_hand
sub-8	sub-8/ses-03/run-03/tsv-row-8	03	03	test_exploratory	rest	rest
sub-8	sub-8/ses-03/run-03/tsv-row-9	03	03	test_exploratory	rest	right_hand
sub-8	sub-8/ses-03/run-03/tsv-row-10	03	03	test_exploratory	right_hand	rest
sub-8	sub-8/ses-03/run-03/tsv-row-11	03	03	test_exploratory	right_hand	right_hand
sub-8	sub-8/ses-03/run-03/tsv-row-12	03	03	test_exploratory	rest	rest
sub-8	sub-8/ses-03/run-03/tsv-row-13	03	03	test_exploratory	right_hand	right_hand
sub-8	sub-8/ses-03/run-03/tsv-row-14	03	03	test_exploratory	rest	right_hand
sub-8	sub-8/ses-03/run-03/tsv-row-15	03	03	test_exploratory	rest	right_hand
sub-8	sub-8/ses-03/run-03/tsv-row-16	03	03	test_exploratory	right_hand	right_hand
sub-8	sub-8/ses-03/run-03/tsv-row-17	03	03	test_exploratory	rest	rest
sub-8	sub-8/ses-03/run-03/tsv-row-18	03	03	test_exploratory	right_hand	rest
sub-8	sub-8/ses-03/run-03/tsv-row-19	03	03	test_exploratory	right_hand	right_hand
sub-8	sub-8/ses-03/run-03/tsv-row-20	03	03	test_exploratory	rest	right_hand
sub-8	sub-8/ses-03/run-03/tsv-row-21	03	03	test_exploratory	right_hand	right_hand
sub-8	sub-8/ses-03/run-03/tsv-row-22	03	03	test_exploratory	rest	right_hand
sub-8	sub-8/ses-03/run-03/tsv-row-23	03	03	test_exploratory	rest	right_hand
sub-8	sub-8/ses-03/run-03/tsv-row-24	03	03	test_exploratory	right_hand	right_hand
sub-8	sub-8/ses-03/run-03/tsv-row-25	03	03	test_exploratory	right_hand	right_hand
sub-8	sub-8/ses-03/run-03/tsv-row-26	03	03	test_exploratory	rest	rest
sub-8	sub-8/ses-03/run-03/tsv-row-27	03	03	test_exploratory	right_hand	rest
sub-8	sub-8/ses-03/run-03/tsv-row-28	03	03	test_exploratory	rest	rest
sub-8	sub-8/ses-03/run-03/tsv-row-29	03	03	test_exploratory	rest	rest
sub-8	sub-8/ses-03/run-03/tsv-row-30	03	03	test_exploratory	right_hand	right_hand
sub-8	sub-8/ses-03/run-03/tsv-row-31	03	03	test_exploratory	rest	rest
sub-8	sub-8/ses-03/run-03/tsv-row-32	03	03	test_exploratory	right_hand	right_hand
sub-8	sub-8/ses-03/run-04/tsv-row-1	03	04	test_exploratory	right_hand	right_hand
sub-8	sub-8/ses-03/run-04/tsv-row-2	03	04	test_exploratory	rest	rest
sub-8	sub-8/ses-03/run-04/tsv-row-3	03	04	test_exploratory	rest	rest
sub-8	sub-8/ses-03/run-04/tsv-row-4	03	04	test_exploratory	right_hand	right_hand
sub-8	sub-8/ses-03/run-04/tsv-row-5	03	04	test_exploratory	right_hand	right_hand
sub-8	sub-8/ses-03/run-04/tsv-row-6	03	04	test_exploratory	rest	rest
sub-8	sub-8/ses-03/run-04/tsv-row-7	03	04	test_exploratory	right_hand	right_hand
sub-8	sub-8/ses-03/run-04/tsv-row-8	03	04	test_exploratory	rest	right_hand
sub-8	sub-8/ses-03/run-04/tsv-row-9	03	04	test_exploratory	rest	right_hand
sub-8	sub-8/ses-03/run-04/tsv-row-10	03	04	test_exploratory	right_hand	right_hand
sub-8	sub-8/ses-03/run-04/tsv-row-11	03	04	test_exploratory	rest	rest
sub-8	sub-8/ses-03/run-04/tsv-row-12	03	04	test_exploratory	right_hand	right_hand
sub-8	sub-8/ses-03/run-04/tsv-row-13	03	04	test_exploratory	rest	right_hand
sub-8	sub-8/ses-03/run-04/tsv-row-14	03	04	test_exploratory	right_hand	rest
sub-8	sub-8/ses-03/run-04/tsv-row-15	03	04	test_exploratory	rest	right_hand
sub-8	sub-8/ses-03/run-04/tsv-row-16	03	04	test_exploratory	right_hand	right_hand
sub-8	sub-8/ses-03/run-04/tsv-row-17	03	04	test_exploratory	right_hand	rest
sub-8	sub-8/ses-03/run-04/tsv-row-18	03	04	test_exploratory	rest	right_hand
sub-8	sub-8/ses-03/run-04/tsv-row-19	03	04	test_exploratory	right_hand	right_hand
sub-8	sub-8/ses-03/run-04/tsv-row-20	03	04	test_exploratory	rest	right_hand
sub-8	sub-8/ses-03/run-04/tsv-row-21	03	04	test_exploratory	right_hand	right_hand
sub-8	sub-8/ses-03/run-04/tsv-row-22	03	04	test_exploratory	rest	right_hand
sub-8	sub-8/ses-03/run-04/tsv-row-23	03	04	test_exploratory	rest	right_hand
sub-8	sub-8/ses-03/run-04/tsv-row-24	03	04	test_exploratory	right_hand	right_hand
sub-8	sub-8/ses-03/run-04/tsv-row-25	03	04	test_exploratory	rest	right_hand
sub-8	sub-8/ses-03/run-04/tsv-row-26	03	04	test_exploratory	right_hand	right_hand
sub-8	sub-8/ses-03/run-04/tsv-row-27	03	04	test_exploratory	rest	right_hand
sub-8	sub-8/ses-03/run-04/tsv-row-28	03	04	test_exploratory	right_hand	right_hand
sub-8	sub-8/ses-03/run-04/tsv-row-29	03	04	test_exploratory	right_hand	right_hand
sub-8	sub-8/ses-03/run-04/tsv-row-30	03	04	test_exploratory	rest	rest
sub-8	sub-8/ses-03/run-04/tsv-row-31	03	04	test_exploratory	rest	rest
sub-8	sub-8/ses-03/run-04/tsv-row-32	03	04	test_exploratory	right_hand	rest
sub-8	sub-8/ses-03/run-05/tsv-row-1	03	05	test_exploratory	rest	right_hand
sub-8	sub-8/ses-03/run-05/tsv-row-2	03	05	test_exploratory	right_hand	right_hand
sub-8	sub-8/ses-03/run-05/tsv-row-3	03	05	test_exploratory	rest	right_hand
sub-8	sub-8/ses-03/run-05/tsv-row-4	03	05	test_exploratory	right_hand	right_hand
sub-8	sub-8/ses-03/run-05/tsv-row-5	03	05	test_exploratory	right_hand	right_hand
sub-8	sub-8/ses-03/run-05/tsv-row-6	03	05	test_exploratory	right_hand	right_hand
sub-8	sub-8/ses-03/run-05/tsv-row-7	03	05	test_exploratory	rest	right_hand
sub-8	sub-8/ses-03/run-05/tsv-row-8	03	05	test_exploratory	rest	right_hand
sub-8	sub-8/ses-03/run-05/tsv-row-9	03	05	test_exploratory	right_hand	right_hand
sub-8	sub-8/ses-03/run-05/tsv-row-10	03	05	test_exploratory	right_hand	right_hand
sub-8	sub-8/ses-03/run-05/tsv-row-11	03	05	test_exploratory	rest	right_hand
sub-8	sub-8/ses-03/run-05/tsv-row-12	03	05	test_exploratory	right_hand	right_hand
sub-8	sub-8/ses-03/run-05/tsv-row-13	03	05	test_exploratory	rest	right_hand
sub-8	sub-8/ses-03/run-05/tsv-row-14	03	05	test_exploratory	right_hand	right_hand
sub-8	sub-8/ses-03/run-05/tsv-row-15	03	05	test_exploratory	rest	rest
sub-8	sub-8/ses-03/run-05/tsv-row-16	03	05	test_exploratory	right_hand	right_hand
sub-8	sub-8/ses-03/run-05/tsv-row-17	03	05	test_exploratory	rest	rest
sub-8	sub-8/ses-03/run-05/tsv-row-18	03	05	test_exploratory	right_hand	rest
sub-8	sub-8/ses-03/run-05/tsv-row-19	03	05	test_exploratory	rest	rest
sub-8	sub-8/ses-03/run-05/tsv-row-20	03	05	test_exploratory	right_hand	right_hand
sub-8	sub-8/ses-03/run-05/tsv-row-21	03	05	test_exploratory	rest	rest
sub-8	sub-8/ses-03/run-05/tsv-row-22	03	05	test_exploratory	right_hand	right_hand
sub-8	sub-8/ses-03/run-05/tsv-row-23	03	05	test_exploratory	rest	rest
sub-8	sub-8/ses-03/run-05/tsv-row-24	03	05	test_exploratory	right_hand	right_hand
sub-8	sub-8/ses-03/run-05/tsv-row-25	03	05	test_exploratory	rest	rest
sub-8	sub-8/ses-03/run-05/tsv-row-26	03	05	test_exploratory	rest	rest
sub-8	sub-8/ses-03/run-05/tsv-row-27	03	05	test_exploratory	right_hand	right_hand
sub-8	sub-8/ses-03/run-05/tsv-row-28	03	05	test_exploratory	rest	right_hand
sub-8	sub-8/ses-03/run-05/tsv-row-29	03	05	test_exploratory	right_hand	right_hand
sub-8	sub-8/ses-03/run-05/tsv-row-30	03	05	test_exploratory	rest	right_hand
sub-8	sub-8/ses-03/run-05/tsv-row-31	03	05	test_exploratory	right_hand	rest
sub-8	sub-8/ses-03/run-06/tsv-row-1	03	06	test_exploratory	right_hand	right_hand
sub-8	sub-8/ses-03/run-06/tsv-row-2	03	06	test_exploratory	rest	right_hand
sub-8	sub-8/ses-03/run-06/tsv-row-3	03	06	test_exploratory	rest	right_hand
sub-8	sub-8/ses-03/run-06/tsv-row-4	03	06	test_exploratory	right_hand	right_hand
sub-8	sub-8/ses-03/run-06/tsv-row-5	03	06	test_exploratory	right_hand	right_hand
sub-8	sub-8/ses-03/run-06/tsv-row-6	03	06	test_exploratory	rest	right_hand
sub-8	sub-8/ses-03/run-06/tsv-row-7	03	06	test_exploratory	rest	rest
sub-8	sub-8/ses-03/run-06/tsv-row-8	03	06	test_exploratory	right_hand	right_hand
sub-8	sub-8/ses-03/run-06/tsv-row-9	03	06	test_exploratory	rest	right_hand
sub-8	sub-8/ses-03/run-06/tsv-row-10	03	06	test_exploratory	right_hand	right_hand
sub-8	sub-8/ses-03/run-06/tsv-row-11	03	06	test_exploratory	rest	right_hand
sub-8	sub-8/ses-03/run-06/tsv-row-12	03	06	test_exploratory	right_hand	right_hand
sub-8	sub-8/ses-03/run-06/tsv-row-13	03	06	test_exploratory	rest	rest
sub-8	sub-8/ses-03/run-06/tsv-row-14	03	06	test_exploratory	right_hand	rest
sub-8	sub-8/ses-03/run-06/tsv-row-15	03	06	test_exploratory	right_hand	rest
sub-8	sub-8/ses-03/run-06/tsv-row-16	03	06	test_exploratory	rest	rest
sub-8	sub-8/ses-03/run-06/tsv-row-17	03	06	test_exploratory	rest	rest
sub-8	sub-8/ses-03/run-06/tsv-row-18	03	06	test_exploratory	right_hand	rest
sub-8	sub-8/ses-03/run-06/tsv-row-19	03	06	test_exploratory	right_hand	right_hand
sub-8	sub-8/ses-03/run-06/tsv-row-20	03	06	test_exploratory	rest	rest
sub-8	sub-8/ses-03/run-06/tsv-row-21	03	06	test_exploratory	right_hand	right_hand
sub-8	sub-8/ses-03/run-06/tsv-row-22	03	06	test_exploratory	rest	rest
sub-8	sub-8/ses-03/run-06/tsv-row-23	03	06	test_exploratory	right_hand	rest
sub-8	sub-8/ses-03/run-06/tsv-row-24	03	06	test_exploratory	rest	rest
sub-8	sub-8/ses-03/run-06/tsv-row-25	03	06	test_exploratory	right_hand	rest
sub-8	sub-8/ses-03/run-06/tsv-row-26	03	06	test_exploratory	rest	right_hand
sub-8	sub-8/ses-03/run-06/tsv-row-27	03	06	test_exploratory	rest	rest
sub-8	sub-8/ses-03/run-06/tsv-row-28	03	06	test_exploratory	right_hand	right_hand
sub-8	sub-8/ses-03/run-06/tsv-row-29	03	06	test_exploratory	rest	rest
sub-8	sub-8/ses-03/run-06/tsv-row-30	03	06	test_exploratory	right_hand	rest
sub-8	sub-8/ses-03/run-06/tsv-row-31	03	06	test_exploratory	rest	rest
sub-8	sub-8/ses-03/run-06/tsv-row-32	03	06	test_exploratory	right_hand	right_hand
sub-8	sub-8/ses-04/run-01/tsv-row-1	04	01	test_exploratory	right_hand	right_hand
sub-8	sub-8/ses-04/run-01/tsv-row-2	04	01	test_exploratory	rest	right_hand
sub-8	sub-8/ses-04/run-01/tsv-row-3	04	01	test_exploratory	right_hand	right_hand
sub-8	sub-8/ses-04/run-01/tsv-row-4	04	01	test_exploratory	rest	rest
sub-8	sub-8/ses-04/run-01/tsv-row-5	04	01	test_exploratory	rest	rest
sub-8	sub-8/ses-04/run-01/tsv-row-6	04	01	test_exploratory	right_hand	right_hand
sub-8	sub-8/ses-04/run-01/tsv-row-7	04	01	test_exploratory	right_hand	right_hand
sub-8	sub-8/ses-04/run-01/tsv-row-8	04	01	test_exploratory	rest	right_hand
sub-8	sub-8/ses-04/run-01/tsv-row-9	04	01	test_exploratory	rest	rest
sub-8	sub-8/ses-04/run-01/tsv-row-10	04	01	test_exploratory	right_hand	right_hand
sub-8	sub-8/ses-04/run-01/tsv-row-11	04	01	test_exploratory	right_hand	right_hand
sub-8	sub-8/ses-04/run-01/tsv-row-12	04	01	test_exploratory	rest	right_hand
sub-8	sub-8/ses-04/run-01/tsv-row-13	04	01	test_exploratory	right_hand	right_hand
sub-8	sub-8/ses-04/run-01/tsv-row-14	04	01	test_exploratory	rest	right_hand
sub-8	sub-8/ses-04/run-01/tsv-row-15	04	01	test_exploratory	right_hand	right_hand
sub-8	sub-8/ses-04/run-01/tsv-row-16	04	01	test_exploratory	rest	right_hand
sub-8	sub-8/ses-04/run-01/tsv-row-17	04	01	test_exploratory	rest	right_hand
sub-8	sub-8/ses-04/run-01/tsv-row-18	04	01	test_exploratory	right_hand	right_hand
sub-8	sub-8/ses-04/run-01/tsv-row-19	04	01	test_exploratory	rest	right_hand
sub-8	sub-8/ses-04/run-01/tsv-row-20	04	01	test_exploratory	right_hand	right_hand
sub-8	sub-8/ses-04/run-01/tsv-row-21	04	01	test_exploratory	rest	right_hand
sub-8	sub-8/ses-04/run-01/tsv-row-22	04	01	test_exploratory	right_hand	rest
sub-8	sub-8/ses-04/run-01/tsv-row-23	04	01	test_exploratory	rest	rest
sub-8	sub-8/ses-04/run-01/tsv-row-24	04	01	test_exploratory	right_hand	right_hand
sub-8	sub-8/ses-04/run-01/tsv-row-25	04	01	test_exploratory	rest	rest
sub-8	sub-8/ses-04/run-01/tsv-row-26	04	01	test_exploratory	right_hand	right_hand
sub-8	sub-8/ses-04/run-01/tsv-row-27	04	01	test_exploratory	right_hand	right_hand
sub-8	sub-8/ses-04/run-01/tsv-row-28	04	01	test_exploratory	rest	right_hand
sub-8	sub-8/ses-04/run-01/tsv-row-29	04	01	test_exploratory	rest	rest
sub-8	sub-8/ses-04/run-01/tsv-row-30	04	01	test_exploratory	right_hand	right_hand
sub-8	sub-8/ses-04/run-01/tsv-row-31	04	01	test_exploratory	rest	rest
sub-8	sub-8/ses-04/run-01/tsv-row-32	04	01	test_exploratory	right_hand	right_hand
sub-8	sub-8/ses-04/run-02/tsv-row-1	04	02	test_exploratory	rest	right_hand
sub-8	sub-8/ses-04/run-02/tsv-row-2	04	02	test_exploratory	right_hand	right_hand
sub-8	sub-8/ses-04/run-02/tsv-row-3	04	02	test_exploratory	right_hand	right_hand
sub-8	sub-8/ses-04/run-02/tsv-row-4	04	02	test_exploratory	rest	right_hand
sub-8	sub-8/ses-04/run-02/tsv-row-5	04	02	test_exploratory	rest	right_hand
sub-8	sub-8/ses-04/run-02/tsv-row-6	04	02	test_exploratory	right_hand	right_hand
sub-8	sub-8/ses-04/run-02/tsv-row-7	04	02	test_exploratory	right_hand	right_hand
sub-8	sub-8/ses-04/run-02/tsv-row-8	04	02	test_exploratory	rest	rest
sub-8	sub-8/ses-04/run-02/tsv-row-9	04	02	test_exploratory	rest	right_hand
sub-8	sub-8/ses-04/run-02/tsv-row-10	04	02	test_exploratory	right_hand	right_hand
sub-8	sub-8/ses-04/run-02/tsv-row-11	04	02	test_exploratory	rest	right_hand
sub-8	sub-8/ses-04/run-02/tsv-row-12	04	02	test_exploratory	right_hand	right_hand
sub-8	sub-8/ses-04/run-02/tsv-row-13	04	02	test_exploratory	rest	right_hand
sub-8	sub-8/ses-04/run-02/tsv-row-14	04	02	test_exploratory	right_hand	right_hand
sub-8	sub-8/ses-04/run-02/tsv-row-15	04	02	test_exploratory	rest	rest
sub-8	sub-8/ses-04/run-02/tsv-row-16	04	02	test_exploratory	right_hand	right_hand
sub-8	sub-8/ses-04/run-02/tsv-row-17	04	02	test_exploratory	rest	right_hand
sub-8	sub-8/ses-04/run-02/tsv-row-18	04	02	test_exploratory	right_hand	right_hand
sub-8	sub-8/ses-04/run-02/tsv-row-19	04	02	test_exploratory	right_hand	right_hand
sub-8	sub-8/ses-04/run-02/tsv-row-20	04	02	test_exploratory	rest	right_hand
sub-8	sub-8/ses-04/run-02/tsv-row-21	04	02	test_exploratory	rest	right_hand
sub-8	sub-8/ses-04/run-02/tsv-row-22	04	02	test_exploratory	right_hand	right_hand
sub-8	sub-8/ses-04/run-02/tsv-row-23	04	02	test_exploratory	right_hand	right_hand
sub-8	sub-8/ses-04/run-02/tsv-row-24	04	02	test_exploratory	rest	right_hand
sub-8	sub-8/ses-04/run-02/tsv-row-25	04	02	test_exploratory	rest	right_hand
sub-8	sub-8/ses-04/run-02/tsv-row-26	04	02	test_exploratory	right_hand	right_hand
sub-8	sub-8/ses-04/run-02/tsv-row-27	04	02	test_exploratory	rest	rest
sub-8	sub-8/ses-04/run-02/tsv-row-28	04	02	test_exploratory	right_hand	right_hand
sub-8	sub-8/ses-04/run-02/tsv-row-29	04	02	test_exploratory	rest	right_hand
sub-8	sub-8/ses-04/run-02/tsv-row-30	04	02	test_exploratory	right_hand	right_hand
sub-8	sub-8/ses-04/run-02/tsv-row-31	04	02	test_exploratory	right_hand	rest
sub-8	sub-8/ses-04/run-02/tsv-row-32	04	02	test_exploratory	rest	rest
sub-8	sub-8/ses-04/run-03/tsv-row-1	04	03	test_exploratory	rest	right_hand
sub-8	sub-8/ses-04/run-03/tsv-row-2	04	03	test_exploratory	right_hand	right_hand
sub-8	sub-8/ses-04/run-03/tsv-row-3	04	03	test_exploratory	rest	rest
sub-8	sub-8/ses-04/run-03/tsv-row-4	04	03	test_exploratory	right_hand	right_hand
sub-8	sub-8/ses-04/run-03/tsv-row-5	04	03	test_exploratory	rest	rest
sub-8	sub-8/ses-04/run-03/tsv-row-6	04	03	test_exploratory	right_hand	right_hand
sub-8	sub-8/ses-04/run-03/tsv-row-7	04	03	test_exploratory	right_hand	right_hand
sub-8	sub-8/ses-04/run-03/tsv-row-8	04	03	test_exploratory	rest	rest
sub-8	sub-8/ses-04/run-03/tsv-row-9	04	03	test_exploratory	right_hand	right_hand
sub-8	sub-8/ses-04/run-03/tsv-row-10	04	03	test_exploratory	rest	rest
sub-8	sub-8/ses-04/run-03/tsv-row-11	04	03	test_exploratory	right_hand	right_hand
sub-8	sub-8/ses-04/run-03/tsv-row-12	04	03	test_exploratory	rest	right_hand
sub-8	sub-8/ses-04/run-03/tsv-row-13	04	03	test_exploratory	rest	right_hand
sub-8	sub-8/ses-04/run-03/tsv-row-14	04	03	test_exploratory	right_hand	right_hand
sub-8	sub-8/ses-04/run-03/tsv-row-15	04	03	test_exploratory	right_hand	right_hand
sub-8	sub-8/ses-04/run-03/tsv-row-16	04	03	test_exploratory	rest	right_hand
sub-8	sub-8/ses-04/run-03/tsv-row-17	04	03	test_exploratory	rest	right_hand
sub-8	sub-8/ses-04/run-03/tsv-row-18	04	03	test_exploratory	right_hand	right_hand
sub-8	sub-8/ses-04/run-03/tsv-row-19	04	03	test_exploratory	rest	right_hand
sub-8	sub-8/ses-04/run-03/tsv-row-20	04	03	test_exploratory	right_hand	right_hand
sub-8	sub-8/ses-04/run-03/tsv-row-21	04	03	test_exploratory	right_hand	right_hand
sub-8	sub-8/ses-04/run-03/tsv-row-22	04	03	test_exploratory	rest	rest
sub-8	sub-8/ses-04/run-03/tsv-row-23	04	03	test_exploratory	rest	right_hand
sub-8	sub-8/ses-04/run-03/tsv-row-24	04	03	test_exploratory	right_hand	right_hand
sub-8	sub-8/ses-04/run-03/tsv-row-25	04	03	test_exploratory	right_hand	right_hand
sub-8	sub-8/ses-04/run-03/tsv-row-26	04	03	test_exploratory	rest	rest
sub-8	sub-8/ses-04/run-03/tsv-row-27	04	03	test_exploratory	rest	right_hand
sub-8	sub-8/ses-04/run-03/tsv-row-28	04	03	test_exploratory	right_hand	right_hand
sub-8	sub-8/ses-04/run-03/tsv-row-29	04	03	test_exploratory	rest	right_hand
sub-8	sub-8/ses-04/run-03/tsv-row-30	04	03	test_exploratory	right_hand	rest
sub-8	sub-8/ses-04/run-03/tsv-row-31	04	03	test_exploratory	rest	rest
sub-8	sub-8/ses-04/run-03/tsv-row-32	04	03	test_exploratory	right_hand	right_hand
sub-8	sub-8/ses-04/run-04/tsv-row-1	04	04	test_exploratory	rest	right_hand
sub-8	sub-8/ses-04/run-04/tsv-row-2	04	04	test_exploratory	right_hand	right_hand
sub-8	sub-8/ses-04/run-04/tsv-row-3	04	04	test_exploratory	right_hand	right_hand
sub-8	sub-8/ses-04/run-04/tsv-row-4	04	04	test_exploratory	rest	right_hand
sub-8	sub-8/ses-04/run-04/tsv-row-5	04	04	test_exploratory	right_hand	right_hand
sub-8	sub-8/ses-04/run-04/tsv-row-6	04	04	test_exploratory	rest	right_hand
sub-8	sub-8/ses-04/run-04/tsv-row-7	04	04	test_exploratory	rest	right_hand
sub-8	sub-8/ses-04/run-04/tsv-row-8	04	04	test_exploratory	right_hand	right_hand
sub-8	sub-8/ses-04/run-04/tsv-row-9	04	04	test_exploratory	rest	right_hand
sub-8	sub-8/ses-04/run-04/tsv-row-10	04	04	test_exploratory	right_hand	right_hand
sub-8	sub-8/ses-04/run-04/tsv-row-11	04	04	test_exploratory	rest	right_hand
sub-8	sub-8/ses-04/run-04/tsv-row-12	04	04	test_exploratory	right_hand	right_hand
sub-8	sub-8/ses-04/run-04/tsv-row-13	04	04	test_exploratory	right_hand	right_hand
sub-8	sub-8/ses-04/run-04/tsv-row-14	04	04	test_exploratory	rest	right_hand
sub-8	sub-8/ses-04/run-04/tsv-row-15	04	04	test_exploratory	right_hand	right_hand
sub-8	sub-8/ses-04/run-04/tsv-row-16	04	04	test_exploratory	rest	rest
sub-8	sub-8/ses-04/run-04/tsv-row-17	04	04	test_exploratory	right_hand	right_hand
sub-8	sub-8/ses-04/run-04/tsv-row-18	04	04	test_exploratory	rest	rest
sub-8	sub-8/ses-04/run-04/tsv-row-19	04	04	test_exploratory	right_hand	right_hand
sub-8	sub-8/ses-04/run-04/tsv-row-20	04	04	test_exploratory	rest	right_hand
sub-8	sub-8/ses-04/run-04/tsv-row-21	04	04	test_exploratory	right_hand	right_hand
sub-8	sub-8/ses-04/run-04/tsv-row-22	04	04	test_exploratory	rest	rest
sub-8	sub-8/ses-04/run-04/tsv-row-23	04	04	test_exploratory	right_hand	right_hand
sub-8	sub-8/ses-04/run-04/tsv-row-24	04	04	test_exploratory	rest	right_hand
sub-8	sub-8/ses-04/run-04/tsv-row-25	04	04	test_exploratory	rest	right_hand
sub-8	sub-8/ses-04/run-04/tsv-row-26	04	04	test_exploratory	right_hand	right_hand
sub-8	sub-8/ses-04/run-04/tsv-row-27	04	04	test_exploratory	right_hand	right_hand
sub-8	sub-8/ses-04/run-04/tsv-row-28	04	04	test_exploratory	rest	right_hand
sub-8	sub-8/ses-04/run-04/tsv-row-29	04	04	test_exploratory	right_hand	right_hand
sub-8	sub-8/ses-04/run-04/tsv-row-30	04	04	test_exploratory	rest	right_hand
sub-8	sub-8/ses-04/run-04/tsv-row-31	04	04	test_exploratory	right_hand	right_hand
sub-8	sub-8/ses-04/run-04/tsv-row-32	04	04	test_exploratory	rest	right_hand
sub-8	sub-8/ses-04/run-05/tsv-row-1	04	05	test_exploratory	rest	right_hand
sub-8	sub-8/ses-04/run-05/tsv-row-2	04	05	test_exploratory	right_hand	right_hand
sub-8	sub-8/ses-04/run-05/tsv-row-3	04	05	test_exploratory	right_hand	right_hand
sub-8	sub-8/ses-04/run-05/tsv-row-4	04	05	test_exploratory	rest	right_hand
sub-8	sub-8/ses-04/run-05/tsv-row-5	04	05	test_exploratory	right_hand	right_hand
sub-8	sub-8/ses-04/run-05/tsv-row-6	04	05	test_exploratory	rest	right_hand
sub-8	sub-8/ses-04/run-05/tsv-row-7	04	05	test_exploratory	rest	rest
sub-8	sub-8/ses-04/run-05/tsv-row-8	04	05	test_exploratory	right_hand	right_hand
sub-8	sub-8/ses-04/run-05/tsv-row-9	04	05	test_exploratory	right_hand	right_hand
sub-8	sub-8/ses-04/run-05/tsv-row-10	04	05	test_exploratory	rest	right_hand
sub-8	sub-8/ses-04/run-05/tsv-row-11	04	05	test_exploratory	right_hand	right_hand
sub-8	sub-8/ses-04/run-05/tsv-row-12	04	05	test_exploratory	rest	right_hand
sub-8	sub-8/ses-04/run-05/tsv-row-13	04	05	test_exploratory	rest	rest
sub-8	sub-8/ses-04/run-05/tsv-row-14	04	05	test_exploratory	right_hand	right_hand
sub-8	sub-8/ses-04/run-05/tsv-row-15	04	05	test_exploratory	right_hand	right_hand
sub-8	sub-8/ses-04/run-05/tsv-row-16	04	05	test_exploratory	rest	right_hand
sub-8	sub-8/ses-04/run-05/tsv-row-17	04	05	test_exploratory	rest	right_hand
sub-8	sub-8/ses-04/run-05/tsv-row-18	04	05	test_exploratory	right_hand	right_hand
sub-8	sub-8/ses-04/run-05/tsv-row-19	04	05	test_exploratory	right_hand	right_hand
sub-8	sub-8/ses-04/run-05/tsv-row-20	04	05	test_exploratory	rest	right_hand
sub-8	sub-8/ses-04/run-05/tsv-row-21	04	05	test_exploratory	rest	right_hand
sub-8	sub-8/ses-04/run-05/tsv-row-22	04	05	test_exploratory	right_hand	right_hand
sub-8	sub-8/ses-04/run-05/tsv-row-23	04	05	test_exploratory	right_hand	right_hand
sub-8	sub-8/ses-04/run-05/tsv-row-24	04	05	test_exploratory	rest	right_hand
sub-8	sub-8/ses-04/run-05/tsv-row-25	04	05	test_exploratory	rest	right_hand
sub-8	sub-8/ses-04/run-05/tsv-row-26	04	05	test_exploratory	right_hand	right_hand
sub-8	sub-8/ses-04/run-05/tsv-row-27	04	05	test_exploratory	right_hand	right_hand
sub-8	sub-8/ses-04/run-05/tsv-row-28	04	05	test_exploratory	rest	rest
sub-8	sub-8/ses-04/run-05/tsv-row-29	04	05	test_exploratory	right_hand	right_hand
sub-8	sub-8/ses-04/run-05/tsv-row-30	04	05	test_exploratory	rest	right_hand
sub-8	sub-8/ses-04/run-05/tsv-row-31	04	05	test_exploratory	rest	rest
sub-8	sub-8/ses-04/run-05/tsv-row-32	04	05	test_exploratory	right_hand	right_hand
sub-8	sub-8/ses-04/run-06/tsv-row-1	04	06	test_exploratory	right_hand	right_hand
sub-8	sub-8/ses-04/run-06/tsv-row-2	04	06	test_exploratory	rest	right_hand
sub-8	sub-8/ses-04/run-06/tsv-row-3	04	06	test_exploratory	right_hand	right_hand
sub-8	sub-8/ses-04/run-06/tsv-row-4	04	06	test_exploratory	rest	right_hand
sub-8	sub-8/ses-04/run-06/tsv-row-5	04	06	test_exploratory	rest	right_hand
sub-8	sub-8/ses-04/run-06/tsv-row-6	04	06	test_exploratory	right_hand	right_hand
sub-8	sub-8/ses-04/run-06/tsv-row-7	04	06	test_exploratory	right_hand	right_hand
sub-8	sub-8/ses-04/run-06/tsv-row-8	04	06	test_exploratory	rest	right_hand
sub-8	sub-8/ses-04/run-06/tsv-row-9	04	06	test_exploratory	right_hand	right_hand
sub-8	sub-8/ses-04/run-06/tsv-row-10	04	06	test_exploratory	rest	right_hand
sub-8	sub-8/ses-04/run-06/tsv-row-11	04	06	test_exploratory	rest	right_hand
sub-8	sub-8/ses-04/run-06/tsv-row-12	04	06	test_exploratory	right_hand	right_hand
sub-8	sub-8/ses-04/run-06/tsv-row-13	04	06	test_exploratory	right_hand	right_hand
sub-8	sub-8/ses-04/run-06/tsv-row-14	04	06	test_exploratory	rest	rest
sub-8	sub-8/ses-04/run-06/tsv-row-15	04	06	test_exploratory	right_hand	right_hand
sub-8	sub-8/ses-04/run-06/tsv-row-16	04	06	test_exploratory	rest	right_hand
sub-8	sub-8/ses-04/run-06/tsv-row-17	04	06	test_exploratory	rest	right_hand
sub-8	sub-8/ses-04/run-06/tsv-row-18	04	06	test_exploratory	right_hand	right_hand
sub-8	sub-8/ses-04/run-06/tsv-row-19	04	06	test_exploratory	rest	right_hand
sub-8	sub-8/ses-04/run-06/tsv-row-20	04	06	test_exploratory	right_hand	right_hand
sub-8	sub-8/ses-04/run-06/tsv-row-21	04	06	test_exploratory	rest	rest
sub-8	sub-8/ses-04/run-06/tsv-row-22	04	06	test_exploratory	right_hand	right_hand
sub-8	sub-8/ses-04/run-06/tsv-row-23	04	06	test_exploratory	rest	right_hand
sub-8	sub-8/ses-04/run-06/tsv-row-24	04	06	test_exploratory	right_hand	right_hand
sub-8	sub-8/ses-04/run-06/tsv-row-25	04	06	test_exploratory	rest	right_hand
sub-8	sub-8/ses-04/run-06/tsv-row-26	04	06	test_exploratory	right_hand	right_hand
sub-8	sub-8/ses-04/run-06/tsv-row-27	04	06	test_exploratory	rest	rest
sub-8	sub-8/ses-04/run-06/tsv-row-28	04	06	test_exploratory	right_hand	right_hand
sub-8	sub-8/ses-04/run-06/tsv-row-29	04	06	test_exploratory	rest	rest
sub-8	sub-8/ses-04/run-06/tsv-row-30	04	06	test_exploratory	right_hand	right_hand
sub-8	sub-8/ses-04/run-06/tsv-row-31	04	06	test_exploratory	rest	right_hand
sub-8	sub-8/ses-04/run-06/tsv-row-32	04	06	test_exploratory	right_hand	right_hand
