subject	session	run	trial_count	class_counts
sub-8	01	01	32	{'right_hand': 16, 'rest': 16}
sub-8	01	02	32	{'right_hand': 16, 'rest': 16}
sub-8	01	03	32	{'right_hand': 16, 'rest': 16}
sub-8	01	04	32	{'right_hand': 16, 'rest': 16}
sub-8	01	05	32	{'rest': 16, 'right_hand': 16}
sub-8	01	06	31	{'rest': 15, 'right_hand': 16}
sub-8	02	01	32	{'rest': 16, 'right_hand': 16}
sub-8	02	02	32	{'rest': 16, 'right_hand': 16}
sub-8	02	03	32	{'right_hand': 16, 'rest': 16}
sub-8	02	04	32	{'right_hand': 16, 'rest': 16}
sub-8	02	05	32	{'right_hand': 16, 'rest': 16}
sub-8	02	06	32	{'rest': 16, 'right_hand': 16}
sub-8	03	01	32	{'rest': 16, 'right_hand': 16}
sub-8	03	02	32	{'right_hand': 16, 'rest': 16}
sub-8	03	03	32	{'right_hand': 16, 'rest': 16}
sub-8	03	04	32	{'right_hand': 16, 'rest': 16}
sub-8	03	05	31	{'rest': 15, 'right_hand': 16}
sub-8	03	06	32	{'right_hand': 16, 'rest': 16}
sub-8	04	01	32	{'right_hand': 16, 'rest': 16}
sub-8	04	02	32	{'rest': 16, 'right_hand': 16}
sub-8	04	03	32	{'rest': 16, 'right_hand': 16}
sub-8	04	04	32	{'rest': 16, 'right_hand': 16}
sub-8	04	05	32	{'rest': 16, 'right_hand': 16}
sub-8	04	06	32	{'right_hand': 16, 'rest': 16}
