subject	original_subject	session	run	source_file	source_edf_sha256	trial_count	right_hand_count	rest_count	channel_count	channel_names_json	sampling_frequency_hz	signal_samples	continuous_duration_s	trial_durations_s_json	trial_lengths_samples_json	edf_physical_units_json	mne_signal_unit	whole_signal_finite	original_header_hash_verified	original_sampling_frequency_hz	behavior_run_score	behavior_trial_outcomes
sub-1	sub-01	01	01	sub-1/ses-01/eeg/sub-1_ses-01_task-imagery_run-01_eeg.edf	da9a287a3253db209522725d3832ccea82536456c8f4173c697d11bcdbc3049c	30	15	15	74	"[""FP1"", ""FPz"", ""FP2"", ""AF1"", ""AF3"", ""AFz"", ""AF4"", ""AF8"", ""F7"", ""F5"", ""F3"", ""F1"", ""Fz"", ""F2"", ""F4"", ""F6"", ""F8"", ""FT9"", ""FT7"", ""FC5"", ""FC3"", ""FC1"", ""FCz"", ""FC2"", ""FC4"", ""FC6"", ""FT8"", ""FT10"", ""T9"", ""T7"", ""C5"", ""C3"", ""C1"", ""Cz"", ""C2"", ""C4"", ""C6"", ""T8"", ""T10"", ""TP9"", ""TP7"", ""CP5"", ""CP3"", ""CP1"", ""CPz"", ""CP2"", ""CP4"", ""CP6"", ""TP8"", ""TP10"", ""P9"", ""P7"", ""P3"", ""P1"", ""Pz"", ""P2"", ""P4"", ""P6"", ""P8"", ""P10"", ""PO9"", ""PO7"", ""PO5"", ""PO3"", ""POz"", ""PO4"", ""PO8"", ""PO10"", ""O1"", ""Oz"", ""O2"", ""O9"", ""IZ"", ""O10""]"	250.0	54500	218.0	[5.0]	[1250]	"{""\u00b5V"": 74}"	V	True	True	250.0	unresolved	unresolved
sub-1	sub-01	01	02	sub-1/ses-01/eeg/sub-1_ses-01_task-imagery_run-02_eeg.edf	d46579cbcb8e18ca750e27d074150e240556b3845fbfa77720a075aa1e73491e	30	15	15	74	"[""FP1"", ""FPz"", ""FP2"", ""AF1"", ""AF3"", ""AFz"", ""AF4"", ""AF8"", ""F7"", ""F5"", ""F3"", ""F1"", ""Fz"", ""F2"", ""F4"", ""F6"", ""F8"", ""FT9"", ""FT7"", ""FC5"", ""FC3"", ""FC1"", ""FCz"", ""FC2"", ""FC4"", ""FC6"", ""FT8"", ""FT10"", ""T9"", ""T7"", ""C5"", ""C3"", ""C1"", ""Cz"", ""C2"", ""C4"", ""C6"", ""T8"", ""T10"", ""TP9"", ""TP7"", ""CP5"", ""CP3"", ""CP1"", ""CPz"", ""CP2"", ""CP4"", ""CP6"", ""TP8"", ""TP10"", ""P9"", ""P7"", ""P3"", ""P1"", ""Pz"", ""P2"", ""P4"", ""P6"", ""P8"", ""P10"", ""PO9"", ""PO7"", ""PO5"", ""PO3"", ""POz"", ""PO4"", ""PO8"", ""PO10"", ""O1"", ""Oz"", ""O2"", ""O9"", ""IZ"", ""O10""]"	250.0	53500	214.0	[5.0]	[1250]	"{""\u00b5V"": 74}"	V	True	True	250.0	unresolved	unresolved
sub-1	sub-01	01	03	sub-1/ses-01/eeg/sub-1_ses-01_task-imagery_run-03_eeg.edf	9bdd1d33bdd411b74b3ee5bf3688c77cd874cefc73d31172a138e0488246b427	30	15	15	74	"[""FP1"", ""FPz"", ""FP2"", ""AF1"", ""AF3"", ""AFz"", ""AF4"", ""AF8"", ""F7"", ""F5"", ""F3"", ""F1"", ""Fz"", ""F2"", ""F4"", ""F6"", ""F8"", ""FT9"", ""FT7"", ""FC5"", ""FC3"", ""FC1"", ""FCz"", ""FC2"", ""FC4"", ""FC6"", ""FT8"", ""FT10"", ""T9"", ""T7"", ""C5"", ""C3"", ""C1"", ""Cz"", ""C2"", ""C4"", ""C6"", ""T8"", ""T10"", ""TP9"", ""TP7"", ""CP5"", ""CP3"", ""CP1"", ""CPz"", ""CP2"", ""CP4"", ""CP6"", ""TP8"", ""TP10"", ""P9"", ""P7"", ""P3"", ""P1"", ""Pz"", ""P2"", ""P4"", ""P6"", ""P8"", ""P10"", ""PO9"", ""PO7"", ""PO5"", ""PO3"", ""POz"", ""PO4"", ""PO8"", ""PO10"", ""O1"", ""Oz"", ""O2"", ""O9"", ""IZ"", ""O10""]"	250.0	54000	216.0	[5.0]	[1250]	"{""\u00b5V"": 74}"	V	True	True	250.0	unresolved	unresolved
sub-1	sub-01	01	04	sub-1/ses-01/eeg/sub-1_ses-01_task-imagery_run-04_eeg.edf	b31ea17a3aa1ec691e879179c891c9aa12a8aec0a634849568f9ef29c078cb9b	30	15	15	74	"[""FP1"", ""FPz"", ""FP2"", ""AF1"", ""AF3"", ""AFz"", ""AF4"", ""AF8"", ""F7"", ""F5"", ""F3"", ""F1"", ""Fz"", ""F2"", ""F4"", ""F6"", ""F8"", ""FT9"", ""FT7"", ""FC5"", ""FC3"", ""FC1"", ""FCz"", ""FC2"", ""FC4"", ""FC6"", ""FT8"", ""FT10"", ""T9"", ""T7"", ""C5"", ""C3"", ""C1"", ""Cz"", ""C2"", ""C4"", ""C6"", ""T8"", ""T10"", ""TP9"", ""TP7"", ""CP5"", ""CP3"", ""CP1"", ""CPz"", ""CP2"", ""CP4"", ""CP6"", ""TP8"", ""TP10"", ""P9"", ""P7"", ""P3"", ""P1"", ""Pz"", ""P2"", ""P4"", ""P6"", ""P8"", ""P10"", ""PO9"", ""PO7"", ""PO5"", ""PO3"", ""POz"", ""PO4"", ""PO8"", ""PO10"", ""O1"", ""Oz"", ""O2"", ""O9"", ""IZ"", ""O10""]"	250.0	55000	220.0	[5.0]	[1250]	"{""\u00b5V"": 74}"	V	True	True	249.89999389648438	unresolved	unresolved
sub-1	sub-01	01	05	sub-1/ses-01/eeg/sub-1_ses-01_task-imagery_run-05_eeg.edf	00e0cbba5a523466859d6f552c848f52dd462153666eaed723d8a32a7de27a25	30	15	15	74	"[""FP1"", ""FPz"", ""FP2"", ""AF1"", ""AF3"", ""AFz"", ""AF4"", ""AF8"", ""F7"", ""F5"", ""F3"", ""F1"", ""Fz"", ""F2"", ""F4"", ""F6"", ""F8"", ""FT9"", ""FT7"", ""FC5"", ""FC3"", ""FC1"", ""FCz"", ""FC2"", ""FC4"", ""FC6"", ""FT8"", ""FT10"", ""T9"", ""T7"", ""C5"", ""C3"", ""C1"", ""Cz"", ""C2"", ""C4"", ""C6"", ""T8"", ""T10"", ""TP9"", ""TP7"", ""CP5"", ""CP3"", ""CP1"", ""CPz"", ""CP2"", ""CP4"", ""CP6"", ""TP8"", ""TP10"", ""P9"", ""P7"", ""P3"", ""P1"", ""Pz"", ""P2"", ""P4"", ""P6"", ""P8"", ""P10"", ""PO9"", ""PO7"", ""PO5"", ""PO3"", ""POz"", ""PO4"", ""PO8"", ""PO10"", ""O1"", ""Oz"", ""O2"", ""O9"", ""IZ"", ""O10""]"	250.0	62000	248.0	[5.0]	[1250]	"{""\u00b5V"": 74}"	V	True	True	250.0	unresolved	unresolved
sub-1	sub-01	01	06	sub-1/ses-01/eeg/sub-1_ses-01_task-imagery_run-06_eeg.edf	2642016d8879857cc058db3ae1cca5a466ea62d64f890d75a4674eecd53d2d0b	30	15	15	74	"[""FP1"", ""FPz"", ""FP2"", ""AF1"", ""AF3"", ""AFz"", ""AF4"", ""AF8"", ""F7"", ""F5"", ""F3"", ""F1"", ""Fz"", ""F2"", ""F4"", ""F6"", ""F8"", ""FT9"", ""FT7"", ""FC5"", ""FC3"", ""FC1"", ""FCz"", ""FC2"", ""FC4"", ""FC6"", ""FT8"", ""FT10"", ""T9"", ""T7"", ""C5"", ""C3"", ""C1"", ""Cz"", ""C2"", ""C4"", ""C6"", ""T8"", ""T10"", ""TP9"", ""TP7"", ""CP5"", ""CP3"", ""CP1"", ""CPz"", ""CP2"", ""CP4"", ""CP6"", ""TP8"", ""TP10"", ""P9"", ""P7"", ""P3"", ""P1"", ""Pz"", ""P2"", ""P4"", ""P6"", ""P8"", ""P10"", ""PO9"", ""PO7"", ""PO5"", ""PO3"", ""POz"", ""PO4"", ""PO8"", ""PO10"", ""O1"", ""Oz"", ""O2"", ""O9"", ""IZ"", ""O10""]"	250.0	54500	218.0	[5.0]	[1250]	"{""\u00b5V"": 74}"	V	True	True	250.0	unresolved	unresolved
sub-1	sub-01	02	01	sub-1/ses-02/eeg/sub-1_ses-02_task-imagery_run-01_eeg.edf	62f36c3e4f9e5607fa563d5155efaba772deed30da3aa8c7078857e4893e30db	30	15	15	74	"[""FP1"", ""FPz"", ""FP2"", ""AF1"", ""AF3"", ""AFz"", ""AF4"", ""AF8"", ""F7"", ""F5"", ""F3"", ""F1"", ""Fz"", ""F2"", ""F4"", ""F6"", ""F8"", ""FT9"", ""FT7"", ""FC5"", ""FC3"", ""FC1"", ""FCz"", ""FC2"", ""FC4"", ""FC6"", ""FT8"", ""FT10"", ""T9"", ""T7"", ""C5"", ""C3"", ""C1"", ""Cz"", ""C2"", ""C4"", ""C6"", ""T8"", ""T10"", ""TP9"", ""TP7"", ""CP5"", ""CP3"", ""CP1"", ""CPz"", ""CP2"", ""CP4"", ""CP6"", ""TP8"", ""TP10"", ""P9"", ""P7"", ""P3"", ""P1"", ""Pz"", ""P2"", ""P4"", ""P6"", ""P8"", ""P10"", ""PO9"", ""PO7"", ""PO5"", ""PO3"", ""POz"", ""PO4"", ""PO8"", ""PO10"", ""O1"", ""Oz"", ""O2"", ""O9"", ""IZ"", ""O10""]"	250.0	54750	219.0	[5.0]	[1250]	"{""\u00b5V"": 74}"	V	True	True	250.0	unresolved	unresolved
sub-1	sub-01	02	02	sub-1/ses-02/eeg/sub-1_ses-02_task-imagery_run-02_eeg.edf	fae63a995c51073c2670e00d9b4ca3b02616399f2a53a6986c8b14ef12b497b6	30	15	15	74	"[""FP1"", ""FPz"", ""FP2"", ""AF1"", ""AF3"", ""AFz"", ""AF4"", ""AF8"", ""F7"", ""F5"", ""F3"", ""F1"", ""Fz"", ""F2"", ""F4"", ""F6"", ""F8"", ""FT9"", ""FT7"", ""FC5"", ""FC3"", ""FC1"", ""FCz"", ""FC2"", ""FC4"", ""FC6"", ""FT8"", ""FT10"", ""T9"", ""T7"", ""C5"", ""C3"", ""C1"", ""Cz"", ""C2"", ""C4"", ""C6"", ""T8"", ""T10"", ""TP9"", ""TP7"", ""CP5"", ""CP3"", ""CP1"", ""CPz"", ""CP2"", ""CP4"", ""CP6"", ""TP8"", ""TP10"", ""P9"", ""P7"", ""P3"", ""P1"", ""Pz"", ""P2"", ""P4"", ""P6"", ""P8"", ""P10"", ""PO9"", ""PO7"", ""PO5"", ""PO3"", ""POz"", ""PO4"", ""PO8"", ""PO10"", ""O1"", ""Oz"", ""O2"", ""O9"", ""IZ"", ""O10""]"	250.0	54750	219.0	[5.0]	[1250]	"{""\u00b5V"": 74}"	V	True	True	250.0	unresolved	unresolved
sub-1	sub-01	02	03	sub-1/ses-02/eeg/sub-1_ses-02_task-imagery_run-03_eeg.edf	d304b0afff045ce637911040c185f7b48d0e6a81f6dbf0552179c46e20b59a66	30	15	15	74	"[""FP1"", ""FPz"", ""FP2"", ""AF1"", ""AF3"", ""AFz"", ""AF4"", ""AF8"", ""F7"", ""F5"", ""F3"", ""F1"", ""Fz"", ""F2"", ""F4"", ""F6"", ""F8"", ""FT9"", ""FT7"", ""FC5"", ""FC3"", ""FC1"", ""FCz"", ""FC2"", ""FC4"", ""FC6"", ""FT8"", ""FT10"", ""T9"", ""T7"", ""C5"", ""C3"", ""C1"", ""Cz"", ""C2"", ""C4"", ""C6"", ""T8"", ""T10"", ""TP9"", ""TP7"", ""CP5"", ""CP3"", ""CP1"", ""CPz"", ""CP2"", ""CP4"", ""CP6"", ""TP8"", ""TP10"", ""P9"", ""P7"", ""P3"", ""P1"", ""Pz"", ""P2"", ""P4"", ""P6"", ""P8"", ""P10"", ""PO9"", ""PO7"", ""PO5"", ""PO3"", ""POz"", ""PO4"", ""PO8"", ""PO10"", ""O1"", ""Oz"", ""O2"", ""O9"", ""IZ"", ""O10""]"	250.0	54250	217.0	[5.0]	[1250]	"{""\u00b5V"": 74}"	V	True	True	250.0	unresolved	unresolved
sub-1	sub-01	02	04	sub-1/ses-02/eeg/sub-1_ses-02_task-imagery_run-04_eeg.edf	b1741270adfb4f17060f58571f524443e71e271343cad772023157fb4d08c0cb	29	15	14	74	"[""FP1"", ""FPz"", ""FP2"", ""AF1"", ""AF3"", ""AFz"", ""AF4"", ""AF8"", ""F7"", ""F5"", ""F3"", ""F1"", ""Fz"", ""F2"", ""F4"", ""F6"", ""F8"", ""FT9"", ""FT7"", ""FC5"", ""FC3"", ""FC1"", ""FCz"", ""FC2"", ""FC4"", ""FC6"", ""FT8"", ""FT10"", ""T9"", ""T7"", ""C5"", ""C3"", ""C1"", ""Cz"", ""C2"", ""C4"", ""C6"", ""T8"", ""T10"", ""TP9"", ""TP7"", ""CP5"", ""CP3"", ""CP1"", ""CPz"", ""CP2"", ""CP4"", ""CP6"", ""TP8"", ""TP10"", ""P9"", ""P7"", ""P3"", ""P1"", ""Pz"", ""P2"", ""P4"", ""P6"", ""P8"", ""P10"", ""PO9"", ""PO7"", ""PO5"", ""PO3"", ""POz"", ""PO4"", ""PO8"", ""PO10"", ""O1"", ""Oz"", ""O2"", ""O9"", ""IZ"", ""O10""]"	250.0	54000	216.0	[5.0]	[1250]	"{""\u00b5V"": 74}"	V	True	True	250.0	unresolved	unresolved
sub-1	sub-01	02	05	sub-1/ses-02/eeg/sub-1_ses-02_task-imagery_run-05_eeg.edf	30f65a9df54150de8ee137f4bb638a953216e0c5210159ba6d8be784dcc799bd	30	15	15	74	"[""FP1"", ""FPz"", ""FP2"", ""AF1"", ""AF3"", ""AFz"", ""AF4"", ""AF8"", ""F7"", ""F5"", ""F3"", ""F1"", ""Fz"", ""F2"", ""F4"", ""F6"", ""F8"", ""FT9"", ""FT7"", ""FC5"", ""FC3"", ""FC1"", ""FCz"", ""FC2"", ""FC4"", ""FC6"", ""FT8"", ""FT10"", ""T9"", ""T7"", ""C5"", ""C3"", ""C1"", ""Cz"", ""C2"", ""C4"", ""C6"", ""T8"", ""T10"", ""TP9"", ""TP7"", ""CP5"", ""CP3"", ""CP1"", ""CPz"", ""CP2"", ""CP4"", ""CP6"", ""TP8"", ""TP10"", ""P9"", ""P7"", ""P3"", ""P1"", ""Pz"", ""P2"", ""P4"", ""P6"", ""P8"", ""P10"", ""PO9"", ""PO7"", ""PO5"", ""PO3"", ""POz"", ""PO4"", ""PO8"", ""PO10"", ""O1"", ""Oz"", ""O2"", ""O9"", ""IZ"", ""O10""]"	250.0	53750	215.0	[5.0]	[1250]	"{""\u00b5V"": 74}"	V	True	True	250.0	unresolved	unresolved
sub-1	sub-01	02	06	sub-1/ses-02/eeg/sub-1_ses-02_task-imagery_run-06_eeg.edf	49660f5c30f4e75a51aafe7a98b2f8d07181c76f12cf39eda414a916b4287581	30	15	15	74	"[""FP1"", ""FPz"", ""FP2"", ""AF1"", ""AF3"", ""AFz"", ""AF4"", ""AF8"", ""F7"", ""F5"", ""F3"", ""F1"", ""Fz"", ""F2"", ""F4"", ""F6"", ""F8"", ""FT9"", ""FT7"", ""FC5"", ""FC3"", ""FC1"", ""FCz"", ""FC2"", ""FC4"", ""FC6"", ""FT8"", ""FT10"", ""T9"", ""T7"", ""C5"", ""C3"", ""C1"", ""Cz"", ""C2"", ""C4"", ""C6"", ""T8"", ""T10"", ""TP9"", ""TP7"", ""CP5"", ""CP3"", ""CP1"", ""CPz"", ""CP2"", ""CP4"", ""CP6"", ""TP8"", ""TP10"", ""P9"", ""P7"", ""P3"", ""P1"", ""Pz"", ""P2"", ""P4"", ""P6"", ""P8"", ""P10"", ""PO9"", ""PO7"", ""PO5"", ""PO3"", ""POz"", ""PO4"", ""PO8"", ""PO10"", ""O1"", ""Oz"", ""O2"", ""O9"", ""IZ"", ""O10""]"	250.0	53500	214.0	[5.0]	[1250]	"{""\u00b5V"": 74}"	V	True	True	250.0	unresolved	unresolved
sub-1	sub-01	03	01	sub-1/ses-03/eeg/sub-1_ses-03_task-imagery_run-01_eeg.edf	9f46f0337e89ff57acb5b62b266bd37134f219ef3fda218f62690ac9bde1dd69	30	15	15	74	"[""FP1"", ""FPz"", ""FP2"", ""AF1"", ""AF3"", ""AFz"", ""AF4"", ""AF8"", ""F7"", ""F5"", ""F3"", ""F1"", ""Fz"", ""F2"", ""F4"", ""F6"", ""F8"", ""FT9"", ""FT7"", ""FC5"", ""FC3"", ""FC1"", ""FCz"", ""FC2"", ""FC4"", ""FC6"", ""FT8"", ""FT10"", ""T9"", ""T7"", ""C5"", ""C3"", ""C1"", ""Cz"", ""C2"", ""C4"", ""C6"", ""T8"", ""T10"", ""TP9"", ""TP7"", ""CP5"", ""CP3"", ""CP1"", ""CPz"", ""CP2"", ""CP4"", ""CP6"", ""TP8"", ""TP10"", ""P9"", ""P7"", ""P3"", ""P1"", ""Pz"", ""P2"", ""P4"", ""P6"", ""P8"", ""P10"", ""PO9"", ""PO7"", ""PO5"", ""PO3"", ""POz"", ""PO4"", ""PO8"", ""PO10"", ""O1"", ""Oz"", ""O2"", ""O9"", ""IZ"", ""O10""]"	250.0	54250	217.0	[5.0]	[1250]	"{""\u00b5V"": 74}"	V	True	True	250.0	unresolved	unresolved
sub-1	sub-01	03	02	sub-1/ses-03/eeg/sub-1_ses-03_task-imagery_run-02_eeg.edf	85b62cfaae7494d984e2260e18bd5e1ec3fe33239a8239ed7272bdaf1b721418	30	15	15	74	"[""FP1"", ""FPz"", ""FP2"", ""AF1"", ""AF3"", ""AFz"", ""AF4"", ""AF8"", ""F7"", ""F5"", ""F3"", ""F1"", ""Fz"", ""F2"", ""F4"", ""F6"", ""F8"", ""FT9"", ""FT7"", ""FC5"", ""FC3"", ""FC1"", ""FCz"", ""FC2"", ""FC4"", ""FC6"", ""FT8"", ""FT10"", ""T9"", ""T7"", ""C5"", ""C3"", ""C1"", ""Cz"", ""C2"", ""C4"", ""C6"", ""T8"", ""T10"", ""TP9"", ""TP7"", ""CP5"", ""CP3"", ""CP1"", ""CPz"", ""CP2"", ""CP4"", ""CP6"", ""TP8"", ""TP10"", ""P9"", ""P7"", ""P3"", ""P1"", ""Pz"", ""P2"", ""P4"", ""P6"", ""P8"", ""P10"", ""PO9"", ""PO7"", ""PO5"", ""PO3"", ""POz"", ""PO4"", ""PO8"", ""PO10"", ""O1"", ""Oz"", ""O2"", ""O9"", ""IZ"", ""O10""]"	250.0	53750	215.0	[5.0]	[1250]	"{""\u00b5V"": 74}"	V	True	True	250.0	unresolved	unresolved
sub-1	sub-01	03	03	sub-1/ses-03/eeg/sub-1_ses-03_task-imagery_run-03_eeg.edf	bafb2c4e447952b2bd69f870aaa6a757f73edd40e45d2d789b1a6f042983fcc2	30	15	15	74	"[""FP1"", ""FPz"", ""FP2"", ""AF1"", ""AF3"", ""AFz"", ""AF4"", ""AF8"", ""F7"", ""F5"", ""F3"", ""F1"", ""Fz"", ""F2"", ""F4"", ""F6"", ""F8"", ""FT9"", ""FT7"", ""FC5"", ""FC3"", ""FC1"", ""FCz"", ""FC2"", ""FC4"", ""FC6"", ""FT8"", ""FT10"", ""T9"", ""T7"", ""C5"", ""C3"", ""C1"", ""Cz"", ""C2"", ""C4"", ""C6"", ""T8"", ""T10"", ""TP9"", ""TP7"", ""CP5"", ""CP3"", ""CP1"", ""CPz"", ""CP2"", ""CP4"", ""CP6"", ""TP8"", ""TP10"", ""P9"", ""P7"", ""P3"", ""P1"", ""Pz"", ""P2"", ""P4"", ""P6"", ""P8"", ""P10"", ""PO9"", ""PO7"", ""PO5"", ""PO3"", ""POz"", ""PO4"", ""PO8"", ""PO10"", ""O1"", ""Oz"", ""O2"", ""O9"", ""IZ"", ""O10""]"	250.0	54000	216.0	[5.0]	[1250]	"{""\u00b5V"": 74}"	V	True	True	250.0	unresolved	unresolved
sub-1	sub-01	03	04	sub-1/ses-03/eeg/sub-1_ses-03_task-imagery_run-04_eeg.edf	3f235efb07c6000d9e17dddd40df1052f642391bfbc42720ee83c9b367ff58de	30	15	15	74	"[""FP1"", ""FPz"", ""FP2"", ""AF1"", ""AF3"", ""AFz"", ""AF4"", ""AF8"", ""F7"", ""F5"", ""F3"", ""F1"", ""Fz"", ""F2"", ""F4"", ""F6"", ""F8"", ""FT9"", ""FT7"", ""FC5"", ""FC3"", ""FC1"", ""FCz"", ""FC2"", ""FC4"", ""FC6"", ""FT8"", ""FT10"", ""T9"", ""T7"", ""C5"", ""C3"", ""C1"", ""Cz"", ""C2"", ""C4"", ""C6"", ""T8"", ""T10"", ""TP9"", ""TP7"", ""CP5"", ""CP3"", ""CP1"", ""CPz"", ""CP2"", ""CP4"", ""CP6"", ""TP8"", ""TP10"", ""P9"", ""P7"", ""P3"", ""P1"", ""Pz"", ""P2"", ""P4"", ""P6"", ""P8"", ""P10"", ""PO9"", ""PO7"", ""PO5"", ""PO3"", ""POz"", ""PO4"", ""PO8"", ""PO10"", ""O1"", ""Oz"", ""O2"", ""O9"", ""IZ"", ""O10""]"	250.0	53750	215.0	[5.0]	[1250]	"{""\u00b5V"": 74}"	V	True	True	250.0	unresolved	unresolved
sub-1	sub-01	03	05	sub-1/ses-03/eeg/sub-1_ses-03_task-imagery_run-05_eeg.edf	cae67f80bc710b435c322251844a8b01a9388e8b02bdaa29065cef9882e7b8a6	30	15	15	74	"[""FP1"", ""FPz"", ""FP2"", ""AF1"", ""AF3"", ""AFz"", ""AF4"", ""AF8"", ""F7"", ""F5"", ""F3"", ""F1"", ""Fz"", ""F2"", ""F4"", ""F6"", ""F8"", ""FT9"", ""FT7"", ""FC5"", ""FC3"", ""FC1"", ""FCz"", ""FC2"", ""FC4"", ""FC6"", ""FT8"", ""FT10"", ""T9"", ""T7"", ""C5"", ""C3"", ""C1"", ""Cz"", ""C2"", ""C4"", ""C6"", ""T8"", ""T10"", ""TP9"", ""TP7"", ""CP5"", ""CP3"", ""CP1"", ""CPz"", ""CP2"", ""CP4"", ""CP6"", ""TP8"", ""TP10"", ""P9"", ""P7"", ""P3"", ""P1"", ""Pz"", ""P2"", ""P4"", ""P6"", ""P8"", ""P10"", ""PO9"", ""PO7"", ""PO5"", ""PO3"", ""POz"", ""PO4"", ""PO8"", ""PO10"", ""O1"", ""Oz"", ""O2"", ""O9"", ""IZ"", ""O10""]"	250.0	53250	213.0	[5.0]	[1250]	"{""\u00b5V"": 74}"	V	True	True	250.0	unresolved	unresolved
sub-1	sub-01	03	06	sub-1/ses-03/eeg/sub-1_ses-03_task-imagery_run-06_eeg.edf	7ac3cc155473c57c14b632664984aaa9a9d1910710912677a3213074a5c54765	30	15	15	74	"[""FP1"", ""FPz"", ""FP2"", ""AF1"", ""AF3"", ""AFz"", ""AF4"", ""AF8"", ""F7"", ""F5"", ""F3"", ""F1"", ""Fz"", ""F2"", ""F4"", ""F6"", ""F8"", ""FT9"", ""FT7"", ""FC5"", ""FC3"", ""FC1"", ""FCz"", ""FC2"", ""FC4"", ""FC6"", ""FT8"", ""FT10"", ""T9"", ""T7"", ""C5"", ""C3"", ""C1"", ""Cz"", ""C2"", ""C4"", ""C6"", ""T8"", ""T10"", ""TP9"", ""TP7"", ""CP5"", ""CP3"", ""CP1"", ""CPz"", ""CP2"", ""CP4"", ""CP6"", ""TP8"", ""TP10"", ""P9"", ""P7"", ""P3"", ""P1"", ""Pz"", ""P2"", ""P4"", ""P6"", ""P8"", ""P10"", ""PO9"", ""PO7"", ""PO5"", ""PO3"", ""POz"", ""PO4"", ""PO8"", ""PO10"", ""O1"", ""Oz"", ""O2"", ""O9"", ""IZ"", ""O10""]"	250.0	54000	216.0	[5.0]	[1250]	"{""\u00b5V"": 74}"	V	True	True	250.0	unresolved	unresolved
sub-1	sub-01	04	01	sub-1/ses-04/eeg/sub-1_ses-04_task-imagery_run-01_eeg.edf	fcb1bcded9325c4499512952a5032a3c52c188493b03c981cfb018a5d428d924	30	15	15	74	"[""FP1"", ""FPz"", ""FP2"", ""AF1"", ""AF3"", ""AFz"", ""AF4"", ""AF8"", ""F7"", ""F5"", ""F3"", ""F1"", ""Fz"", ""F2"", ""F4"", ""F6"", ""F8"", ""FT9"", ""FT7"", ""FC5"", ""FC3"", ""FC1"", ""FCz"", ""FC2"", ""FC4"", ""FC6"", ""FT8"", ""FT10"", ""T9"", ""T7"", ""C5"", ""C3"", ""C1"", ""Cz"", ""C2"", ""C4"", ""C6"", ""T8"", ""T10"", ""TP9"", ""TP7"", ""CP5"", ""CP3"", ""CP1"", ""CPz"", ""CP2"", ""CP4"", ""CP6"", ""TP8"", ""TP10"", ""P9"", ""P7"", ""P3"", ""P1"", ""Pz"", ""P2"", ""P4"", ""P6"", ""P8"", ""P10"", ""PO9"", ""PO7"", ""PO5"", ""PO3"", ""POz"", ""PO4"", ""PO8"", ""PO10"", ""O1"", ""Oz"", ""O2"", ""O9"", ""IZ"", ""O10""]"	250.0	53250	213.0	[5.0]	[1250]	"{""\u00b5V"": 74}"	V	True	True	250.0	unresolved	unresolved
sub-1	sub-01	04	02	sub-1/ses-04/eeg/sub-1_ses-04_task-imagery_run-02_eeg.edf	ce1d2c737e9597ed25a904024087053577b20ec6e86881e986266690e76c79af	29	15	14	74	"[""FP1"", ""FPz"", ""FP2"", ""AF1"", ""AF3"", ""AFz"", ""AF4"", ""AF8"", ""F7"", ""F5"", ""F3"", ""F1"", ""Fz"", ""F2"", ""F4"", ""F6"", ""F8"", ""FT9"", ""FT7"", ""FC5"", ""FC3"", ""FC1"", ""FCz"", ""FC2"", ""FC4"", ""FC6"", ""FT8"", ""FT10"", ""T9"", ""T7"", ""C5"", ""C3"", ""C1"", ""Cz"", ""C2"", ""C4"", ""C6"", ""T8"", ""T10"", ""TP9"", ""TP7"", ""CP5"", ""CP3"", ""CP1"", ""CPz"", ""CP2"", ""CP4"", ""CP6"", ""TP8"", ""TP10"", ""P9"", ""P7"", ""P3"", ""P1"", ""Pz"", ""P2"", ""P4"", ""P6"", ""P8"", ""P10"", ""PO9"", ""PO7"", ""PO5"", ""PO3"", ""POz"", ""PO4"", ""PO8"", ""PO10"", ""O1"", ""Oz"", ""O2"", ""O9"", ""IZ"", ""O10""]"	250.0	53250	213.0	[5.0]	[1250]	"{""\u00b5V"": 74}"	V	True	True	250.0	unresolved	unresolved
sub-1	sub-01	04	03	sub-1/ses-04/eeg/sub-1_ses-04_task-imagery_run-03_eeg.edf	89a700df599606962af41386c61f2de58fc744354c19ed1cc7138f1c9e89fbbd	30	15	15	74	"[""FP1"", ""FPz"", ""FP2"", ""AF1"", ""AF3"", ""AFz"", ""AF4"", ""AF8"", ""F7"", ""F5"", ""F3"", ""F1"", ""Fz"", ""F2"", ""F4"", ""F6"", ""F8"", ""FT9"", ""FT7"", ""FC5"", ""FC3"", ""FC1"", ""FCz"", ""FC2"", ""FC4"", ""FC6"", ""FT8"", ""FT10"", ""T9"", ""T7"", ""C5"", ""C3"", ""C1"", ""Cz"", ""C2"", ""C4"", ""C6"", ""T8"", ""T10"", ""TP9"", ""TP7"", ""CP5"", ""CP3"", ""CP1"", ""CPz"", ""CP2"", ""CP4"", ""CP6"", ""TP8"", ""TP10"", ""P9"", ""P7"", ""P3"", ""P1"", ""Pz"", ""P2"", ""P4"", ""P6"", ""P8"", ""P10"", ""PO9"", ""PO7"", ""PO5"", ""PO3"", ""POz"", ""PO4"", ""PO8"", ""PO10"", ""O1"", ""Oz"", ""O2"", ""O9"", ""IZ"", ""O10""]"	250.0	54000	216.0	[5.0]	[1250]	"{""\u00b5V"": 74}"	V	True	True	250.0	unresolved	unresolved
sub-1	sub-01	04	04	sub-1/ses-04/eeg/sub-1_ses-04_task-imagery_run-04_eeg.edf	9bfd61842700ee4c89e57a24924ae0af755a3c756a00b33880db1afb2ad206db	30	15	15	74	"[""FP1"", ""FPz"", ""FP2"", ""AF1"", ""AF3"", ""AFz"", ""AF4"", ""AF8"", ""F7"", ""F5"", ""F3"", ""F1"", ""Fz"", ""F2"", ""F4"", ""F6"", ""F8"", ""FT9"", ""FT7"", ""FC5"", ""FC3"", ""FC1"", ""FCz"", ""FC2"", ""FC4"", ""FC6"", ""FT8"", ""FT10"", ""T9"", ""T7"", ""C5"", ""C3"", ""C1"", ""Cz"", ""C2"", ""C4"", ""C6"", ""T8"", ""T10"", ""TP9"", ""TP7"", ""CP5"", ""CP3"", ""CP1"", ""CPz"", ""CP2"", ""CP4"", ""CP6"", ""TP8"", ""TP10"", ""P9"", ""P7"", ""P3"", ""P1"", ""Pz"", ""P2"", ""P4"", ""P6"", ""P8"", ""P10"", ""PO9"", ""PO7"", ""PO5"", ""PO3"", ""POz"", ""PO4"", ""PO8"", ""PO10"", ""O1"", ""Oz"", ""O2"", ""O9"", ""IZ"", ""O10""]"	250.0	52750	211.0	[5.0]	[1250]	"{""\u00b5V"": 74}"	V	True	True	250.0	unresolved	unresolved
sub-1	sub-01	04	05	sub-1/ses-04/eeg/sub-1_ses-04_task-imagery_run-05_eeg.edf	af03bef01e288cacd689c07d840fb141efe96ca73ae8f3a14f9a743082742445	30	15	15	74	"[""FP1"", ""FPz"", ""FP2"", ""AF1"", ""AF3"", ""AFz"", ""AF4"", ""AF8"", ""F7"", ""F5"", ""F3"", ""F1"", ""Fz"", ""F2"", ""F4"", ""F6"", ""F8"", ""FT9"", ""FT7"", ""FC5"", ""FC3"", ""FC1"", ""FCz"", ""FC2"", ""FC4"", ""FC6"", ""FT8"", ""FT10"", ""T9"", ""T7"", ""C5"", ""C3"", ""C1"", ""Cz"", ""C2"", ""C4"", ""C6"", ""T8"", ""T10"", ""TP9"", ""TP7"", ""CP5"", ""CP3"", ""CP1"", ""CPz"", ""CP2"", ""CP4"", ""CP6"", ""TP8"", ""TP10"", ""P9"", ""P7"", ""P3"", ""P1"", ""Pz"", ""P2"", ""P4"", ""P6"", ""P8"", ""P10"", ""PO9"", ""PO7"", ""PO5"", ""PO3"", ""POz"", ""PO4"", ""PO8"", ""PO10"", ""O1"", ""Oz"", ""O2"", ""O9"", ""IZ"", ""O10""]"	250.0	53250	213.0	[5.0]	[1250]	"{""\u00b5V"": 74}"	V	True	True	250.0	unresolved	unresolved
sub-1	sub-01	04	06	sub-1/ses-04/eeg/sub-1_ses-04_task-imagery_run-06_eeg.edf	c499bca72f92d1e6bee5ca847637c89130487f3a78e1462a70d81e8441b709f1	29	15	14	74	"[""FP1"", ""FPz"", ""FP2"", ""AF1"", ""AF3"", ""AFz"", ""AF4"", ""AF8"", ""F7"", ""F5"", ""F3"", ""F1"", ""Fz"", ""F2"", ""F4"", ""F6"", ""F8"", ""FT9"", ""FT7"", ""FC5"", ""FC3"", ""FC1"", ""FCz"", ""FC2"", ""FC4"", ""FC6"", ""FT8"", ""FT10"", ""T9"", ""T7"", ""C5"", ""C3"", ""C1"", ""Cz"", ""C2"", ""C4"", ""C6"", ""T8"", ""T10"", ""TP9"", ""TP7"", ""CP5"", ""CP3"", ""CP1"", ""CPz"", ""CP2"", ""CP4"", ""CP6"", ""TP8"", ""TP10"", ""P9"", ""P7"", ""P3"", ""P1"", ""Pz"", ""P2"", ""P4"", ""P6"", ""P8"", ""P10"", ""PO9"", ""PO7"", ""PO5"", ""PO3"", ""POz"", ""PO4"", ""PO8"", ""PO10"", ""O1"", ""Oz"", ""O2"", ""O9"", ""IZ"", ""O10""]"	250.0	52750	211.0	[5.0]	[1250]	"{""\u00b5V"": 74}"	V	True	True	250.0	unresolved	unresolved
