subject	variant	repetition	session	n_matched	AIRM_to_session01	within_session_run_AIRM_mean	PCA_subspace_distance	mu_ROI_V2	beta_ROI_V2
sub-6	all_six_runs	0	01	144	7.901192926734372e-14	3.2558881750715396	4.920317999878844e-16	3.7690689070402166e-12	2.375023138720845e-12
sub-6	all_six_runs	0	02	144	3.1410458110828956	2.6259737506260974	0.5824011475320863	4.389240633089653e-12	2.6918929992857468e-12
sub-6	all_six_runs	0	03	144	3.4790920163719035	3.0946310011065914	0.5716103013395314	3.2052355466989605e-12	2.3981262761495547e-12
sub-6	all_six_runs	0	04	144	3.2043284421701137	1.9810763878328548	0.5880781574429134	3.467927074747198e-12	2.1717563576866986e-12
sub-6	all_six_runs	1	01	144	8.125937639092888e-14	3.1841403891528404	4.244018861315803e-16	3.8967846450027856e-12	2.373021104967993e-12
sub-6	all_six_runs	1	02	144	3.1599361881261214	2.5827244031745815	0.5967448015223228	4.4743625174159976e-12	2.7043273612669594e-12
sub-6	all_six_runs	1	03	144	3.535662084399991	3.1074501166365276	0.6275636936492685	3.1748163794412724e-12	2.3152028437313455e-12
sub-6	all_six_runs	1	04	144	3.1701810285215157	1.8687618748304529	0.5770607443580665	3.5066620282450286e-12	2.2067206749885383e-12
sub-6	all_six_runs	2	01	144	7.490797418627739e-14	3.1852205661482227	6.22368817789841e-16	3.92455260568897e-12	2.4014293177030967e-12
sub-6	all_six_runs	2	02	144	3.1605851205647113	2.5115546572245906	0.6082903645545013	4.650216912058933e-12	2.7390617602373687e-12
sub-6	all_six_runs	2	03	144	3.463244438610188	3.0399100448420326	0.6199711176608124	3.189977942131309e-12	2.3725554101550063e-12
sub-6	all_six_runs	2	04	144	3.1572263471751825	1.8454919191353305	0.5869036586726479	3.422069694375726e-12	2.1791854804093698e-12
sub-6	all_six_runs	3	01	144	8.542782024358891e-14	3.1871687635462114	4.766726846779697e-16	3.91609555363269e-12	2.4413628336611033e-12
sub-6	all_six_runs	3	02	144	3.1600737742741254	2.2822661460934155	0.6114510494274602	4.449531141607325e-12	2.6372615072991004e-12
sub-6	all_six_runs	3	03	144	3.4791451859670866	2.916810460640025	0.6215527607915846	3.1032098645502003e-12	2.3136641947229957e-12
sub-6	all_six_runs	3	04	144	3.1694138337871784	1.9178358455081745	0.5683550466508147	3.5326562318180756e-12	2.2062830023282306e-12
sub-6	all_six_runs	4	01	144	8.926835201492972e-14	2.9933907983190142	5.250389580546072e-16	3.834280472661672e-12	2.3920438162695515e-12
sub-6	all_six_runs	4	02	144	3.0397241773259616	2.4856326313540986	0.5912221016387567	4.475658643103093e-12	2.7068024514112056e-12
sub-6	all_six_runs	4	03	144	3.3769929677919914	2.969808898899433	0.5967168819272333	3.1699160095372697e-12	2.409714877321068e-12
sub-6	all_six_runs	4	04	144	2.996372001476882	1.8799331420960377	0.5612239849708381	3.4653105843557942e-12	2.1815506306685808e-12
sub-6	all_six_runs	5	01	144	7.564261603616233e-14	3.1600573715660385	4.719907601469259e-16	3.8574731061536004e-12	2.371277786755099e-12
sub-6	all_six_runs	5	02	144	3.1615951041253423	2.4007398893528444	0.6099785919684002	4.4048531010444326e-12	2.667476851258401e-12
sub-6	all_six_runs	5	03	144	3.4957279612110455	2.9399426565502025	0.6174660238246292	3.132878115903038e-12	2.3503012210407146e-12
sub-6	all_six_runs	5	04	144	3.237097188345593	1.9832995699724658	0.5923075528173359	3.5326511511664953e-12	2.1637734091929526e-12
sub-6	all_six_runs	6	01	144	7.981499805275093e-14	3.2034251579062887	6.114304341059378e-16	3.887953445129767e-12	2.3158267207694465e-12
sub-6	all_six_runs	6	02	144	3.159230917889218	2.588820801469173	0.5641117887138896	4.564068130437965e-12	2.7513916443328327e-12
sub-6	all_six_runs	6	03	144	3.4628188756492717	2.874990007644831	0.5924434585638239	3.2562751677254453e-12	2.3398467646527195e-12
sub-6	all_six_runs	6	04	144	3.213191424770338	1.874746436881855	0.6107955659129496	3.529461973427959e-12	2.1629639531588276e-12
sub-6	all_six_runs	7	01	144	8.950380883697667e-14	3.0964918298679085	3.946347254779426e-16	3.848318223460133e-12	2.3552779382520256e-12
sub-6	all_six_runs	7	02	144	3.1603605840819755	2.522662612942541	0.5913607436290865	4.4886288834667225e-12	2.788354599141417e-12
sub-6	all_six_runs	7	03	144	3.488932194072808	3.117828522990098	0.5859421401749889	3.193209447118914e-12	2.447937617941201e-12
sub-6	all_six_runs	7	04	144	3.1032926297060364	1.9169959388285407	0.5921167234111099	3.4871863702987526e-12	2.185604424413299e-12
sub-6	all_six_runs	8	01	144	8.328049247452657e-14	3.1677946448060537	3.340776088358056e-16	3.914785898563805e-12	2.336049039955227e-12
sub-6	all_six_runs	8	02	144	3.1922973745807126	2.4021422835896282	0.6115513767251375	4.603521575807654e-12	2.668343504258889e-12
sub-6	all_six_runs	8	03	144	3.4925506049223944	2.98892105887606	0.5612714165994371	3.2451934902054273e-12	2.4031107988595327e-12
sub-6	all_six_runs	8	04	144	3.160461106530466	1.9058550696357583	0.5920936201151105	3.4652292428257448e-12	2.139433548943741e-12
sub-6	all_six_runs	9	01	144	7.331760205775243e-14	3.1098926216995597	4.3119459750727914e-16	3.882325365976871e-12	2.357082729748888e-12
sub-6	all_six_runs	9	02	144	3.177318787002066	2.56111247471848	0.5963404969372216	4.458234949605895e-12	2.7286612341046285e-12
sub-6	all_six_runs	9	03	144	3.491051839951994	3.0347793493283177	0.6228171693968163	3.1824342460492523e-12	2.358970127910302e-12
sub-6	all_six_runs	9	04	144	3.1898320246804786	1.9212847764958592	0.6020797648922479	3.4964338069938727e-12	2.1771234812507295e-12
sub-6	qc_common_four_runs	0	01	96	8.380389641129231e-14	2.2414652286586834	5.429208132485936e-16	3.8615718938184425e-12	2.4995727313464148e-12
sub-6	qc_common_four_runs	0	02	96	3.159365793583664	2.3012877628445567	0.6194908996413223	4.3161915443764955e-12	2.78521219047364e-12
sub-6	qc_common_four_runs	0	03	96	3.7169123235337467	2.7357274082027048	0.6495971659690915	3.219731555701306e-12	2.096547221027339e-12
sub-6	qc_common_four_runs	0	04	96	3.2626848608232244	1.7113817156612416	0.6384851062976955	3.46176576725656e-12	2.215732235671603e-12
sub-6	qc_common_four_runs	1	01	96	8.722524265437122e-14	2.3274588172024666	5.134256992348715e-16	3.808117337453093e-12	2.4306311343561954e-12
sub-6	qc_common_four_runs	1	02	96	3.1930315425706275	2.3898375909165765	0.6257503691606336	4.069816461435478e-12	2.872208905063503e-12
sub-6	qc_common_four_runs	1	03	96	3.707999173555958	2.7019324595476313	0.6578052080101204	3.2639013535728183e-12	2.1402577606123253e-12
sub-6	qc_common_four_runs	1	04	96	3.29050301191123	1.6195786740580889	0.6455162790160929	3.492776782938394e-12	2.201399160372514e-12
sub-6	qc_common_four_runs	2	01	96	8.710511560333696e-14	2.4816699794085486	5.026868831423396e-16	4.0563330341667886e-12	2.557712040946581e-12
sub-6	qc_common_four_runs	2	02	96	3.1823258215066708	2.345121292864889	0.6226606048454311	4.279680429555677e-12	2.8449672686996773e-12
sub-6	qc_common_four_runs	2	03	96	3.750426993842165	2.7963701855238896	0.6378854433498986	3.2504634279649952e-12	2.1621449510163598e-12
sub-6	qc_common_four_runs	2	04	96	3.318829767881339	1.6417878495161675	0.6181250900122889	3.3521883435649617e-12	2.1319966527395514e-12
sub-6	qc_common_four_runs	3	01	96	7.7511618069969e-14	2.4852723497164906	4.312010041306937e-16	3.9848259681416155e-12	2.4563835072307715e-12
sub-6	qc_common_four_runs	3	02	96	3.1229480815686363	2.2184369938342012	0.6097860429847253	4.054184446576605e-12	2.67625837426273e-12
sub-6	qc_common_four_runs	3	03	96	3.7189669924870827	2.6989326962935944	0.6367194346563328	3.209389566853241e-12	2.1127464147239997e-12
sub-6	qc_common_four_runs	3	04	96	3.249595047327982	1.6417644567332357	0.616486571440722	3.5743808031699532e-12	2.220735186190979e-12
sub-6	qc_common_four_runs	4	01	96	8.66180322232847e-14	2.4836207609952763	4.2894089655487577e-16	3.950500551650198e-12	2.604866677350396e-12
sub-6	qc_common_four_runs	4	02	96	3.1338707409422932	2.211137875974286	0.614109608903459	4.194011329138721e-12	2.668406256744561e-12
sub-6	qc_common_four_runs	4	03	96	3.776226646032908	2.697907685222171	0.6334204136436818	3.061957854358001e-12	2.10306358834681e-12
sub-6	qc_common_four_runs	4	04	96	3.31404485997784	1.6456587176810205	0.6361729017917166	3.389722589323821e-12	2.1672350220294764e-12
sub-6	qc_common_four_runs	5	01	96	8.128227782757484e-14	2.3674111983581074	4.0838508064977365e-16	3.864488807246273e-12	2.4842640073623267e-12
sub-6	qc_common_four_runs	5	02	96	3.170691910676215	2.3075347735199	0.6285782316791114	4.240698928616978e-12	2.7761521636286032e-12
sub-6	qc_common_four_runs	5	03	96	3.719042825096905	2.8684215531173574	0.6452468247439076	3.154387766052583e-12	2.075732085614605e-12
sub-6	qc_common_four_runs	5	04	96	3.2906825911514486	1.6410387369295518	0.6509419228628787	3.4825301041714445e-12	2.1925734601141585e-12
sub-6	qc_common_four_runs	6	01	96	8.629975742806721e-14	2.429495236548876	6.371393624078507e-16	3.944891922681901e-12	2.3842158035825658e-12
sub-6	qc_common_four_runs	6	02	96	3.1588173326806515	2.375363753147289	0.6210957687371438	4.219296380662012e-12	2.7976759756854233e-12
sub-6	qc_common_four_runs	6	03	96	3.7317449308726247	2.892393497634712	0.6463646254886499	3.171609426853513e-12	2.1123599625196525e-12
sub-6	qc_common_four_runs	6	04	96	3.1856307975632716	1.6516856957772135	0.6364818872889664	3.4981998105591064e-12	2.217572213227871e-12
sub-6	qc_common_four_runs	7	01	96	8.275616128324029e-14	2.2709410571064623	3.9431990262009484e-16	3.959483758509039e-12	2.331602255433292e-12
sub-6	qc_common_four_runs	7	02	96	3.18707393354207	2.4090470499332786	0.6250680124300925	4.2826157678852844e-12	2.769132632237795e-12
sub-6	qc_common_four_runs	7	03	96	3.679953529803834	2.7743647996211944	0.6314876346253552	3.2859381955610275e-12	2.1526325843549125e-12
sub-6	qc_common_four_runs	7	04	96	3.18352270286812	1.581567517902766	0.5908010150010949	3.536935078145067e-12	2.1967584227464958e-12
sub-6	qc_common_four_runs	8	01	96	7.82543437641392e-14	2.2653779185231584	5.45240285401033e-16	4.011561277223354e-12	2.4702074211180906e-12
sub-6	qc_common_four_runs	8	02	96	3.1725821918607275	2.1437166116536024	0.6312184490527997	4.2703873605134196e-12	2.7062130938589e-12
sub-6	qc_common_four_runs	8	03	96	3.6582861286564685	2.807522107150577	0.6311304749208795	3.2297825458558936e-12	2.121392950311075e-12
sub-6	qc_common_four_runs	8	04	96	3.207344926846597	1.7970256483329081	0.6199213898915936	3.3727044832087584e-12	2.1606596220645375e-12
sub-6	qc_common_four_runs	9	01	96	8.73920430007729e-14	2.3750505706474496	4.61011123239779e-16	3.968627918184373e-12	2.4609306172855893e-12
sub-6	qc_common_four_runs	9	02	96	3.1710001333486666	2.351279343200371	0.6350240396989743	4.170918183875118e-12	2.821357092389714e-12
sub-6	qc_common_four_runs	9	03	96	3.7230490480443206	2.7707830090551866	0.6626624396266151	3.1977089968161377e-12	2.1171545064561692e-12
sub-6	qc_common_four_runs	9	04	96	3.2180247938864515	1.6055381516444942	0.6424125304776513	3.4717962890584136e-12	2.209223982062099e-12
