subject	session	label	n_trials	frequency_hz	CAR_ROI_PSD_V2_per_Hz	source_reference_ROI_PSD_V2_per_Hz
sub-4	01	rest	96	0.0	4.716968079196015e-13	2.0592307235324987e-12
sub-4	01	rest	96	1.0	2.4480328147264726e-12	9.090416090871069e-12
sub-4	01	rest	96	2.0	1.223647761868728e-12	5.516716258602391e-12
sub-4	01	rest	96	3.0	7.559594286571834e-13	3.355716375920475e-12
sub-4	01	rest	96	4.0	6.444228888670039e-13	2.5994250295122564e-12
sub-4	01	rest	96	5.0	5.229506950777689e-13	1.9772556329781076e-12
sub-4	01	rest	96	6.0	4.31716147083219e-13	1.9253117523906083e-12
sub-4	01	rest	96	7.0	5.454321222056344e-13	3.4115055579648766e-12
sub-4	01	rest	96	8.0	8.118505787338418e-13	5.621537669827035e-12
sub-4	01	rest	96	9.0	7.789579232091439e-13	4.107801996633344e-12
sub-4	01	rest	96	10.0	5.980927423414847e-13	2.382194378207024e-12
sub-4	01	rest	96	11.0	3.9138522420461564e-13	1.2678211446220754e-12
sub-4	01	rest	96	12.0	3.910843031046024e-13	9.458023227939634e-13
sub-4	01	rest	96	13.0	3.0389987606874227e-13	7.375472996588681e-13
sub-4	01	rest	96	14.0	2.085035833293439e-13	6.007538147449813e-13
sub-4	01	rest	96	15.0	2.0776229100119868e-13	5.937674516633459e-13
sub-4	01	rest	96	16.0	2.3051142237755287e-13	6.291607516678874e-13
sub-4	01	rest	96	17.0	2.794462307990624e-13	6.938696476559411e-13
sub-4	01	rest	96	18.0	3.578276244355702e-13	7.929441222853604e-13
sub-4	01	rest	96	19.0	4.049233748044097e-13	8.269291124209906e-13
sub-4	01	rest	96	20.0	4.215650348730037e-13	8.117529705076021e-13
sub-4	01	rest	96	21.0	5.1189540281454e-13	9.033835962260767e-13
sub-4	01	rest	96	22.0	5.557557793609005e-13	9.1549279890721e-13
sub-4	01	rest	96	23.0	5.188017389291613e-13	8.212411433743896e-13
sub-4	01	rest	96	24.0	4.424661760112213e-13	7.588632529966428e-13
sub-4	01	rest	96	25.0	3.5266723027425733e-13	6.219759182916344e-13
sub-4	01	rest	96	26.0	2.5880435901578113e-13	4.806397035628782e-13
sub-4	01	rest	96	27.0	2.0564718600887414e-13	4.207271155340516e-13
sub-4	01	rest	96	28.0	1.6935748277206307e-13	3.572540862432158e-13
sub-4	01	rest	96	29.0	1.45731746674092e-13	3.078708959603312e-13
sub-4	01	rest	96	30.0	1.3759630640001812e-13	2.9752964028981403e-13
sub-4	01	rest	96	31.0	1.2258149587546613e-13	2.816992169002814e-13
sub-4	01	rest	96	32.0	1.17636778116273e-13	2.806358770279625e-13
sub-4	01	rest	96	33.0	1.1673614565021528e-13	2.833050390699343e-13
sub-4	01	rest	96	34.0	1.1585373117648416e-13	2.767506209160859e-13
sub-4	01	rest	96	35.0	1.073272385572205e-13	2.6457535383417324e-13
sub-4	01	rest	96	36.0	1.05800000043602e-13	2.6159950773030275e-13
sub-4	01	rest	96	37.0	1.0523141627206739e-13	2.4411485514564e-13
sub-4	01	rest	96	38.0	1.0024553585205458e-13	2.3005660829621223e-13
sub-4	01	rest	96	39.0	9.524861307034378e-14	2.2716659568812808e-13
sub-4	01	rest	96	40.0	9.351066879119223e-14	2.320630676235063e-13
sub-4	01	rest	96	41.0	8.975836316729894e-14	2.2375174480019692e-13
sub-4	01	rest	96	42.0	8.726993515533764e-14	2.175702830590378e-13
sub-4	01	rest	96	43.0	8.901949663151813e-14	2.225471812839844e-13
sub-4	01	rest	96	44.0	8.473134139590617e-14	2.06911774882972e-13
sub-4	01	rest	96	45.0	8.284095212432059e-14	1.99222240408244e-13
sub-4	01	rest	96	46.0	8.358571975636969e-14	2.006380364884695e-13
sub-4	01	rest	96	47.0	8.145963330585312e-14	1.9693887507967553e-13
sub-4	01	rest	96	48.0	7.749903075552878e-14	1.9059092759695944e-13
sub-4	01	rest	96	49.0	6.773029903804058e-14	1.6743044460889977e-13
sub-4	01	rest	96	50.0	6.75249303715643e-14	1.5616945299851923e-13
sub-4	01	rest	96	51.0	6.01396146392472e-14	1.489563132883001e-13
sub-4	01	rest	96	52.0	5.0431605072023935e-14	1.380853987520286e-13
sub-4	01	rest	96	53.0	4.708963503487102e-14	1.379892957024404e-13
sub-4	01	rest	96	54.0	4.812628105289346e-14	1.365577758011644e-13
sub-4	01	rest	96	55.0	4.772641449950063e-14	1.3779522815846462e-13
sub-4	01	rest	96	56.0	4.424197819978577e-14	1.3168403831602434e-13
sub-4	01	rest	96	57.0	4.1836835533085155e-14	1.251616293316168e-13
sub-4	01	rest	96	58.0	3.9894033744738275e-14	1.1820008300569473e-13
sub-4	01	rest	96	59.0	3.88706853609438e-14	1.178269687813535e-13
sub-4	01	rest	96	60.0	3.678720417098725e-14	1.1618320292690243e-13
sub-4	01	rest	96	61.0	3.551186772449819e-14	1.1214522452147141e-13
sub-4	01	rest	96	62.0	3.6426679385178655e-14	1.1607107263369852e-13
sub-4	01	rest	96	63.0	3.4876750865634e-14	1.0886270030479635e-13
sub-4	01	rest	96	64.0	3.3874039660389016e-14	1.0310927288295066e-13
sub-4	01	rest	96	65.0	3.2234043214104325e-14	9.721625921600139e-14
sub-4	01	rest	96	66.0	3.343719373527341e-14	9.840453923920382e-14
sub-4	01	rest	96	67.0	3.314494370103978e-14	1.0133639884401024e-13
sub-4	01	rest	96	68.0	3.1001467034790534e-14	1.002621199136565e-13
sub-4	01	rest	96	69.0	2.9173816592959376e-14	9.717258584690762e-14
sub-4	01	rest	96	70.0	2.6825761632179634e-14	9.228679854828133e-14
sub-4	01	rest	96	71.0	2.658333586418572e-14	8.61891526315563e-14
sub-4	01	rest	96	72.0	2.5555139492223417e-14	8.309790206302238e-14
sub-4	01	rest	96	73.0	2.538373761146847e-14	8.218630448253591e-14
sub-4	01	rest	96	74.0	2.400312558775063e-14	7.97030048774587e-14
sub-4	01	rest	96	75.0	2.348500576435201e-14	8.10787532045011e-14
sub-4	01	rest	96	76.0	2.3175775353380654e-14	7.826961791112849e-14
sub-4	01	rest	96	77.0	2.2299971632531386e-14	7.368377462614139e-14
sub-4	01	rest	96	78.0	2.1324433893035413e-14	6.92448782805401e-14
sub-4	01	rest	96	79.0	2.0739934566138774e-14	6.905192449842166e-14
sub-4	01	rest	96	80.0	2.0710967603011742e-14	6.68754788645881e-14
sub-4	01	rest	96	81.0	1.978299683254405e-14	6.713200300078016e-14
sub-4	01	rest	96	82.0	1.9473869593751555e-14	6.543101624107097e-14
sub-4	01	rest	96	83.0	2.000253547051627e-14	6.184762115653656e-14
sub-4	01	rest	96	84.0	1.9184446582995782e-14	6.103253022157171e-14
sub-4	01	rest	96	85.0	2.040045556447904e-14	6.193313514357008e-14
sub-4	01	rest	96	86.0	1.8813791112911712e-14	6.660760331471144e-14
sub-4	01	rest	96	87.0	1.7810334183593935e-14	6.429832175274326e-14
sub-4	01	rest	96	88.0	1.7502572875272125e-14	5.96302480961718e-14
sub-4	01	rest	96	89.0	1.7446233520566065e-14	6.064267467711866e-14
sub-4	01	rest	96	90.0	1.7362133354294528e-14	6.116079701841111e-14
sub-4	01	rest	96	91.0	1.8194231520913215e-14	6.04490608938867e-14
sub-4	01	rest	96	92.0	1.7153344071744178e-14	5.616528035037895e-14
sub-4	01	rest	96	93.0	1.6230849809714935e-14	5.407714009873252e-14
sub-4	01	rest	96	94.0	1.619369803541574e-14	5.62923728333575e-14
sub-4	01	rest	96	95.0	1.5686714722461387e-14	5.6761127073880555e-14
sub-4	01	rest	96	96.0	1.5879018189638124e-14	5.468133818193041e-14
sub-4	01	rest	96	97.0	1.5956470745864755e-14	5.252608347939389e-14
sub-4	01	rest	96	98.0	1.627218784072805e-14	5.3216229231728027e-14
sub-4	01	rest	96	99.0	1.5480485252298217e-14	5.499418104184628e-14
sub-4	01	rest	96	100.0	1.463834467521474e-14	5.2757775180999834e-14
sub-4	01	rest	96	101.0	1.4392744809056625e-14	5.2321681018753336e-14
sub-4	01	rest	96	102.0	1.5025157731037525e-14	5.239822488700817e-14
sub-4	01	rest	96	103.0	1.4500662209327392e-14	5.1557202134668536e-14
sub-4	01	rest	96	104.0	1.4597062706513338e-14	5.0640382567329067e-14
sub-4	01	rest	96	105.0	1.4128783402914037e-14	5.116384301222859e-14
sub-4	01	rest	96	106.0	1.4257364616821138e-14	5.2526229123765986e-14
sub-4	01	rest	96	107.0	1.408065027895701e-14	5.001016210922444e-14
sub-4	01	rest	96	108.0	1.4176542907258726e-14	4.771198526710223e-14
sub-4	01	rest	96	109.0	1.3870779019014027e-14	4.9084702644253894e-14
sub-4	01	rest	96	110.0	1.3864541613786643e-14	4.938135239054628e-14
sub-4	01	rest	96	111.0	1.3751601139200805e-14	4.777487259093378e-14
sub-4	01	rest	96	112.0	1.3554436441022548e-14	4.58493729157907e-14
sub-4	01	rest	96	113.0	1.375865116510608e-14	4.555803290769238e-14
sub-4	01	rest	96	114.0	1.4539870615865048e-14	4.85799712395114e-14
sub-4	01	rest	96	115.0	1.3339390902552751e-14	4.5662158731500135e-14
sub-4	01	rest	96	116.0	1.2953077746924961e-14	4.4255597107026674e-14
sub-4	01	rest	96	117.0	1.3451084209107824e-14	4.511353864966518e-14
sub-4	01	rest	96	118.0	1.336752196192096e-14	4.565218014974491e-14
sub-4	01	rest	96	119.0	1.4061621609286059e-14	4.8379496710589735e-14
sub-4	01	rest	96	120.0	1.4378671794712234e-14	5.078954250759889e-14
sub-4	01	rest	96	121.0	1.2691560991923608e-14	4.821141954131992e-14
sub-4	01	rest	96	122.0	1.2412326244116287e-14	4.499316905023501e-14
sub-4	01	rest	96	123.0	1.3212131831179045e-14	4.618041958885127e-14
sub-4	01	rest	96	124.0	1.3063515366089099e-14	4.906576415108583e-14
sub-4	01	rest	96	125.0	6.293948570116298e-15	2.4664387004496613e-14
sub-4	01	right_hand	96	0.0	4.570687906428121e-13	2.3206975939751765e-12
sub-4	01	right_hand	96	1.0	2.4364000942630162e-12	9.834681873645707e-12
sub-4	01	right_hand	96	2.0	1.1743916345902128e-12	5.611304956802478e-12
sub-4	01	right_hand	96	3.0	7.384669461226929e-13	3.764029054130024e-12
sub-4	01	right_hand	96	4.0	6.420267158078916e-13	2.7469253216795048e-12
sub-4	01	right_hand	96	5.0	4.993668591744043e-13	1.9892804116349282e-12
sub-4	01	right_hand	96	6.0	4.1521220063340327e-13	1.8438017978668273e-12
sub-4	01	right_hand	96	7.0	5.001365926423173e-13	2.9154516729052433e-12
sub-4	01	right_hand	96	8.0	7.386533300069541e-13	4.88986655369951e-12
sub-4	01	right_hand	96	9.0	7.674974319301555e-13	4.15805972671101e-12
sub-4	01	right_hand	96	10.0	5.352870627492965e-13	2.336304924731745e-12
sub-4	01	right_hand	96	11.0	3.684735382753242e-13	1.0885617702741027e-12
sub-4	01	right_hand	96	12.0	3.618680748468356e-13	8.696866782244312e-13
sub-4	01	right_hand	96	13.0	2.606825133614654e-13	7.022853557416465e-13
sub-4	01	right_hand	96	14.0	2.0355581163493611e-13	6.222924467111634e-13
sub-4	01	right_hand	96	15.0	2.2252696453389104e-13	6.306596427239358e-13
sub-4	01	right_hand	96	16.0	2.5958107902703764e-13	6.527348076879044e-13
sub-4	01	right_hand	96	17.0	3.2063599224669884e-13	6.981835926917461e-13
sub-4	01	right_hand	96	18.0	4.0715077630228983e-13	8.476554007511735e-13
sub-4	01	right_hand	96	19.0	4.4101743230639674e-13	8.978655109719266e-13
sub-4	01	right_hand	96	20.0	4.749772902511425e-13	8.786554683227437e-13
sub-4	01	right_hand	96	21.0	4.778673700576693e-13	8.874189586772584e-13
sub-4	01	right_hand	96	22.0	4.776124700747778e-13	8.729176754386373e-13
sub-4	01	right_hand	96	23.0	4.508845203717515e-13	8.081861237216167e-13
sub-4	01	right_hand	96	24.0	3.877865776597859e-13	7.285454657017962e-13
sub-4	01	right_hand	96	25.0	3.2037909800985836e-13	6.594358723228366e-13
sub-4	01	right_hand	96	26.0	2.560079187159221e-13	5.374223953682653e-13
sub-4	01	right_hand	96	27.0	2.1457598904759736e-13	4.828014325407508e-13
sub-4	01	right_hand	96	28.0	1.843541502850351e-13	4.1910109719403017e-13
sub-4	01	right_hand	96	29.0	1.5901894907760497e-13	3.8226124101108543e-13
sub-4	01	right_hand	96	30.0	1.398738460766706e-13	3.4780684685724e-13
sub-4	01	right_hand	96	31.0	1.3457361000975021e-13	3.224797248004745e-13
sub-4	01	right_hand	96	32.0	1.2688623434072277e-13	3.2307946366762417e-13
sub-4	01	right_hand	96	33.0	1.144338508893291e-13	3.020398104542991e-13
sub-4	01	right_hand	96	34.0	1.1571817947826849e-13	2.8662187826855084e-13
sub-4	01	right_hand	96	35.0	1.14033019430466e-13	2.8598647497268275e-13
sub-4	01	right_hand	96	36.0	1.1143089904228584e-13	2.880708097707913e-13
sub-4	01	right_hand	96	37.0	1.0951695655499732e-13	2.8368232883272157e-13
sub-4	01	right_hand	96	38.0	1.0789864646602775e-13	2.735923812159916e-13
sub-4	01	right_hand	96	39.0	1.071250513539421e-13	2.6708964330120703e-13
sub-4	01	right_hand	96	40.0	9.986181629604687e-14	2.574861499473019e-13
sub-4	01	right_hand	96	41.0	9.567677952088379e-14	2.5442858380778684e-13
sub-4	01	right_hand	96	42.0	9.445396127932945e-14	2.463373210426953e-13
sub-4	01	right_hand	96	43.0	9.210175536395966e-14	2.365239548638692e-13
sub-4	01	right_hand	96	44.0	8.893679007905548e-14	2.331061685324414e-13
sub-4	01	right_hand	96	45.0	9.150329642996332e-14	2.311613451609692e-13
sub-4	01	right_hand	96	46.0	9.099862416827073e-14	2.298892978150039e-13
sub-4	01	right_hand	96	47.0	8.04143184478518e-14	2.2083888934747176e-13
sub-4	01	right_hand	96	48.0	7.173223175784639e-14	2.056916426148325e-13
sub-4	01	right_hand	96	49.0	6.577663802347105e-14	1.9690828603690487e-13
sub-4	01	right_hand	96	50.0	6.44332669547873e-14	1.8279789786540887e-13
sub-4	01	right_hand	96	51.0	5.816404012829696e-14	1.6652720635805277e-13
sub-4	01	right_hand	96	52.0	5.6571904696334435e-14	1.6327141816779244e-13
sub-4	01	right_hand	96	53.0	5.1054390941148394e-14	1.5671169012318126e-13
sub-4	01	right_hand	96	54.0	4.843413589967971e-14	1.5739598230683362e-13
sub-4	01	right_hand	96	55.0	4.7010819485411766e-14	1.508288789194397e-13
sub-4	01	right_hand	96	56.0	4.667455879620431e-14	1.5057970220961672e-13
sub-4	01	right_hand	96	57.0	4.335072086599711e-14	1.354954216604733e-13
sub-4	01	right_hand	96	58.0	4.200990780440557e-14	1.3300943266824754e-13
sub-4	01	right_hand	96	59.0	4.064562277156323e-14	1.2380839143902633e-13
sub-4	01	right_hand	96	60.0	4.105976500555266e-14	1.2383457702434434e-13
sub-4	01	right_hand	96	61.0	3.719073229195817e-14	1.1620314523432267e-13
sub-4	01	right_hand	96	62.0	3.5840481619985226e-14	1.1340780182877172e-13
sub-4	01	right_hand	96	63.0	3.3228675817474846e-14	1.0858659084542116e-13
sub-4	01	right_hand	96	64.0	3.2852426591101515e-14	1.0717050609031541e-13
sub-4	01	right_hand	96	65.0	3.286725057812131e-14	1.0576927045415153e-13
sub-4	01	right_hand	96	66.0	3.1092145295038284e-14	1.1249214562346366e-13
sub-4	01	right_hand	96	67.0	3.1004288973968775e-14	1.1081379476876468e-13
sub-4	01	right_hand	96	68.0	2.913356756912098e-14	9.596107534250026e-14
sub-4	01	right_hand	96	69.0	2.905812485639047e-14	9.772812957789908e-14
sub-4	01	right_hand	96	70.0	2.732856069929696e-14	9.122070325498353e-14
sub-4	01	right_hand	96	71.0	2.729076850019048e-14	9.189422531391111e-14
sub-4	01	right_hand	96	72.0	2.6112289672837424e-14	8.856269650608796e-14
sub-4	01	right_hand	96	73.0	2.619796778641479e-14	9.047810139794185e-14
sub-4	01	right_hand	96	74.0	2.621042430633423e-14	8.76380723417024e-14
sub-4	01	right_hand	96	75.0	2.4584085742615766e-14	8.428540042314904e-14
sub-4	01	right_hand	96	76.0	2.264685523283993e-14	7.781249412525699e-14
sub-4	01	right_hand	96	77.0	2.279742254998587e-14	7.951085211458084e-14
sub-4	01	right_hand	96	78.0	2.227276221866631e-14	7.539954276142348e-14
sub-4	01	right_hand	96	79.0	2.1805250352501105e-14	7.154002746311352e-14
sub-4	01	right_hand	96	80.0	2.1611538329830238e-14	7.70002501098672e-14
sub-4	01	right_hand	96	81.0	2.052521931356715e-14	7.682904586564555e-14
sub-4	01	right_hand	96	82.0	2.1696986565098873e-14	7.685024982280869e-14
sub-4	01	right_hand	96	83.0	2.0843434954520587e-14	7.47279478295337e-14
sub-4	01	right_hand	96	84.0	1.9825298040968548e-14	6.724129515898046e-14
sub-4	01	right_hand	96	85.0	1.9145156789026768e-14	6.669931421528589e-14
sub-4	01	right_hand	96	86.0	1.9811335386699798e-14	6.753631384916286e-14
sub-4	01	right_hand	96	87.0	2.0093029774711817e-14	6.472412158371843e-14
sub-4	01	right_hand	96	88.0	1.917607906390732e-14	6.321405492408066e-14
sub-4	01	right_hand	96	89.0	1.805195138718391e-14	6.321324784927325e-14
sub-4	01	right_hand	96	90.0	1.6351923507527265e-14	6.129210847983373e-14
sub-4	01	right_hand	96	91.0	1.6907038287634133e-14	5.822981968080305e-14
sub-4	01	right_hand	96	92.0	1.731143444618261e-14	5.873150301999904e-14
sub-4	01	right_hand	96	93.0	1.7018957475084574e-14	5.96254175847602e-14
sub-4	01	right_hand	96	94.0	1.6812569432609103e-14	5.890188228968526e-14
sub-4	01	right_hand	96	95.0	1.5995721028459992e-14	5.900205737469367e-14
sub-4	01	right_hand	96	96.0	1.547736649760615e-14	5.833180805427052e-14
sub-4	01	right_hand	96	97.0	1.5627748901473984e-14	5.603220995303471e-14
sub-4	01	right_hand	96	98.0	1.600542174732117e-14	5.48854341158945e-14
sub-4	01	right_hand	96	99.0	1.639202973630657e-14	5.639542768960634e-14
sub-4	01	right_hand	96	100.0	1.6373724167825755e-14	5.725087624455601e-14
sub-4	01	right_hand	96	101.0	1.51603659083279e-14	5.485549721807662e-14
sub-4	01	right_hand	96	102.0	1.560249130990041e-14	5.4715933232399766e-14
sub-4	01	right_hand	96	103.0	1.55534428773992e-14	5.739959322657997e-14
sub-4	01	right_hand	96	104.0	1.4638216930537342e-14	5.4510365786373213e-14
sub-4	01	right_hand	96	105.0	1.4330228637950432e-14	5.34815498789279e-14
sub-4	01	right_hand	96	106.0	1.399724385074642e-14	5.31062770708446e-14
sub-4	01	right_hand	96	107.0	1.4247245835112467e-14	5.071890609755868e-14
sub-4	01	right_hand	96	108.0	1.4187092367252382e-14	5.095109624683141e-14
sub-4	01	right_hand	96	109.0	1.468967504455978e-14	5.18255705312002e-14
sub-4	01	right_hand	96	110.0	1.467608192635422e-14	5.327454940547407e-14
sub-4	01	right_hand	96	111.0	1.3962249831385415e-14	5.5194643659595065e-14
sub-4	01	right_hand	96	112.0	1.4451829819837756e-14	4.9788853173424096e-14
sub-4	01	right_hand	96	113.0	1.408257304760034e-14	5.0538501445719876e-14
sub-4	01	right_hand	96	114.0	1.3725735466182904e-14	5.071880525419016e-14
sub-4	01	right_hand	96	115.0	1.3052087067077731e-14	5.020601511826917e-14
sub-4	01	right_hand	96	116.0	1.3362633762182953e-14	5.005557879860023e-14
sub-4	01	right_hand	96	117.0	1.4191089893026637e-14	4.969397063931505e-14
sub-4	01	right_hand	96	118.0	1.4045912262983205e-14	5.2565865968892333e-14
sub-4	01	right_hand	96	119.0	1.3868412748379817e-14	5.365210721892769e-14
sub-4	01	right_hand	96	120.0	1.3800293449926607e-14	5.26965980784089e-14
sub-4	01	right_hand	96	121.0	1.3783799955253572e-14	5.34514745227372e-14
sub-4	01	right_hand	96	122.0	1.3154290253194341e-14	5.0721009987470357e-14
sub-4	01	right_hand	96	123.0	1.2978866110722462e-14	5.25040950057632e-14
sub-4	01	right_hand	96	124.0	1.3017576204033708e-14	5.254093882724965e-14
sub-4	01	right_hand	96	125.0	6.4013189602841886e-15	2.45850660522206e-14
sub-4	02	rest	96	0.0	5.310407605290348e-13	2.382390801153273e-12
sub-4	02	rest	96	1.0	2.532448617879993e-12	9.973113843167242e-12
sub-4	02	rest	96	2.0	1.1965500568253003e-12	5.144342502628982e-12
sub-4	02	rest	96	3.0	6.955793607134954e-13	3.238290464339787e-12
sub-4	02	rest	96	4.0	6.357995236968516e-13	2.7510600620319222e-12
sub-4	02	rest	96	5.0	5.840654877042496e-13	2.4075158353731347e-12
sub-4	02	rest	96	6.0	5.15308939343077e-13	2.3446195828842703e-12
sub-4	02	rest	96	7.0	7.231298747005522e-13	4.692970030075435e-12
sub-4	02	rest	96	8.0	1.1517794484394796e-12	7.945704120396483e-12
sub-4	02	rest	96	9.0	9.516770552165295e-13	4.943646106954213e-12
sub-4	02	rest	96	10.0	6.53322395103359e-13	2.4827660200421303e-12
sub-4	02	rest	96	11.0	3.88670923073165e-13	1.246940246977475e-12
sub-4	02	rest	96	12.0	3.662070509934879e-13	9.222907495454264e-13
sub-4	02	rest	96	13.0	2.822432184061109e-13	7.295303469704436e-13
sub-4	02	rest	96	14.0	2.1491668994892272e-13	6.948290336274222e-13
sub-4	02	rest	96	15.0	2.2222704546476365e-13	7.082531103477342e-13
sub-4	02	rest	96	16.0	2.488711753324644e-13	7.091628352977088e-13
sub-4	02	rest	96	17.0	3.0848499179768984e-13	7.283907828640279e-13
sub-4	02	rest	96	18.0	3.6722218672821204e-13	7.858900966430098e-13
sub-4	02	rest	96	19.0	3.819030993166848e-13	7.861618717502972e-13
sub-4	02	rest	96	20.0	4.1013694313687687e-13	7.626833920962956e-13
sub-4	02	rest	96	21.0	4.494434742078055e-13	8.265494804411562e-13
sub-4	02	rest	96	22.0	4.637580169920606e-13	8.556085528499787e-13
sub-4	02	rest	96	23.0	4.434572037315947e-13	7.862323367994143e-13
sub-4	02	rest	96	24.0	4.0266002592507544e-13	6.982829291721168e-13
sub-4	02	rest	96	25.0	3.576775189506554e-13	6.304342152316072e-13
sub-4	02	rest	96	26.0	3.097398399901755e-13	5.630518033385941e-13
sub-4	02	rest	96	27.0	2.540339379892193e-13	4.773060708028499e-13
sub-4	02	rest	96	28.0	2.1490785797542352e-13	4.2440792362874353e-13
sub-4	02	rest	96	29.0	2.003876656358865e-13	3.9180577581997515e-13
sub-4	02	rest	96	30.0	1.8853562719360515e-13	3.9835374139055955e-13
sub-4	02	rest	96	31.0	1.7465702749443842e-13	3.759784206854558e-13
sub-4	02	rest	96	32.0	1.4977200899241256e-13	3.238159246570577e-13
sub-4	02	rest	96	33.0	1.383503437232051e-13	2.991825226995805e-13
sub-4	02	rest	96	34.0	1.3060201422796224e-13	2.909630185691972e-13
sub-4	02	rest	96	35.0	1.180880373049548e-13	2.661117758296096e-13
sub-4	02	rest	96	36.0	1.104534140241383e-13	2.3836827168471366e-13
sub-4	02	rest	96	37.0	1.0813995337450038e-13	2.407894098984532e-13
sub-4	02	rest	96	38.0	1.0436037514502536e-13	2.39571972277164e-13
sub-4	02	rest	96	39.0	1.0384105953864847e-13	2.2805160268108516e-13
sub-4	02	rest	96	40.0	1.0181191284976947e-13	2.2734274496570878e-13
sub-4	02	rest	96	41.0	9.957360363065341e-14	2.2514089896906343e-13
sub-4	02	rest	96	42.0	1.0295271501713628e-13	2.1124408730550308e-13
sub-4	02	rest	96	43.0	9.955232965358593e-14	2.1522152498573077e-13
sub-4	02	rest	96	44.0	9.276773124707207e-14	2.041396286062237e-13
sub-4	02	rest	96	45.0	9.000441389397799e-14	1.9975534682866644e-13
sub-4	02	rest	96	46.0	8.531858112609247e-14	1.9755840279221846e-13
sub-4	02	rest	96	47.0	8.795387216100126e-14	2.0471199280221526e-13
sub-4	02	rest	96	48.0	8.062093571676834e-14	1.925042027586127e-13
sub-4	02	rest	96	49.0	7.804483084768966e-14	1.8493039994591676e-13
sub-4	02	rest	96	50.0	8.363913587859765e-14	1.915406551057395e-13
sub-4	02	rest	96	51.0	6.917020232230134e-14	1.7604918583179968e-13
sub-4	02	rest	96	52.0	6.182700968068383e-14	1.640375055492012e-13
sub-4	02	rest	96	53.0	6.308910538286305e-14	1.6259891837871353e-13
sub-4	02	rest	96	54.0	5.2877101596151263e-14	1.430827791823449e-13
sub-4	02	rest	96	55.0	5.0822768888443416e-14	1.3765424151169243e-13
sub-4	02	rest	96	56.0	5.3289849705320694e-14	1.3778246253799508e-13
sub-4	02	rest	96	57.0	5.210384408810395e-14	1.3803809407290755e-13
sub-4	02	rest	96	58.0	4.816183920621294e-14	1.3300875770392277e-13
sub-4	02	rest	96	59.0	4.6054672521312685e-14	1.2895171204427725e-13
sub-4	02	rest	96	60.0	4.2677852985565154e-14	1.2084234561006662e-13
sub-4	02	rest	96	61.0	4.356818996892705e-14	1.2093055906230732e-13
sub-4	02	rest	96	62.0	4.322915293930039e-14	1.1468095595468028e-13
sub-4	02	rest	96	63.0	4.2846240849796255e-14	1.1456393708860484e-13
sub-4	02	rest	96	64.0	4.0602260858151085e-14	1.193710886437166e-13
sub-4	02	rest	96	65.0	3.79182097736567e-14	1.0842835996523652e-13
sub-4	02	rest	96	66.0	3.490092209799631e-14	9.909418117876566e-14
sub-4	02	rest	96	67.0	3.21566393965903e-14	9.296081480980841e-14
sub-4	02	rest	96	68.0	3.0925228023045796e-14	9.82045545868297e-14
sub-4	02	rest	96	69.0	3.0362852364720885e-14	9.658269048601465e-14
sub-4	02	rest	96	70.0	3.1563595590640585e-14	1.0054911028340827e-13
sub-4	02	rest	96	71.0	3.087350096591433e-14	9.650423526176931e-14
sub-4	02	rest	96	72.0	3.1800400801941524e-14	9.368411326117483e-14
sub-4	02	rest	96	73.0	3.061121702864983e-14	9.360774047799628e-14
sub-4	02	rest	96	74.0	2.94996518982755e-14	9.731485020628101e-14
sub-4	02	rest	96	75.0	2.771793555909887e-14	9.200678619791523e-14
sub-4	02	rest	96	76.0	2.5900074161748505e-14	8.812617658813e-14
sub-4	02	rest	96	77.0	2.6509309430483924e-14	8.853243018504956e-14
sub-4	02	rest	96	78.0	2.6334349362579653e-14	8.807757875518483e-14
sub-4	02	rest	96	79.0	2.5019184876476877e-14	8.010546928604074e-14
sub-4	02	rest	96	80.0	2.4580872580674263e-14	7.718203205382866e-14
sub-4	02	rest	96	81.0	2.377886538628888e-14	7.175925876083642e-14
sub-4	02	rest	96	82.0	2.198079102673606e-14	7.122702856007344e-14
sub-4	02	rest	96	83.0	2.2001410213354657e-14	7.375139610725954e-14
sub-4	02	rest	96	84.0	2.212722800910586e-14	6.89183430424613e-14
sub-4	02	rest	96	85.0	2.139441137747806e-14	6.84931098898374e-14
sub-4	02	rest	96	86.0	2.0514073567700142e-14	6.964639993633113e-14
sub-4	02	rest	96	87.0	1.9498652969398607e-14	6.995532715388114e-14
sub-4	02	rest	96	88.0	1.9401402107166897e-14	6.810963689497263e-14
sub-4	02	rest	96	89.0	2.054165892251354e-14	6.655124361227452e-14
sub-4	02	rest	96	90.0	2.0785481229512093e-14	6.562008451743596e-14
sub-4	02	rest	96	91.0	1.9621534545736717e-14	6.375899263760858e-14
sub-4	02	rest	96	92.0	1.851793310684417e-14	6.584070419248751e-14
sub-4	02	rest	96	93.0	1.8248093642781726e-14	6.714484918853056e-14
sub-4	02	rest	96	94.0	1.7585916522492268e-14	6.617405953015642e-14
sub-4	02	rest	96	95.0	1.7905579247832502e-14	6.326513532134464e-14
sub-4	02	rest	96	96.0	1.851473270347099e-14	6.122110518292191e-14
sub-4	02	rest	96	97.0	1.732819130323657e-14	6.164142921849477e-14
sub-4	02	rest	96	98.0	1.7013233162903844e-14	6.129359885783597e-14
sub-4	02	rest	96	99.0	1.6628061945437643e-14	5.733229132371163e-14
sub-4	02	rest	96	100.0	1.6653869226638417e-14	6.009576213458191e-14
sub-4	02	rest	96	101.0	1.6717314003462002e-14	5.81826981723946e-14
sub-4	02	rest	96	102.0	1.6151784199204042e-14	5.62910096103029e-14
sub-4	02	rest	96	103.0	1.6668307619487725e-14	5.734071986567598e-14
sub-4	02	rest	96	104.0	1.6238681346290512e-14	6.026299253636408e-14
sub-4	02	rest	96	105.0	1.5165042220265167e-14	5.5227936343708345e-14
sub-4	02	rest	96	106.0	1.5862108384498445e-14	5.301410198503169e-14
sub-4	02	rest	96	107.0	1.6726559578440898e-14	5.4761645496044584e-14
sub-4	02	rest	96	108.0	1.5786190033571613e-14	6.080320539959855e-14
sub-4	02	rest	96	109.0	1.6398066680394322e-14	5.735089613378136e-14
sub-4	02	rest	96	110.0	1.4390193206176805e-14	5.3109007334041764e-14
sub-4	02	rest	96	111.0	1.483621226968665e-14	5.520486866261535e-14
sub-4	02	rest	96	112.0	1.523725262517365e-14	5.4786394367931806e-14
sub-4	02	rest	96	113.0	1.5891861126732204e-14	5.873505916480116e-14
sub-4	02	rest	96	114.0	1.5325850509048486e-14	5.411403323967118e-14
sub-4	02	rest	96	115.0	1.558456380407037e-14	5.234282653720628e-14
sub-4	02	rest	96	116.0	1.4749513584449497e-14	5.411467077445727e-14
sub-4	02	rest	96	117.0	1.512994511099527e-14	5.445706396187351e-14
sub-4	02	rest	96	118.0	1.5419787137068233e-14	5.536697353611163e-14
sub-4	02	rest	96	119.0	1.5958210587774836e-14	5.804389488152865e-14
sub-4	02	rest	96	120.0	1.5593397092229806e-14	5.636585277560315e-14
sub-4	02	rest	96	121.0	1.4551921214484622e-14	5.490395296236799e-14
sub-4	02	rest	96	122.0	1.4721939642091936e-14	5.436031710440125e-14
sub-4	02	rest	96	123.0	1.544917368832488e-14	5.304011195007452e-14
sub-4	02	rest	96	124.0	1.5144749476763827e-14	5.148987661375597e-14
sub-4	02	rest	96	125.0	7.15922342062792e-15	2.5785415879825433e-14
sub-4	02	right_hand	96	0.0	5.47232004657553e-13	2.633340655552194e-12
sub-4	02	right_hand	96	1.0	2.9910344866082312e-12	1.095481904339561e-11
sub-4	02	right_hand	96	2.0	1.4349103624022913e-12	6.695330847752752e-12
sub-4	02	right_hand	96	3.0	8.564243079665285e-13	4.347644247626333e-12
sub-4	02	right_hand	96	4.0	7.102056152125675e-13	3.257838270948591e-12
sub-4	02	right_hand	96	5.0	5.649079358660427e-13	2.5973064476739378e-12
sub-4	02	right_hand	96	6.0	4.646231352934193e-13	2.2692975594535247e-12
sub-4	02	right_hand	96	7.0	6.931801015455661e-13	4.590521521096002e-12
sub-4	02	right_hand	96	8.0	1.1246156866520935e-12	7.934627964107276e-12
sub-4	02	right_hand	96	9.0	9.557450258614876e-13	5.48504584772599e-12
sub-4	02	right_hand	96	10.0	5.969646608114439e-13	2.6029937606313054e-12
sub-4	02	right_hand	96	11.0	3.638095185936927e-13	1.1834304972655869e-12
sub-4	02	right_hand	96	12.0	3.1465752409863544e-13	9.015212451623322e-13
sub-4	02	right_hand	96	13.0	2.567481163802714e-13	7.525728646583845e-13
sub-4	02	right_hand	96	14.0	2.44556694151761e-13	7.343725355976141e-13
sub-4	02	right_hand	96	15.0	2.6741194431530407e-13	7.64194138772866e-13
sub-4	02	right_hand	96	16.0	3.330432129869852e-13	8.24154503432015e-13
sub-4	02	right_hand	96	17.0	4.3160871344777397e-13	9.112665420312086e-13
sub-4	02	right_hand	96	18.0	4.874226586151857e-13	9.981079364527838e-13
sub-4	02	right_hand	96	19.0	5.035137754565333e-13	1.047736997098398e-12
sub-4	02	right_hand	96	20.0	5.360621665022449e-13	1.0394885171696735e-12
sub-4	02	right_hand	96	21.0	5.194664491121896e-13	1.002775977427275e-12
sub-4	02	right_hand	96	22.0	4.899511821475564e-13	9.72190476976818e-13
sub-4	02	right_hand	96	23.0	4.5239641998080186e-13	9.023779595978086e-13
sub-4	02	right_hand	96	24.0	4.3425525193834933e-13	8.392935861020098e-13
sub-4	02	right_hand	96	25.0	3.6308244927484907e-13	6.904337304182561e-13
sub-4	02	right_hand	96	26.0	2.876663148758589e-13	5.784191413325038e-13
sub-4	02	right_hand	96	27.0	2.486714206220382e-13	5.049696866763066e-13
sub-4	02	right_hand	96	28.0	2.0065908188919476e-13	4.348175034548958e-13
sub-4	02	right_hand	96	29.0	1.749331689360994e-13	4.0429298588503284e-13
sub-4	02	right_hand	96	30.0	1.684457641036496e-13	3.8318385652292173e-13
sub-4	02	right_hand	96	31.0	1.556549865737951e-13	3.6542650503591994e-13
sub-4	02	right_hand	96	32.0	1.4221572622261927e-13	3.592901851192134e-13
sub-4	02	right_hand	96	33.0	1.4028011376180278e-13	3.357507452977853e-13
sub-4	02	right_hand	96	34.0	1.4220139949748903e-13	3.394607986912054e-13
sub-4	02	right_hand	96	35.0	1.3391044210936237e-13	3.209433356198829e-13
sub-4	02	right_hand	96	36.0	1.3199848999912847e-13	3.0896304633507605e-13
sub-4	02	right_hand	96	37.0	1.2038061273292906e-13	3.092977825732002e-13
sub-4	02	right_hand	96	38.0	1.168335945700154e-13	3.097181183845401e-13
sub-4	02	right_hand	96	39.0	1.0940734232240326e-13	2.8518764313640523e-13
sub-4	02	right_hand	96	40.0	1.0896438542194112e-13	2.802942099325172e-13
sub-4	02	right_hand	96	41.0	1.0071488736554541e-13	2.561691625879592e-13
sub-4	02	right_hand	96	42.0	1.0494860608438577e-13	2.6765640504705466e-13
sub-4	02	right_hand	96	43.0	1.0541520860815835e-13	2.696746210658206e-13
sub-4	02	right_hand	96	44.0	9.804216974751812e-14	2.5052911251058557e-13
sub-4	02	right_hand	96	45.0	9.158589054654541e-14	2.4391555960029064e-13
sub-4	02	right_hand	96	46.0	8.53549164930811e-14	2.345767511238455e-13
sub-4	02	right_hand	96	47.0	8.000108893803132e-14	2.103871006369035e-13
sub-4	02	right_hand	96	48.0	7.988359504216453e-14	2.0937215822641204e-13
sub-4	02	right_hand	96	49.0	7.871331762407912e-14	2.1281885944874715e-13
sub-4	02	right_hand	96	50.0	8.339151589446524e-14	2.1378954654333307e-13
sub-4	02	right_hand	96	51.0	7.090290063201429e-14	1.891306686911607e-13
sub-4	02	right_hand	96	52.0	6.022420128367647e-14	1.7703953123274566e-13
sub-4	02	right_hand	96	53.0	6.041954778839098e-14	1.7853828592022103e-13
sub-4	02	right_hand	96	54.0	5.552560430925993e-14	1.6563785617800612e-13
sub-4	02	right_hand	96	55.0	5.228786026014729e-14	1.6002354985523083e-13
sub-4	02	right_hand	96	56.0	4.8044313259613256e-14	1.5144652737212326e-13
sub-4	02	right_hand	96	57.0	4.8157948691115356e-14	1.5312996979396482e-13
sub-4	02	right_hand	96	58.0	4.6528848213086266e-14	1.4416332740300142e-13
sub-4	02	right_hand	96	59.0	4.337173615296959e-14	1.3381103095722949e-13
sub-4	02	right_hand	96	60.0	4.311546272069708e-14	1.3346603283076925e-13
sub-4	02	right_hand	96	61.0	3.983873775699971e-14	1.281071138629846e-13
sub-4	02	right_hand	96	62.0	3.778744707793817e-14	1.27176666599433e-13
sub-4	02	right_hand	96	63.0	3.8490353594435395e-14	1.2395965721299571e-13
sub-4	02	right_hand	96	64.0	3.589442351979025e-14	1.2132824680161036e-13
sub-4	02	right_hand	96	65.0	3.4781990109100914e-14	1.1249798373172417e-13
sub-4	02	right_hand	96	66.0	3.492197988129845e-14	1.1716000165646296e-13
sub-4	02	right_hand	96	67.0	3.28421450765045e-14	1.1163587393228513e-13
sub-4	02	right_hand	96	68.0	3.175172599382653e-14	1.064327691221723e-13
sub-4	02	right_hand	96	69.0	3.049885476838382e-14	1.0574828317607804e-13
sub-4	02	right_hand	96	70.0	2.8383451936886614e-14	1.0552077459446937e-13
sub-4	02	right_hand	96	71.0	2.929137021879722e-14	1.0515184924892426e-13
sub-4	02	right_hand	96	72.0	3.0338996872354856e-14	1.0197865553939998e-13
sub-4	02	right_hand	96	73.0	3.0054615231410514e-14	9.928369866299918e-14
sub-4	02	right_hand	96	74.0	2.784630203257846e-14	9.535451577263005e-14
sub-4	02	right_hand	96	75.0	2.610877888177869e-14	8.993964815955153e-14
sub-4	02	right_hand	96	76.0	2.6373429237110623e-14	8.653661950280477e-14
sub-4	02	right_hand	96	77.0	2.574682061129929e-14	8.792445674633067e-14
sub-4	02	right_hand	96	78.0	2.4660508974643447e-14	8.796418672741151e-14
sub-4	02	right_hand	96	79.0	2.5002316804949623e-14	8.786317008611415e-14
sub-4	02	right_hand	96	80.0	2.3910686893402998e-14	8.540866149611351e-14
sub-4	02	right_hand	96	81.0	2.255393164017393e-14	7.95585793059736e-14
sub-4	02	right_hand	96	82.0	2.229896674163201e-14	8.353445574052873e-14
sub-4	02	right_hand	96	83.0	2.2587229127116297e-14	8.154000411674241e-14
sub-4	02	right_hand	96	84.0	2.209260823330233e-14	7.706487931485887e-14
sub-4	02	right_hand	96	85.0	2.1848804342784825e-14	8.055583996824203e-14
sub-4	02	right_hand	96	86.0	2.1782052487846023e-14	7.97803821019768e-14
sub-4	02	right_hand	96	87.0	1.9973009459861176e-14	7.423163840659384e-14
sub-4	02	right_hand	96	88.0	1.952073334914411e-14	7.188638586819351e-14
sub-4	02	right_hand	96	89.0	1.965261156672418e-14	6.752104343308163e-14
sub-4	02	right_hand	96	90.0	1.9374245254345508e-14	6.927022748627868e-14
sub-4	02	right_hand	96	91.0	1.868851572621548e-14	7.427212022942303e-14
sub-4	02	right_hand	96	92.0	1.847725119147032e-14	7.123513100731636e-14
sub-4	02	right_hand	96	93.0	1.9533812835404413e-14	7.271719894494614e-14
sub-4	02	right_hand	96	94.0	1.869445402738035e-14	7.05875004639731e-14
sub-4	02	right_hand	96	95.0	1.8072074956154496e-14	6.818801558363792e-14
sub-4	02	right_hand	96	96.0	1.7188733905686095e-14	6.838984325064e-14
sub-4	02	right_hand	96	97.0	1.7720796486198775e-14	6.896784458618299e-14
sub-4	02	right_hand	96	98.0	1.7241387313821585e-14	6.787210124467715e-14
sub-4	02	right_hand	96	99.0	1.8000467062081507e-14	6.998524347300841e-14
sub-4	02	right_hand	96	100.0	1.8899881841164822e-14	7.116649013811201e-14
sub-4	02	right_hand	96	101.0	1.837657422801255e-14	6.918836175536762e-14
sub-4	02	right_hand	96	102.0	1.637199726620134e-14	6.578184857949873e-14
sub-4	02	right_hand	96	103.0	1.6097671500864233e-14	5.878917583843282e-14
sub-4	02	right_hand	96	104.0	1.6654510588388323e-14	6.030374244766525e-14
sub-4	02	right_hand	96	105.0	1.5502415596207716e-14	6.005215021402324e-14
sub-4	02	right_hand	96	106.0	1.498399700650786e-14	5.69783344558906e-14
sub-4	02	right_hand	96	107.0	1.4749945113933704e-14	6.022584280594659e-14
sub-4	02	right_hand	96	108.0	1.46466025004544e-14	5.906955127794807e-14
sub-4	02	right_hand	96	109.0	1.436815248355865e-14	5.973816710566022e-14
sub-4	02	right_hand	96	110.0	1.512727570400435e-14	6.061274503670836e-14
sub-4	02	right_hand	96	111.0	1.4923432438867153e-14	5.732432737649555e-14
sub-4	02	right_hand	96	112.0	1.5174291252487564e-14	5.941700947190513e-14
sub-4	02	right_hand	96	113.0	1.5516233577643183e-14	5.98024004233625e-14
sub-4	02	right_hand	96	114.0	1.57804935489659e-14	5.971050021665404e-14
sub-4	02	right_hand	96	115.0	1.4967220920342328e-14	5.931925523333566e-14
sub-4	02	right_hand	96	116.0	1.486994936201683e-14	6.061114229445698e-14
sub-4	02	right_hand	96	117.0	1.6028784083322206e-14	5.946251176944491e-14
sub-4	02	right_hand	96	118.0	1.6150665223790334e-14	5.824704480497108e-14
sub-4	02	right_hand	96	119.0	1.563594039212179e-14	5.8688012032063e-14
sub-4	02	right_hand	96	120.0	1.4930162440658423e-14	5.6176432092801463e-14
sub-4	02	right_hand	96	121.0	1.4890390488090266e-14	5.464043292173534e-14
sub-4	02	right_hand	96	122.0	1.3978931720679334e-14	5.5825508294097753e-14
sub-4	02	right_hand	96	123.0	1.3856477255187624e-14	5.797125811989032e-14
sub-4	02	right_hand	96	124.0	1.4245977642192592e-14	5.744480264469068e-14
sub-4	02	right_hand	96	125.0	6.915176065872562e-15	2.8246453280897018e-14
sub-4	03	rest	96	0.0	3.067347836807578e-13	1.2582352343291376e-12
sub-4	03	rest	96	1.0	1.5935613957956963e-12	6.823174910544307e-12
sub-4	03	rest	96	2.0	9.591328088878935e-13	4.514855329442363e-12
sub-4	03	rest	96	3.0	6.423604263616814e-13	2.9939455768489313e-12
sub-4	03	rest	96	4.0	5.782703086145439e-13	2.311013658159481e-12
sub-4	03	rest	96	5.0	5.326609886460125e-13	1.9544510046454255e-12
sub-4	03	rest	96	6.0	4.573513963318377e-13	1.865391243469161e-12
sub-4	03	rest	96	7.0	5.007526135352042e-13	2.7529127425694275e-12
sub-4	03	rest	96	8.0	7.256535751130711e-13	4.474582457992685e-12
sub-4	03	rest	96	9.0	8.111272772860237e-13	4.219701132995743e-12
sub-4	03	rest	96	10.0	5.763524766747552e-13	2.3694477590071867e-12
sub-4	03	rest	96	11.0	3.6092268353134017e-13	1.1726138479560278e-12
sub-4	03	rest	96	12.0	3.555672626199753e-13	9.034603856613256e-13
sub-4	03	rest	96	13.0	2.3357281028895873e-13	6.323118203828948e-13
sub-4	03	rest	96	14.0	1.5261765245279321e-13	5.64282719277017e-13
sub-4	03	rest	96	15.0	1.4687754806403389e-13	5.874947659896414e-13
sub-4	03	rest	96	16.0	1.4887412883407898e-13	5.735445726134094e-13
sub-4	03	rest	96	17.0	1.6304493412402917e-13	5.416421223602939e-13
sub-4	03	rest	96	18.0	1.843968667528415e-13	5.606857065309969e-13
sub-4	03	rest	96	19.0	1.8052828378944595e-13	5.237749631922754e-13
sub-4	03	rest	96	20.0	1.6727938529378672e-13	4.624293132180572e-13
sub-4	03	rest	96	21.0	1.5434731038926844e-13	4.5387969041994595e-13
sub-4	03	rest	96	22.0	1.498502675379412e-13	4.4809733901943986e-13
sub-4	03	rest	96	23.0	1.398944259259762e-13	4.1889045173216397e-13
sub-4	03	rest	96	24.0	1.2513703570109034e-13	3.7212396421334606e-13
sub-4	03	rest	96	25.0	1.0738785820493399e-13	3.301764192267268e-13
sub-4	03	rest	96	26.0	8.637014099213595e-14	3.0118241702458714e-13
sub-4	03	rest	96	27.0	7.358860327368847e-14	2.7383093400072065e-13
sub-4	03	rest	96	28.0	6.17483825438809e-14	2.4814628128507705e-13
sub-4	03	rest	96	29.0	5.67198944861929e-14	2.2715790388715804e-13
sub-4	03	rest	96	30.0	5.418024092819053e-14	2.1711895122994347e-13
sub-4	03	rest	96	31.0	5.1461810189064695e-14	2.2609503440037583e-13
sub-4	03	rest	96	32.0	5.142112448753286e-14	2.243058890103707e-13
sub-4	03	rest	96	33.0	5.1003582814172867e-14	2.1760541137643316e-13
sub-4	03	rest	96	34.0	4.80013552625132e-14	2.0399521956685833e-13
sub-4	03	rest	96	35.0	4.5061913630817484e-14	1.8997589619907214e-13
sub-4	03	rest	96	36.0	4.19281802238699e-14	1.798199118376914e-13
sub-4	03	rest	96	37.0	3.802395463907847e-14	1.7001472674491776e-13
sub-4	03	rest	96	38.0	3.7353237647957206e-14	1.711012275844169e-13
sub-4	03	rest	96	39.0	3.709475394341745e-14	1.7107163787911525e-13
sub-4	03	rest	96	40.0	3.565594533294262e-14	1.6756054325012195e-13
sub-4	03	rest	96	41.0	3.4747270447639824e-14	1.5812756588867035e-13
sub-4	03	rest	96	42.0	3.220730044806957e-14	1.5533649198152947e-13
sub-4	03	rest	96	43.0	3.001365979427897e-14	1.451387287060005e-13
sub-4	03	rest	96	44.0	2.8806345592049286e-14	1.3072093233242753e-13
sub-4	03	rest	96	45.0	2.619370728252472e-14	1.3224677329961956e-13
sub-4	03	rest	96	46.0	2.5476473009215833e-14	1.261922875575045e-13
sub-4	03	rest	96	47.0	2.375732843312038e-14	1.241293826942823e-13
sub-4	03	rest	96	48.0	2.2462513917863845e-14	1.2027266058080635e-13
sub-4	03	rest	96	49.0	2.3783508735539818e-14	1.2065521971668798e-13
sub-4	03	rest	96	50.0	2.6054198472275826e-14	1.2428606585344715e-13
sub-4	03	rest	96	51.0	2.1010707954201505e-14	1.1440698048846636e-13
sub-4	03	rest	96	52.0	1.836688489563651e-14	1.015128472170697e-13
sub-4	03	rest	96	53.0	1.7744408474631717e-14	1.0504414347704593e-13
sub-4	03	rest	96	54.0	1.75334752202373e-14	1.0423311975514877e-13
sub-4	03	rest	96	55.0	1.6681870828876956e-14	9.894892620181141e-14
sub-4	03	rest	96	56.0	1.6353456176792482e-14	9.584050060873437e-14
sub-4	03	rest	96	57.0	1.6120311743443894e-14	9.551114220635776e-14
sub-4	03	rest	96	58.0	1.5256416117898946e-14	9.182441417936784e-14
sub-4	03	rest	96	59.0	1.4517822009115946e-14	8.876376738090846e-14
sub-4	03	rest	96	60.0	1.3813787024657166e-14	8.67511408971167e-14
sub-4	03	rest	96	61.0	1.3619919023789675e-14	8.745180736641249e-14
sub-4	03	rest	96	62.0	1.393482420931093e-14	8.741205016052085e-14
sub-4	03	rest	96	63.0	1.307499852481428e-14	8.283091628154314e-14
sub-4	03	rest	96	64.0	1.2205983613381493e-14	7.813435766561959e-14
sub-4	03	rest	96	65.0	1.1563813466137388e-14	7.908551468124224e-14
sub-4	03	rest	96	66.0	1.0900248067813592e-14	6.970278193709754e-14
sub-4	03	rest	96	67.0	1.126001640620095e-14	6.794073802257563e-14
sub-4	03	rest	96	68.0	1.0949192563729313e-14	7.233250641983067e-14
sub-4	03	rest	96	69.0	1.086675590933387e-14	7.354795246760841e-14
sub-4	03	rest	96	70.0	1.012388928957295e-14	7.348459799412608e-14
sub-4	03	rest	96	71.0	9.907149308148068e-15	7.069925017396279e-14
sub-4	03	rest	96	72.0	1.0017773609201944e-14	6.802015210799205e-14
sub-4	03	rest	96	73.0	9.915347549206627e-15	5.810417578537862e-14
sub-4	03	rest	96	74.0	9.602192107424981e-15	5.899558889772587e-14
sub-4	03	rest	96	75.0	9.568320963652631e-15	6.418944211216999e-14
sub-4	03	rest	96	76.0	8.882252776330075e-15	6.2018778056156e-14
sub-4	03	rest	96	77.0	8.471850945475525e-15	6.173518041225122e-14
sub-4	03	rest	96	78.0	8.676554057320889e-15	5.726950791998303e-14
sub-4	03	rest	96	79.0	8.104984574448188e-15	5.538062584025185e-14
sub-4	03	rest	96	80.0	7.898926275906996e-15	5.1837898848956016e-14
sub-4	03	rest	96	81.0	8.062791765894422e-15	5.39420888802069e-14
sub-4	03	rest	96	82.0	7.684148319241025e-15	5.2797822670543546e-14
sub-4	03	rest	96	83.0	7.749572621901912e-15	5.148760261629053e-14
sub-4	03	rest	96	84.0	7.634939083788999e-15	4.928878507654234e-14
sub-4	03	rest	96	85.0	7.477367176255336e-15	4.985797299793336e-14
sub-4	03	rest	96	86.0	7.306804490260465e-15	5.26204536372803e-14
sub-4	03	rest	96	87.0	7.152401526646391e-15	5.24517331129851e-14
sub-4	03	rest	96	88.0	7.142376720005194e-15	5.03735788644736e-14
sub-4	03	rest	96	89.0	6.907734934337596e-15	4.8995826143869044e-14
sub-4	03	rest	96	90.0	6.812128744717651e-15	4.89507830958321e-14
sub-4	03	rest	96	91.0	6.828651049964265e-15	4.822977827976455e-14
sub-4	03	rest	96	92.0	6.523223998700869e-15	4.6353162746688235e-14
sub-4	03	rest	96	93.0	6.6729945607767065e-15	4.251825587594088e-14
sub-4	03	rest	96	94.0	6.693124253897234e-15	4.221057008924328e-14
sub-4	03	rest	96	95.0	6.230103868967382e-15	4.308918185505089e-14
sub-4	03	rest	96	96.0	5.9329653054278e-15	4.506580697531277e-14
sub-4	03	rest	96	97.0	5.679324147264309e-15	4.024015079592388e-14
sub-4	03	rest	96	98.0	5.864572154249037e-15	4.233015932389553e-14
sub-4	03	rest	96	99.0	6.030538831936303e-15	4.272533715684873e-14
sub-4	03	rest	96	100.0	5.806298394760596e-15	4.301982238041542e-14
sub-4	03	rest	96	101.0	5.627074929443842e-15	4.354971787512047e-14
sub-4	03	rest	96	102.0	5.743806472277746e-15	4.45184203858462e-14
sub-4	03	rest	96	103.0	5.923940619671544e-15	4.254306322613296e-14
sub-4	03	rest	96	104.0	5.853436350975815e-15	4.1945110393076045e-14
sub-4	03	rest	96	105.0	5.605586979764677e-15	4.307036227062874e-14
sub-4	03	rest	96	106.0	5.648285337272655e-15	4.142528499774937e-14
sub-4	03	rest	96	107.0	5.677278197182955e-15	3.939307825836947e-14
sub-4	03	rest	96	108.0	5.4766493827065846e-15	4.029579642424907e-14
sub-4	03	rest	96	109.0	5.496125749861539e-15	3.9345939868784875e-14
sub-4	03	rest	96	110.0	5.368318514127176e-15	3.728640722701767e-14
sub-4	03	rest	96	111.0	5.010431056772217e-15	3.612366061344752e-14
sub-4	03	rest	96	112.0	5.074914844381865e-15	3.8661866894194284e-14
sub-4	03	rest	96	113.0	4.773558851932852e-15	3.8658003927162834e-14
sub-4	03	rest	96	114.0	4.918699979260434e-15	3.9500143382257024e-14
sub-4	03	rest	96	115.0	5.1925064921676055e-15	3.962425431329146e-14
sub-4	03	rest	96	116.0	4.973833245313859e-15	3.837568633282601e-14
sub-4	03	rest	96	117.0	5.050939375008638e-15	3.858781767841911e-14
sub-4	03	rest	96	118.0	4.915010400227914e-15	3.7467902267197055e-14
sub-4	03	rest	96	119.0	4.95055083300549e-15	3.8713449099958614e-14
sub-4	03	rest	96	120.0	4.931708390467216e-15	3.796989055233569e-14
sub-4	03	rest	96	121.0	4.871561504516171e-15	3.523845481186413e-14
sub-4	03	rest	96	122.0	4.837245479112281e-15	3.766009971803403e-14
sub-4	03	rest	96	123.0	4.842779273507917e-15	3.9654078339441134e-14
sub-4	03	rest	96	124.0	4.736730560224732e-15	4.011598034418633e-14
sub-4	03	rest	96	125.0	2.374513416539034e-15	2.080926397157356e-14
sub-4	03	right_hand	96	0.0	3.234669080509875e-13	1.5515351767719702e-12
sub-4	03	right_hand	96	1.0	1.5901799493318814e-12	6.304898278482386e-12
sub-4	03	right_hand	96	2.0	9.383641705768737e-13	4.022979538518385e-12
sub-4	03	right_hand	96	3.0	6.356439825282084e-13	2.8081006306034383e-12
sub-4	03	right_hand	96	4.0	5.67694626790427e-13	2.322333414604582e-12
sub-4	03	right_hand	96	5.0	4.592258344539301e-13	1.8540733361166017e-12
sub-4	03	right_hand	96	6.0	3.732464365603056e-13	1.6485007432483916e-12
sub-4	03	right_hand	96	7.0	4.3681552458293365e-13	2.484536314626547e-12
sub-4	03	right_hand	96	8.0	7.306577229324962e-13	4.668092938987404e-12
sub-4	03	right_hand	96	9.0	8.314720144522152e-13	4.718553679252848e-12
sub-4	03	right_hand	96	10.0	5.183077605525702e-13	2.5615904085640057e-12
sub-4	03	right_hand	96	11.0	2.7394048243286824e-13	1.1077576923449693e-12
sub-4	03	right_hand	96	12.0	2.078614632236724e-13	7.530858363034136e-13
sub-4	03	right_hand	96	13.0	1.608804455213073e-13	6.192377144780561e-13
sub-4	03	right_hand	96	14.0	1.5215786172150077e-13	6.367311556924048e-13
sub-4	03	right_hand	96	15.0	1.8393039882251997e-13	7.263839710452791e-13
sub-4	03	right_hand	96	16.0	2.483431532334742e-13	8.195194812752941e-13
sub-4	03	right_hand	96	17.0	3.129696090736946e-13	8.358398187805395e-13
sub-4	03	right_hand	96	18.0	3.164641571456509e-13	7.772283302175428e-13
sub-4	03	right_hand	96	19.0	2.6365899068781825e-13	6.754671912059268e-13
sub-4	03	right_hand	96	20.0	2.0707998480547643e-13	5.701030194205509e-13
sub-4	03	right_hand	96	21.0	1.8521342879985148e-13	5.581134473084488e-13
sub-4	03	right_hand	96	22.0	1.7797948610065746e-13	5.876617471171409e-13
sub-4	03	right_hand	96	23.0	1.6991801463045767e-13	5.512227157141634e-13
sub-4	03	right_hand	96	24.0	1.5027978996652374e-13	5.156890745515922e-13
sub-4	03	right_hand	96	25.0	1.2171766680501997e-13	4.619035839810326e-13
sub-4	03	right_hand	96	26.0	1.0551852428563573e-13	4.3887929207916477e-13
sub-4	03	right_hand	96	27.0	8.954585629487301e-14	4.051266515878216e-13
sub-4	03	right_hand	96	28.0	7.632848207826868e-14	3.603772243608942e-13
sub-4	03	right_hand	96	29.0	7.095148619482079e-14	3.2578645021006554e-13
sub-4	03	right_hand	96	30.0	6.66396777136072e-14	3.2190145916891273e-13
sub-4	03	right_hand	96	31.0	7.113233859480063e-14	3.3136412434817367e-13
sub-4	03	right_hand	96	32.0	7.010958219895462e-14	3.1319827167144655e-13
sub-4	03	right_hand	96	33.0	6.65088781055446e-14	3.065607709981213e-13
sub-4	03	right_hand	96	34.0	6.579186616471514e-14	3.093490436813755e-13
sub-4	03	right_hand	96	35.0	6.746194103877974e-14	3.090869338808526e-13
sub-4	03	right_hand	96	36.0	6.647126879937847e-14	2.9750846005620043e-13
sub-4	03	right_hand	96	37.0	5.83410484929392e-14	2.8258518180738423e-13
sub-4	03	right_hand	96	38.0	5.150086667828747e-14	2.673225332869338e-13
sub-4	03	right_hand	96	39.0	4.856633085421916e-14	2.5664358809457313e-13
sub-4	03	right_hand	96	40.0	4.668455379169846e-14	2.548990340319836e-13
sub-4	03	right_hand	96	41.0	4.3168163675011266e-14	2.386598700037298e-13
sub-4	03	right_hand	96	42.0	4.2242961483268057e-14	2.259080770319728e-13
sub-4	03	right_hand	96	43.0	3.9357542646627286e-14	2.1738482768071113e-13
sub-4	03	right_hand	96	44.0	3.917512863837763e-14	2.2348634049999917e-13
sub-4	03	right_hand	96	45.0	3.5775186070232156e-14	2.0673255329652656e-13
sub-4	03	right_hand	96	46.0	3.3539915686386597e-14	1.961432707628633e-13
sub-4	03	right_hand	96	47.0	3.154385902164465e-14	2.0035710251659378e-13
sub-4	03	right_hand	96	48.0	2.9805238844990883e-14	1.7537050721608362e-13
sub-4	03	right_hand	96	49.0	2.8708559883508114e-14	1.7509413561936295e-13
sub-4	03	right_hand	96	50.0	3.1485705020956314e-14	1.8069450751912878e-13
sub-4	03	right_hand	96	51.0	2.757217795758436e-14	1.7032595781449897e-13
sub-4	03	right_hand	96	52.0	2.495646500391382e-14	1.6462018601458816e-13
sub-4	03	right_hand	96	53.0	2.3313122737894975e-14	1.5960250304358282e-13
sub-4	03	right_hand	96	54.0	2.158025765173649e-14	1.5647667945225744e-13
sub-4	03	right_hand	96	55.0	2.0744927033570233e-14	1.50730241214012e-13
sub-4	03	right_hand	96	56.0	1.9850991412944327e-14	1.3869398298241308e-13
sub-4	03	right_hand	96	57.0	2.014469367260048e-14	1.3279936689626526e-13
sub-4	03	right_hand	96	58.0	1.8651085043516157e-14	1.2931768827323157e-13
sub-4	03	right_hand	96	59.0	1.800000931511359e-14	1.321006741663446e-13
sub-4	03	right_hand	96	60.0	1.7998516217078142e-14	1.3962474162777984e-13
sub-4	03	right_hand	96	61.0	1.704983499967163e-14	1.241063515904393e-13
sub-4	03	right_hand	96	62.0	1.7803469139879056e-14	1.1586707826919208e-13
sub-4	03	right_hand	96	63.0	1.666870242522851e-14	1.2270259929585754e-13
sub-4	03	right_hand	96	64.0	1.5963514604413194e-14	1.1710799092451829e-13
sub-4	03	right_hand	96	65.0	1.481481960348958e-14	1.1130272251987781e-13
sub-4	03	right_hand	96	66.0	1.3995427609835713e-14	1.0550953370316106e-13
sub-4	03	right_hand	96	67.0	1.3963052273317527e-14	1.0119235742285682e-13
sub-4	03	right_hand	96	68.0	1.3649196754554671e-14	1.0107826692674303e-13
sub-4	03	right_hand	96	69.0	1.3551104208617358e-14	9.787958772752447e-14
sub-4	03	right_hand	96	70.0	1.2873036752656445e-14	9.665570061294594e-14
sub-4	03	right_hand	96	71.0	1.2578511501988316e-14	9.390287572682578e-14
sub-4	03	right_hand	96	72.0	1.2087615302398633e-14	9.127802999927482e-14
sub-4	03	right_hand	96	73.0	1.155351321551074e-14	9.373280925817974e-14
sub-4	03	right_hand	96	74.0	1.0944886127082386e-14	8.981315720040451e-14
sub-4	03	right_hand	96	75.0	1.1004833005206294e-14	8.574568383122043e-14
sub-4	03	right_hand	96	76.0	1.0559880245842888e-14	8.452203100637876e-14
sub-4	03	right_hand	96	77.0	1.024659849955918e-14	8.217642965543141e-14
sub-4	03	right_hand	96	78.0	1.0194770217762402e-14	8.013542766000574e-14
sub-4	03	right_hand	96	79.0	1.0012220217832301e-14	7.932193248130859e-14
sub-4	03	right_hand	96	80.0	1.0623615919516645e-14	8.248616369583714e-14
sub-4	03	right_hand	96	81.0	1.0543713532025682e-14	8.510703098721322e-14
sub-4	03	right_hand	96	82.0	9.773957584364268e-15	7.884552462324016e-14
sub-4	03	right_hand	96	83.0	9.62143304484376e-15	7.534773674566741e-14
sub-4	03	right_hand	96	84.0	9.352711585755237e-15	7.406222417561368e-14
sub-4	03	right_hand	96	85.0	9.141863832576349e-15	7.891408788353222e-14
sub-4	03	right_hand	96	86.0	8.939429993701062e-15	7.350596539399904e-14
sub-4	03	right_hand	96	87.0	8.553431304610661e-15	6.691666598353747e-14
sub-4	03	right_hand	96	88.0	8.354609005595006e-15	6.310861111104649e-14
sub-4	03	right_hand	96	89.0	8.029581166666739e-15	6.266752320678889e-14
sub-4	03	right_hand	96	90.0	8.354833362722269e-15	6.490353718211575e-14
sub-4	03	right_hand	96	91.0	8.712256346420516e-15	6.712887907448586e-14
sub-4	03	right_hand	96	92.0	8.047749937764637e-15	7.10348566288281e-14
sub-4	03	right_hand	96	93.0	7.402998033233532e-15	6.71063260576915e-14
sub-4	03	right_hand	96	94.0	7.092810606660151e-15	5.827412765736294e-14
sub-4	03	right_hand	96	95.0	7.416531661602346e-15	5.931532453660544e-14
sub-4	03	right_hand	96	96.0	7.8666720526546e-15	6.344425118780557e-14
sub-4	03	right_hand	96	97.0	7.331601749890067e-15	6.253639624646808e-14
sub-4	03	right_hand	96	98.0	6.898206279520731e-15	5.847865899599039e-14
sub-4	03	right_hand	96	99.0	6.827767771925045e-15	5.941358749803778e-14
sub-4	03	right_hand	96	100.0	7.165847655932437e-15	6.120028724075799e-14
sub-4	03	right_hand	96	101.0	7.091507409194483e-15	5.995739904378177e-14
sub-4	03	right_hand	96	102.0	6.742538988280058e-15	5.87987089991469e-14
sub-4	03	right_hand	96	103.0	6.697673324991757e-15	5.4821524280533734e-14
sub-4	03	right_hand	96	104.0	6.529750216851262e-15	5.6267973771834e-14
sub-4	03	right_hand	96	105.0	6.680496104604366e-15	5.660287661064876e-14
sub-4	03	right_hand	96	106.0	6.511686206104318e-15	5.502626457721823e-14
sub-4	03	right_hand	96	107.0	6.727900861506774e-15	5.40912919118607e-14
sub-4	03	right_hand	96	108.0	6.509850808951889e-15	5.666783547275904e-14
sub-4	03	right_hand	96	109.0	6.306209573841284e-15	6.02806682482935e-14
sub-4	03	right_hand	96	110.0	6.144235197706659e-15	5.718320551394617e-14
sub-4	03	right_hand	96	111.0	5.863861493938739e-15	5.881227962997561e-14
sub-4	03	right_hand	96	112.0	5.720103054483029e-15	5.910325064959484e-14
sub-4	03	right_hand	96	113.0	6.004976295210154e-15	5.924757311898345e-14
sub-4	03	right_hand	96	114.0	5.9836393029987645e-15	5.674011165913307e-14
sub-4	03	right_hand	96	115.0	5.7720955373201986e-15	5.306365231400839e-14
sub-4	03	right_hand	96	116.0	6.000150933239896e-15	5.779038560594191e-14
sub-4	03	right_hand	96	117.0	5.996641412687857e-15	5.752900016445082e-14
sub-4	03	right_hand	96	118.0	5.775472192502905e-15	5.4966866681861163e-14
sub-4	03	right_hand	96	119.0	5.620354679561666e-15	5.250135284419718e-14
sub-4	03	right_hand	96	120.0	5.761010499189043e-15	5.476304394056162e-14
sub-4	03	right_hand	96	121.0	5.7713821581451805e-15	5.3544409266453434e-14
sub-4	03	right_hand	96	122.0	5.931629876386894e-15	5.080948931680985e-14
sub-4	03	right_hand	96	123.0	5.9118777041516e-15	5.342683121563345e-14
sub-4	03	right_hand	96	124.0	6.1657601221258825e-15	5.906679576512735e-14
sub-4	03	right_hand	96	125.0	2.7997034222705475e-15	2.755215237243515e-14
sub-4	04	rest	96	0.0	2.962049780368443e-13	1.4138156039291475e-12
sub-4	04	rest	96	1.0	1.577561668601279e-12	7.164124483812153e-12
sub-4	04	rest	96	2.0	9.429196517076465e-13	4.373042694293784e-12
sub-4	04	rest	96	3.0	6.3168059537262e-13	2.938054768459377e-12
sub-4	04	rest	96	4.0	5.688583222310902e-13	2.387846329355282e-12
sub-4	04	rest	96	5.0	5.176133932778007e-13	2.050520325074578e-12
sub-4	04	rest	96	6.0	4.0528213268579297e-13	1.843999743518429e-12
sub-4	04	rest	96	7.0	4.4755660303473545e-13	2.8093705940077046e-12
sub-4	04	rest	96	8.0	6.256309697058169e-13	4.518740434719801e-12
sub-4	04	rest	96	9.0	6.290063903337006e-13	3.529602268069867e-12
sub-4	04	rest	96	10.0	5.264081674211215e-13	2.214206018429462e-12
sub-4	04	rest	96	11.0	3.2172746014745854e-13	1.1334419387975137e-12
sub-4	04	rest	96	12.0	3.030670723912199e-13	7.941486673197348e-13
sub-4	04	rest	96	13.0	2.778604617626605e-13	6.962033566676892e-13
sub-4	04	rest	96	14.0	1.9238269009777373e-13	5.978945988473416e-13
sub-4	04	rest	96	15.0	1.9130174256937918e-13	6.171473794504737e-13
sub-4	04	rest	96	16.0	2.145757156938915e-13	6.412860145835232e-13
sub-4	04	rest	96	17.0	2.3161884589108665e-13	6.205943093394054e-13
sub-4	04	rest	96	18.0	2.514230622129594e-13	5.851320255756155e-13
sub-4	04	rest	96	19.0	2.7802112727235274e-13	6.011268348739061e-13
sub-4	04	rest	96	20.0	2.8006828763036224e-13	6.02426331049433e-13
sub-4	04	rest	96	21.0	2.659306037036394e-13	5.591794310440828e-13
sub-4	04	rest	96	22.0	2.705737750868966e-13	5.446644859637198e-13
sub-4	04	rest	96	23.0	2.6303192403544156e-13	5.472605277970166e-13
sub-4	04	rest	96	24.0	2.546211447626322e-13	5.183601293461667e-13
sub-4	04	rest	96	25.0	2.419996555624988e-13	4.825349885248875e-13
sub-4	04	rest	96	26.0	1.9945046484084168e-13	4.270650750664687e-13
sub-4	04	rest	96	27.0	1.6529131057032932e-13	3.5603462153899977e-13
sub-4	04	rest	96	28.0	1.4310739790120428e-13	3.1494046338525293e-13
sub-4	04	rest	96	29.0	1.2807622709080496e-13	3.151329726531346e-13
sub-4	04	rest	96	30.0	1.1882849085187652e-13	2.929790448356988e-13
sub-4	04	rest	96	31.0	1.1373590553203428e-13	2.7500533448133733e-13
sub-4	04	rest	96	32.0	1.0020697066135075e-13	2.603787915760947e-13
sub-4	04	rest	96	33.0	9.660813519670684e-14	2.6707135623728565e-13
sub-4	04	rest	96	34.0	9.873060243023223e-14	2.691954000617164e-13
sub-4	04	rest	96	35.0	9.720852025009031e-14	2.610562850694447e-13
sub-4	04	rest	96	36.0	9.393657654644154e-14	2.2607167955721466e-13
sub-4	04	rest	96	37.0	9.42651370029312e-14	2.298949108427122e-13
sub-4	04	rest	96	38.0	9.387934584059323e-14	2.361479131310071e-13
sub-4	04	rest	96	39.0	8.616154277968607e-14	2.1393287649031453e-13
sub-4	04	rest	96	40.0	7.787238092956035e-14	2.0457828903819576e-13
sub-4	04	rest	96	41.0	7.532678094103307e-14	2.0562455979799493e-13
sub-4	04	rest	96	42.0	7.364359879990905e-14	1.9743922720452811e-13
sub-4	04	rest	96	43.0	7.747125858029932e-14	1.9759904261421724e-13
sub-4	04	rest	96	44.0	7.427048506356436e-14	1.913736861992747e-13
sub-4	04	rest	96	45.0	6.634706058897832e-14	1.883653004111493e-13
sub-4	04	rest	96	46.0	6.611096343561145e-14	1.828388472266164e-13
sub-4	04	rest	96	47.0	6.28098664438159e-14	1.6665991258012208e-13
sub-4	04	rest	96	48.0	5.951788161794169e-14	1.6802561762251886e-13
sub-4	04	rest	96	49.0	5.728114132090156e-14	1.628922439154732e-13
sub-4	04	rest	96	50.0	5.672871792829116e-14	1.55678771415054e-13
sub-4	04	rest	96	51.0	5.2436682730502515e-14	1.5069067351575619e-13
sub-4	04	rest	96	52.0	4.7714571855205966e-14	1.4054953126828393e-13
sub-4	04	rest	96	53.0	4.4069891331596516e-14	1.3764983791654638e-13
sub-4	04	rest	96	54.0	4.1869411527103416e-14	1.351120001271598e-13
sub-4	04	rest	96	55.0	4.280497019077368e-14	1.3889160457903992e-13
sub-4	04	rest	96	56.0	4.257628151756068e-14	1.2931336724858624e-13
sub-4	04	rest	96	57.0	3.9819051924588704e-14	1.2491911308994253e-13
sub-4	04	rest	96	58.0	3.751859342942782e-14	1.1825170462733602e-13
sub-4	04	rest	96	59.0	3.638374754364452e-14	1.149464640205579e-13
sub-4	04	rest	96	60.0	3.5462626200685686e-14	1.169249709483067e-13
sub-4	04	rest	96	61.0	3.279471002642748e-14	1.1251703151058893e-13
sub-4	04	rest	96	62.0	3.312170792148086e-14	1.138355751570602e-13
sub-4	04	rest	96	63.0	3.04695538853e-14	1.0457668893809246e-13
sub-4	04	rest	96	64.0	3.0566859061441435e-14	1.0396023519785602e-13
sub-4	04	rest	96	65.0	3.025988114651422e-14	1.0457669684043112e-13
sub-4	04	rest	96	66.0	2.959919144155531e-14	9.997069345814339e-14
sub-4	04	rest	96	67.0	2.790284145621058e-14	9.320872325574609e-14
sub-4	04	rest	96	68.0	2.708225728983131e-14	9.101457001498312e-14
sub-4	04	rest	96	69.0	2.5311259749082615e-14	8.991332798510116e-14
sub-4	04	rest	96	70.0	2.5698703497825433e-14	9.216135292521025e-14
sub-4	04	rest	96	71.0	2.4242137190723292e-14	8.610442288212343e-14
sub-4	04	rest	96	72.0	2.47355317461794e-14	8.829671284209213e-14
sub-4	04	rest	96	73.0	2.4687174953995848e-14	8.821642602227398e-14
sub-4	04	rest	96	74.0	2.2879105539352998e-14	8.190771309638192e-14
sub-4	04	rest	96	75.0	2.1765779240843565e-14	7.921193503089073e-14
sub-4	04	rest	96	76.0	2.1675845806222016e-14	7.891795182274954e-14
sub-4	04	rest	96	77.0	2.2855757489534842e-14	8.026644794108898e-14
sub-4	04	rest	96	78.0	2.23547185760555e-14	7.598908991608658e-14
sub-4	04	rest	96	79.0	2.0844378998622832e-14	7.09851425319975e-14
sub-4	04	rest	96	80.0	2.0095981633069704e-14	7.138390275844406e-14
sub-4	04	rest	96	81.0	1.8817993325148612e-14	7.003300600415983e-14
sub-4	04	rest	96	82.0	1.9536864982120147e-14	6.981980862484997e-14
sub-4	04	rest	96	83.0	1.9359540190591167e-14	6.857707137752355e-14
sub-4	04	rest	96	84.0	1.9367960026404337e-14	7.066942303491024e-14
sub-4	04	rest	96	85.0	1.996183235894936e-14	7.03414687936893e-14
sub-4	04	rest	96	86.0	1.9055340425224773e-14	6.610016711141351e-14
sub-4	04	rest	96	87.0	1.6833792359489813e-14	6.535993439158225e-14
sub-4	04	rest	96	88.0	1.6045552891778622e-14	6.536613813939192e-14
sub-4	04	rest	96	89.0	1.811337800721919e-14	6.6068486767164e-14
sub-4	04	rest	96	90.0	1.7910433226286502e-14	6.255220606997427e-14
sub-4	04	rest	96	91.0	1.6695718920133957e-14	5.992360063279357e-14
sub-4	04	rest	96	92.0	1.5185789934074374e-14	5.87858490470441e-14
sub-4	04	rest	96	93.0	1.5483598129844927e-14	5.861965333241411e-14
sub-4	04	rest	96	94.0	1.5567046143667924e-14	6.091629873870955e-14
sub-4	04	rest	96	95.0	1.5686104569673683e-14	5.580371701062679e-14
sub-4	04	rest	96	96.0	1.511858405366918e-14	5.4973577898529047e-14
sub-4	04	rest	96	97.0	1.4643257381485588e-14	5.603563240880754e-14
sub-4	04	rest	96	98.0	1.49963661303602e-14	5.893652705960114e-14
sub-4	04	rest	96	99.0	1.5359285472079672e-14	5.677181331492157e-14
sub-4	04	rest	96	100.0	1.511956503644285e-14	5.855956729693787e-14
sub-4	04	rest	96	101.0	1.5394130012144087e-14	5.943751735118289e-14
sub-4	04	rest	96	102.0	1.4356060520788385e-14	5.4582548089185605e-14
sub-4	04	rest	96	103.0	1.4730225299800918e-14	5.521350983151797e-14
sub-4	04	rest	96	104.0	1.5954549845364316e-14	5.64674002639384e-14
sub-4	04	rest	96	105.0	1.4636226557417884e-14	5.3578749177731455e-14
sub-4	04	rest	96	106.0	1.4025570349084595e-14	5.172860868828116e-14
sub-4	04	rest	96	107.0	1.4216869010182854e-14	5.074885638360048e-14
sub-4	04	rest	96	108.0	1.3145515613635632e-14	4.809762313605415e-14
sub-4	04	rest	96	109.0	1.3301371964834472e-14	5.200521243200894e-14
sub-4	04	rest	96	110.0	1.2770446399028637e-14	5.075195555071575e-14
sub-4	04	rest	96	111.0	1.3996164349465009e-14	5.241644263321912e-14
sub-4	04	rest	96	112.0	1.3732270494302247e-14	5.316909005989672e-14
sub-4	04	rest	96	113.0	1.324396081410794e-14	5.1509780282669696e-14
sub-4	04	rest	96	114.0	1.3477238400988129e-14	5.2202456944857254e-14
sub-4	04	rest	96	115.0	1.3210936718871044e-14	4.990193657479726e-14
sub-4	04	rest	96	116.0	1.342442911827755e-14	5.00213363571541e-14
sub-4	04	rest	96	117.0	1.2637981132993755e-14	4.969622810460996e-14
sub-4	04	rest	96	118.0	1.2559816955834599e-14	4.7832917549056715e-14
sub-4	04	rest	96	119.0	1.2766810578974584e-14	4.6201929909350726e-14
sub-4	04	rest	96	120.0	1.3244044497996522e-14	4.755107035551622e-14
sub-4	04	rest	96	121.0	1.3262190576708282e-14	4.802795004540454e-14
sub-4	04	rest	96	122.0	1.2943491023884205e-14	5.047539890108007e-14
sub-4	04	rest	96	123.0	1.2963318008419007e-14	4.9510040578392236e-14
sub-4	04	rest	96	124.0	1.374789280017967e-14	5.054765684316483e-14
sub-4	04	rest	96	125.0	7.018644285334574e-15	2.5020440187854707e-14
sub-4	04	right_hand	96	0.0	3.014520208192697e-13	1.577833687197788e-12
sub-4	04	right_hand	96	1.0	1.5856641098718673e-12	7.4020867159959e-12
sub-4	04	right_hand	96	2.0	9.270073246088417e-13	4.402534207138954e-12
sub-4	04	right_hand	96	3.0	6.187424755397425e-13	3.036687187084971e-12
sub-4	04	right_hand	96	4.0	5.84804854357651e-13	2.529757947791805e-12
sub-4	04	right_hand	96	5.0	5.214225373608317e-13	2.1213257003358835e-12
sub-4	04	right_hand	96	6.0	4.0028127101964846e-13	1.8565628502345513e-12
sub-4	04	right_hand	96	7.0	5.141870636575945e-13	3.5488271350573715e-12
sub-4	04	right_hand	96	8.0	8.694041125214783e-13	6.761316476748944e-12
sub-4	04	right_hand	96	9.0	7.782944909864496e-13	5.01399283686833e-12
sub-4	04	right_hand	96	10.0	4.614051825752124e-13	2.3352041578308215e-12
sub-4	04	right_hand	96	11.0	2.6114774661608294e-13	1.0643038139787511e-12
sub-4	04	right_hand	96	12.0	2.1756908377880347e-13	7.624742834276647e-13
sub-4	04	right_hand	96	13.0	1.8071755656135814e-13	6.375255897297838e-13
sub-4	04	right_hand	96	14.0	1.853692363249907e-13	6.327283332835399e-13
sub-4	04	right_hand	96	15.0	2.006410112171177e-13	6.795050082255059e-13
sub-4	04	right_hand	96	16.0	2.3094185087793477e-13	6.957328020783034e-13
sub-4	04	right_hand	96	17.0	2.9046092675753654e-13	7.439652381115682e-13
sub-4	04	right_hand	96	18.0	3.7799849264321986e-13	8.449140223165887e-13
sub-4	04	right_hand	96	19.0	4.259176768799684e-13	9.044849430169394e-13
sub-4	04	right_hand	96	20.0	4.012574071398397e-13	8.578979181179504e-13
sub-4	04	right_hand	96	21.0	3.952670254736133e-13	8.529122616988553e-13
sub-4	04	right_hand	96	22.0	4.0517494783814273e-13	8.664942006175828e-13
sub-4	04	right_hand	96	23.0	3.77195193552159e-13	8.280744815285229e-13
sub-4	04	right_hand	96	24.0	3.545289183928595e-13	7.776212417813981e-13
sub-4	04	right_hand	96	25.0	3.130743900613864e-13	6.810726495148744e-13
sub-4	04	right_hand	96	26.0	2.5497348693519227e-13	5.919039783716593e-13
sub-4	04	right_hand	96	27.0	2.2243660944443402e-13	5.455018584420558e-13
sub-4	04	right_hand	96	28.0	1.8082926309192371e-13	4.524480166439837e-13
sub-4	04	right_hand	96	29.0	1.506008770778393e-13	4.019321043024345e-13
sub-4	04	right_hand	96	30.0	1.3660808546822322e-13	3.766569291294301e-13
sub-4	04	right_hand	96	31.0	1.34608197711793e-13	3.762278651024989e-13
sub-4	04	right_hand	96	32.0	1.233662214421668e-13	3.4578393703085553e-13
sub-4	04	right_hand	96	33.0	1.1362759680643105e-13	3.448587033500596e-13
sub-4	04	right_hand	96	34.0	1.0991543529663762e-13	3.391837451415043e-13
sub-4	04	right_hand	96	35.0	1.0490738045349996e-13	3.264234219468684e-13
sub-4	04	right_hand	96	36.0	1.0439929631780468e-13	3.334010383309859e-13
sub-4	04	right_hand	96	37.0	1.0170883911246853e-13	3.2232564311551174e-13
sub-4	04	right_hand	96	38.0	1.0087117123849193e-13	3.001651863538425e-13
sub-4	04	right_hand	96	39.0	9.62062737469414e-14	2.935934313719495e-13
sub-4	04	right_hand	96	40.0	9.433549830853566e-14	3.048285443850851e-13
sub-4	04	right_hand	96	41.0	9.16622799475814e-14	2.849610163280655e-13
sub-4	04	right_hand	96	42.0	8.865269787385267e-14	2.6717076237149044e-13
sub-4	04	right_hand	96	43.0	8.106645082041241e-14	2.640001058731805e-13
sub-4	04	right_hand	96	44.0	7.61077806593769e-14	2.5702423481567156e-13
sub-4	04	right_hand	96	45.0	7.495708577145938e-14	2.489771137501269e-13
sub-4	04	right_hand	96	46.0	7.417031763594331e-14	2.4837217174859194e-13
sub-4	04	right_hand	96	47.0	7.206144115999682e-14	2.405530007173036e-13
sub-4	04	right_hand	96	48.0	6.879618164123818e-14	2.219685249874584e-13
sub-4	04	right_hand	96	49.0	6.065068952973559e-14	2.0910044976078968e-13
sub-4	04	right_hand	96	50.0	5.94052949071721e-14	2.053395992908457e-13
sub-4	04	right_hand	96	51.0	5.6069683336946886e-14	2.0646704012552105e-13
sub-4	04	right_hand	96	52.0	5.3115872246397325e-14	1.9447246166578536e-13
sub-4	04	right_hand	96	53.0	4.868154519861977e-14	1.7884474803275944e-13
sub-4	04	right_hand	96	54.0	4.797041979926983e-14	1.785180354620159e-13
sub-4	04	right_hand	96	55.0	4.722386579212072e-14	1.6839981267629346e-13
sub-4	04	right_hand	96	56.0	4.457861112613768e-14	1.6348064100850377e-13
sub-4	04	right_hand	96	57.0	4.0604604297783256e-14	1.6067974226683303e-13
sub-4	04	right_hand	96	58.0	4.025290665738836e-14	1.5213214600953132e-13
sub-4	04	right_hand	96	59.0	3.684717513973469e-14	1.4945752308753895e-13
sub-4	04	right_hand	96	60.0	3.5040060805270635e-14	1.4279918599877517e-13
sub-4	04	right_hand	96	61.0	3.583566723289e-14	1.4448737104926246e-13
sub-4	04	right_hand	96	62.0	3.5977315727895664e-14	1.4004871120111958e-13
sub-4	04	right_hand	96	63.0	3.533054846298741e-14	1.3904527269472755e-13
sub-4	04	right_hand	96	64.0	3.347430660153439e-14	1.2849279918199246e-13
sub-4	04	right_hand	96	65.0	3.0714886802288896e-14	1.2441532449982835e-13
sub-4	04	right_hand	96	66.0	3.0009510407029624e-14	1.2375280964861728e-13
sub-4	04	right_hand	96	67.0	2.9085881333526247e-14	1.2208263894415459e-13
sub-4	04	right_hand	96	68.0	2.927385615840531e-14	1.2140036225653564e-13
sub-4	04	right_hand	96	69.0	2.949529203345477e-14	1.1609932113166802e-13
sub-4	04	right_hand	96	70.0	2.79343105143315e-14	1.0847325201985603e-13
sub-4	04	right_hand	96	71.0	2.6399810341393184e-14	1.0758110025272257e-13
sub-4	04	right_hand	96	72.0	2.5579210581353127e-14	1.1033664323276922e-13
sub-4	04	right_hand	96	73.0	2.4918857334584782e-14	1.1190888740458647e-13
sub-4	04	right_hand	96	74.0	2.4330073021968932e-14	1.0834788025110931e-13
sub-4	04	right_hand	96	75.0	2.5570955606929253e-14	1.0940537275870156e-13
sub-4	04	right_hand	96	76.0	2.47557998868852e-14	1.0182808884012881e-13
sub-4	04	right_hand	96	77.0	2.3031628750056277e-14	9.39376953039974e-14
sub-4	04	right_hand	96	78.0	2.2382722258813203e-14	9.616784637628621e-14
sub-4	04	right_hand	96	79.0	2.156386838767489e-14	9.63846283270099e-14
sub-4	04	right_hand	96	80.0	2.065419642406082e-14	9.16592119419176e-14
sub-4	04	right_hand	96	81.0	2.143344530178227e-14	9.248873433933783e-14
sub-4	04	right_hand	96	82.0	2.144726258087475e-14	9.647604404297398e-14
sub-4	04	right_hand	96	83.0	2.0571388046279248e-14	9.582274843459197e-14
sub-4	04	right_hand	96	84.0	1.8647193105571136e-14	8.799367668357798e-14
sub-4	04	right_hand	96	85.0	1.9826014751331192e-14	8.363476560735138e-14
sub-4	04	right_hand	96	86.0	1.9066279948996998e-14	7.93649490673716e-14
sub-4	04	right_hand	96	87.0	1.895001574027548e-14	8.156741335759217e-14
sub-4	04	right_hand	96	88.0	1.839397374245915e-14	8.049463376120459e-14
sub-4	04	right_hand	96	89.0	1.825661157404438e-14	7.50659939912461e-14
sub-4	04	right_hand	96	90.0	1.7797274733937003e-14	7.60688231322129e-14
sub-4	04	right_hand	96	91.0	1.7687289691247128e-14	7.911773652212199e-14
sub-4	04	right_hand	96	92.0	1.8491840877743604e-14	8.10284343550214e-14
sub-4	04	right_hand	96	93.0	1.8531221297196826e-14	7.726888525936862e-14
sub-4	04	right_hand	96	94.0	1.8008751710278553e-14	6.964212628585713e-14
sub-4	04	right_hand	96	95.0	1.670889548630982e-14	6.758070852896099e-14
sub-4	04	right_hand	96	96.0	1.5608917503826425e-14	6.988465757395176e-14
sub-4	04	right_hand	96	97.0	1.5931858769995964e-14	7.492615837041907e-14
sub-4	04	right_hand	96	98.0	1.677172357303194e-14	7.366123889069586e-14
sub-4	04	right_hand	96	99.0	1.6098456331466174e-14	6.860819307125297e-14
sub-4	04	right_hand	96	100.0	1.5473258073844515e-14	6.747604791307303e-14
sub-4	04	right_hand	96	101.0	1.5161942293500924e-14	7.37381341115145e-14
sub-4	04	right_hand	96	102.0	1.5477565812633863e-14	7.52524598382255e-14
sub-4	04	right_hand	96	103.0	1.610256512424455e-14	7.212635581653867e-14
sub-4	04	right_hand	96	104.0	1.486957211280374e-14	7.116853390828957e-14
sub-4	04	right_hand	96	105.0	1.4591860606812127e-14	6.953541195236967e-14
sub-4	04	right_hand	96	106.0	1.4547636287008784e-14	6.772954693003411e-14
sub-4	04	right_hand	96	107.0	1.44391870661848e-14	6.080575032247002e-14
sub-4	04	right_hand	96	108.0	1.4423623685390474e-14	6.166083109140364e-14
sub-4	04	right_hand	96	109.0	1.4469336184416602e-14	6.496060692194982e-14
sub-4	04	right_hand	96	110.0	1.3928701113947953e-14	6.406655183433786e-14
sub-4	04	right_hand	96	111.0	1.470380889071504e-14	6.697467033622727e-14
sub-4	04	right_hand	96	112.0	1.5595570284715798e-14	6.647857976311556e-14
sub-4	04	right_hand	96	113.0	1.5532350005196366e-14	6.387323975101347e-14
sub-4	04	right_hand	96	114.0	1.3896003345597201e-14	6.333178105238638e-14
sub-4	04	right_hand	96	115.0	1.3409834244422671e-14	6.552225522825418e-14
sub-4	04	right_hand	96	116.0	1.3803537171274131e-14	6.552105480607787e-14
sub-4	04	right_hand	96	117.0	1.3898369624731338e-14	6.226986481004367e-14
sub-4	04	right_hand	96	118.0	1.4270157721607047e-14	6.345362145702616e-14
sub-4	04	right_hand	96	119.0	1.4536553745081967e-14	6.427425433690358e-14
sub-4	04	right_hand	96	120.0	1.4346580719445185e-14	6.534462511522091e-14
sub-4	04	right_hand	96	121.0	1.4301232645926894e-14	6.435907295940209e-14
sub-4	04	right_hand	96	122.0	1.3433537091415638e-14	6.386673503162736e-14
sub-4	04	right_hand	96	123.0	1.271411244757109e-14	6.250627523392187e-14
sub-4	04	right_hand	96	124.0	1.2806936664713941e-14	6.271586668644271e-14
sub-4	04	right_hand	96	125.0	6.6139002141251615e-15	2.986986012898228e-14
