variant	subject	session	band	label	runs	n_trials	n_runs	n_trials_per_run	equal_run_mean_log10_power_V2	equal_run_geometric_mean_power_uV2	equal_run_arithmetic_mean_power_uV2
all_six_runs_all_trials	sub-1	01	mu	rest	01,02,03,04,05,06	90	6	[15, 15, 15, 15, 15, 15]	-11.508250961614381	3.102766104100494	3.269130950945002
all_six_runs_all_trials	sub-1	01	mu	right_hand	01,02,03,04,05,06	90	6	[15, 15, 15, 15, 15, 15]	-11.58747017310007	2.5854123969386458	2.73547570716457
all_six_runs_all_trials	sub-1	01	beta	rest	01,02,03,04,05,06	90	6	[15, 15, 15, 15, 15, 15]	-11.743086514494983	1.8068141601542929	1.8267401361437392
all_six_runs_all_trials	sub-1	01	beta	right_hand	01,02,03,04,05,06	90	6	[15, 15, 15, 15, 15, 15]	-11.789928443649105	1.6220773362447676	1.6338633440836543
all_six_runs_all_trials	sub-1	02	mu	rest	01,02,03,04,05,06	89	6	[15, 15, 15, 14, 15, 15]	-11.328805246144826	4.690236627089842	5.090670146929536
all_six_runs_all_trials	sub-1	02	mu	right_hand	01,02,03,04,05,06	90	6	[15, 15, 15, 15, 15, 15]	-11.434597229385341	3.6762308110131747	4.004115774988455
all_six_runs_all_trials	sub-1	02	beta	rest	01,02,03,04,05,06	89	6	[15, 15, 15, 14, 15, 15]	-11.697657754024645	2.006052275086164	2.0287990632716797
all_six_runs_all_trials	sub-1	02	beta	right_hand	01,02,03,04,05,06	90	6	[15, 15, 15, 15, 15, 15]	-11.779470804546024	1.661610375798102	1.6801541965932973
all_six_runs_all_trials	sub-1	03	mu	rest	01,02,03,04,05,06	90	6	[15, 15, 15, 15, 15, 15]	-11.274810006965287	5.311167437809118	5.793770062152415
all_six_runs_all_trials	sub-1	03	mu	right_hand	01,02,03,04,05,06	90	6	[15, 15, 15, 15, 15, 15]	-11.460559553566304	3.4629039553593377	3.8265802687648964
all_six_runs_all_trials	sub-1	03	beta	rest	01,02,03,04,05,06	90	6	[15, 15, 15, 15, 15, 15]	-11.640288827052068	2.2893446203381074	2.3234060001213743
all_six_runs_all_trials	sub-1	03	beta	right_hand	01,02,03,04,05,06	90	6	[15, 15, 15, 15, 15, 15]	-11.756389022836977	1.7523101524579312	1.7851509697370005
all_six_runs_all_trials	sub-1	04	mu	rest	01,02,03,04,05,06	88	6	[15, 14, 15, 15, 15, 14]	-11.227341011338908	5.924599378303048	6.4780847798095
all_six_runs_all_trials	sub-1	04	mu	right_hand	01,02,03,04,05,06	90	6	[15, 15, 15, 15, 15, 15]	-11.447053509532426	3.5722882118734236	3.8300752663468987
all_six_runs_all_trials	sub-1	04	beta	rest	01,02,03,04,05,06	88	6	[15, 14, 15, 15, 15, 14]	-11.649184642288228	2.2429281298742625	2.2741123401393897
all_six_runs_all_trials	sub-1	04	beta	right_hand	01,02,03,04,05,06	90	6	[15, 15, 15, 15, 15, 15]	-11.741061518876096	1.8152585087505488	1.8394878279696696
common_four_runs_all_trials	sub-1	01	mu	rest	03,04,05,06	60	4	[15, 15, 15, 15]	-11.52401747488067	2.9921442380821746	3.1722395215655617
common_four_runs_all_trials	sub-1	01	mu	right_hand	03,04,05,06	60	4	[15, 15, 15, 15]	-11.601620774506337	2.5025296141921145	2.657994112965484
common_four_runs_all_trials	sub-1	01	beta	rest	03,04,05,06	60	4	[15, 15, 15, 15]	-11.735941178102868	1.8367871053984668	1.8564791945389845
common_four_runs_all_trials	sub-1	01	beta	right_hand	03,04,05,06	60	4	[15, 15, 15, 15]	-11.785924099873096	1.6371026071220232	1.6501111131339405
common_four_runs_all_trials	sub-1	02	mu	rest	03,04,05,06	59	4	[15, 14, 15, 15]	-11.347034089776574	4.497445509839802	4.909069237829872
common_four_runs_all_trials	sub-1	02	mu	right_hand	03,04,05,06	60	4	[15, 15, 15, 15]	-11.460573760278928	3.4627906781275613	3.647779767342859
common_four_runs_all_trials	sub-1	02	beta	rest	03,04,05,06	59	4	[15, 14, 15, 15]	-11.686371969834163	2.058865755433672	2.0822324064100806
common_four_runs_all_trials	sub-1	02	beta	right_hand	03,04,05,06	60	4	[15, 15, 15, 15]	-11.774450858718378	1.6809281152970776	1.699203493821199
common_four_runs_all_trials	sub-1	03	mu	rest	03,04,05,06	60	4	[15, 15, 15, 15]	-11.316886589296066	4.820736688450644	5.205279996485942
common_four_runs_all_trials	sub-1	03	mu	right_hand	03,04,05,06	60	4	[15, 15, 15, 15]	-11.505463694810878	3.1227434435089156	3.3311839264207626
common_four_runs_all_trials	sub-1	03	beta	rest	03,04,05,06	60	4	[15, 15, 15, 15]	-11.665226012937588	2.161593307498531	2.1837979084763313
common_four_runs_all_trials	sub-1	03	beta	right_hand	03,04,05,06	60	4	[15, 15, 15, 15]	-11.774173310510214	1.6820027034279907	1.714025557748627
common_four_runs_all_trials	sub-1	04	mu	rest	03,04,05,06	59	4	[15, 15, 15, 14]	-11.264707859210262	5.436158875342714	5.961688668909141
common_four_runs_all_trials	sub-1	04	mu	right_hand	03,04,05,06	60	4	[15, 15, 15, 15]	-11.479542195440018	3.314803620822563	3.57011551575732
common_four_runs_all_trials	sub-1	04	beta	rest	03,04,05,06	59	4	[15, 15, 15, 14]	-11.658388252158819	2.1958959000409934	2.2284869808177903
common_four_runs_all_trials	sub-1	04	beta	right_hand	03,04,05,06	60	4	[15, 15, 15, 15]	-11.7402105192796	1.818818993199608	1.8484460881189375
common_four_runs_qc_unflagged	sub-1	01	mu	rest	03,04,05,06	60	4	[15, 15, 15, 15]	-11.52401747488067	2.9921442380821746	3.1722395215655617
common_four_runs_qc_unflagged	sub-1	01	mu	right_hand	03,04,05,06	60	4	[15, 15, 15, 15]	-11.601620774506337	2.5025296141921145	2.657994112965484
common_four_runs_qc_unflagged	sub-1	01	beta	rest	03,04,05,06	60	4	[15, 15, 15, 15]	-11.735941178102868	1.8367871053984668	1.8564791945389845
common_four_runs_qc_unflagged	sub-1	01	beta	right_hand	03,04,05,06	60	4	[15, 15, 15, 15]	-11.785924099873096	1.6371026071220232	1.6501111131339405
common_four_runs_qc_unflagged	sub-1	02	mu	rest	03,04,05,06	59	4	[15, 14, 15, 15]	-11.347034089776574	4.497445509839802	4.909069237829872
common_four_runs_qc_unflagged	sub-1	02	mu	right_hand	03,04,05,06	60	4	[15, 15, 15, 15]	-11.460573760278928	3.4627906781275613	3.647779767342859
common_four_runs_qc_unflagged	sub-1	02	beta	rest	03,04,05,06	59	4	[15, 14, 15, 15]	-11.686371969834163	2.058865755433672	2.0822324064100806
common_four_runs_qc_unflagged	sub-1	02	beta	right_hand	03,04,05,06	60	4	[15, 15, 15, 15]	-11.774450858718378	1.6809281152970776	1.699203493821199
common_four_runs_qc_unflagged	sub-1	03	mu	rest	03,04,05,06	60	4	[15, 15, 15, 15]	-11.316886589296066	4.820736688450644	5.205279996485942
common_four_runs_qc_unflagged	sub-1	03	mu	right_hand	03,04,05,06	60	4	[15, 15, 15, 15]	-11.505463694810878	3.1227434435089156	3.3311839264207626
common_four_runs_qc_unflagged	sub-1	03	beta	rest	03,04,05,06	60	4	[15, 15, 15, 15]	-11.665226012937588	2.161593307498531	2.1837979084763313
common_four_runs_qc_unflagged	sub-1	03	beta	right_hand	03,04,05,06	60	4	[15, 15, 15, 15]	-11.774173310510214	1.6820027034279907	1.714025557748627
common_four_runs_qc_unflagged	sub-1	04	mu	rest	03,04,05,06	56	4	[12, 15, 15, 14]	-11.271839006830982	5.347625593909552	5.803820676489359
common_four_runs_qc_unflagged	sub-1	04	mu	right_hand	03,04,05,06	58	4	[13, 15, 15, 15]	-11.482006608204287	3.296046968898297	3.5536966297295924
common_four_runs_qc_unflagged	sub-1	04	beta	rest	03,04,05,06	56	4	[12, 15, 15, 14]	-11.661570411698229	2.17986494937004	2.2067754367416867
common_four_runs_qc_unflagged	sub-1	04	beta	right_hand	03,04,05,06	58	4	[13, 15, 15, 15]	-11.740800799019235	1.8163485894375404	1.8455380825955074
