variant	subject	session	band	n_rest	n_MI	MI_minus_rest_log_power_dB	ratio_of_arithmetic_mean_power_dB	interpretation
all_six_runs_all_trials	sub-1	01	mu	90	90	-0.7921921148568956	-0.7739945507063523	between_task_window_contrast_not_baseline_ERD
all_six_runs_all_trials	sub-1	01	beta	90	90	-0.4684192915412133	-0.4846104152697614	between_task_window_contrast_not_baseline_ERD
all_six_runs_all_trials	sub-1	02	mu	89	90	-1.0579198324051475	-1.0426833139586937	between_task_window_contrast_not_baseline_ERD
all_six_runs_all_trials	sub-1	02	beta	89	90	-0.8181305052137944	-0.8188989463587388	between_task_window_contrast_not_baseline_ERD
all_six_runs_all_trials	sub-1	03	mu	90	90	-1.857495466010164	-1.8015042753112778	between_task_window_contrast_not_baseline_ERD
all_six_runs_all_trials	sub-1	03	beta	90	90	-1.1610019578490949	-1.1445015640535257	between_task_window_contrast_not_baseline_ERD
all_six_runs_all_trials	sub-1	04	mu	88	90	-2.197124981935179	-2.282393188501954	between_task_window_contrast_not_baseline_ERD
all_six_runs_all_trials	sub-1	04	beta	88	90	-0.9187687658786814	-0.9211499641896203	between_task_window_contrast_not_baseline_ERD
common_four_runs_all_trials	sub-1	01	mu	60	60	-0.7760329962566637	-0.7681195679578606	between_task_window_contrast_not_baseline_ERD
common_four_runs_all_trials	sub-1	01	beta	60	60	-0.49982921770228117	-0.5117689729358964	between_task_window_contrast_not_baseline_ERD
common_four_runs_all_trials	sub-1	02	mu	59	60	-1.1353967050235347	-1.289705472983655	between_task_window_contrast_not_baseline_ERD
common_four_runs_all_trials	sub-1	02	beta	59	60	-0.8807888888421544	-0.8828380887178107	between_task_window_contrast_not_baseline_ERD
common_four_runs_all_trials	sub-1	03	mu	60	60	-1.8857710551481155	-1.9384548326421414	between_task_window_contrast_not_baseline_ERD
common_four_runs_all_trials	sub-1	03	beta	60	60	-1.0894729757262667	-1.0519515233247518	between_task_window_contrast_not_baseline_ERD
common_four_runs_all_trials	sub-1	04	mu	59	60	-2.1483433622975667	-2.2268702407242817	between_task_window_contrast_not_baseline_ERD
common_four_runs_all_trials	sub-1	04	beta	59	60	-0.8182226712078133	-0.8120331277392954	between_task_window_contrast_not_baseline_ERD
common_four_runs_qc_unflagged	sub-1	01	mu	60	60	-0.7760329962566637	-0.7681195679578606	between_task_window_contrast_not_baseline_ERD
common_four_runs_qc_unflagged	sub-1	01	beta	60	60	-0.49982921770228117	-0.5117689729358964	between_task_window_contrast_not_baseline_ERD
common_four_runs_qc_unflagged	sub-1	02	mu	59	60	-1.1353967050235347	-1.289705472983655	between_task_window_contrast_not_baseline_ERD
common_four_runs_qc_unflagged	sub-1	02	beta	59	60	-0.8807888888421544	-0.8828380887178107	between_task_window_contrast_not_baseline_ERD
common_four_runs_qc_unflagged	sub-1	03	mu	60	60	-1.8857710551481155	-1.9384548326421414	between_task_window_contrast_not_baseline_ERD
common_four_runs_qc_unflagged	sub-1	03	beta	60	60	-1.0894729757262667	-1.0519515233247518	between_task_window_contrast_not_baseline_ERD
common_four_runs_qc_unflagged	sub-1	04	mu	56	58	-2.1016760137330515	-2.1303363495360923	between_task_window_contrast_not_baseline_ERD
common_four_runs_qc_unflagged	sub-1	04	beta	56	58	-0.7923038732100629	-0.7763512998011142	between_task_window_contrast_not_baseline_ERD
