association	x_metric	y_metric	x_units	y_units	estimator	n_requested_participants	n_complete_paired_participants	complete_subjects	unavailable_subjects	status	estimate	participant_bootstrap_CI95_low	participant_bootstrap_CI95_high	bootstrap_seed	bootstrap_repetitions_requested	bootstrap_repetitions_attempted	bootstrap_valid_draws	bootstrap_degenerate_draws	bootstrap_fewer_than_two_distinct_subject_draws	bootstrap_zero_variance_other_draws	CI_scope
BA_change_vs_behavior_change	CSP_BA_change_pp	behavior_change_pp	percentage points	percentage points	Pearson_r	10	10	sub-1,sub-2,sub-3,sub-4,sub-5,sub-6,sub-7,sub-8,sub-9,sub-10		available_exploratory	0.4240460364509671	-0.04950573024870077	0.7770400012803638	42	10000	10000	10000	0	0	0	whole paired participants; complete-variable pairs; exploratory observational association
BA_change_vs_behavior_change	CSP_BA_change_pp	behavior_change_pp	percentage points	percentage points	Spearman_rho	10	10	sub-1,sub-2,sub-3,sub-4,sub-5,sub-6,sub-7,sub-8,sub-9,sub-10		available_exploratory	0.3939393939393939	-0.3333333333333333	0.8518518518518519	42	10000	10000	10000	0	0	0	whole paired participants; complete-variable pairs; exploratory observational association
Mu_change_vs_behavior_change	mu_task_contrast_change_dB	behavior_change_pp	dB	percentage points	Pearson_r	10	10	sub-1,sub-2,sub-3,sub-4,sub-5,sub-6,sub-7,sub-8,sub-9,sub-10		available_exploratory	-0.41188813711002215	-0.8761101297535806	-0.014413741120090914	42	10000	10000	10000	0	0	0	whole paired participants; complete-variable pairs; exploratory observational association
Mu_change_vs_behavior_change	mu_task_contrast_change_dB	behavior_change_pp	dB	percentage points	Spearman_rho	10	10	sub-1,sub-2,sub-3,sub-4,sub-5,sub-6,sub-7,sub-8,sub-9,sub-10		available_exploratory	-0.47878787878787876	-0.763993423456339	0.17647058823529413	42	10000	10000	10000	0	0	0	whole paired participants; complete-variable pairs; exploratory observational association
Mu_change_vs_BA_change	mu_task_contrast_change_dB	CSP_BA_change_pp	dB	percentage points	Pearson_r	10	10	sub-1,sub-2,sub-3,sub-4,sub-5,sub-6,sub-7,sub-8,sub-9,sub-10		available_exploratory	-0.7265446015017288	-0.9332461564128868	-0.3552598837248587	42	10000	10000	10000	0	0	0	whole paired participants; complete-variable pairs; exploratory observational association
Mu_change_vs_BA_change	mu_task_contrast_change_dB	CSP_BA_change_pp	dB	percentage points	Spearman_rho	10	10	sub-1,sub-2,sub-3,sub-4,sub-5,sub-6,sub-7,sub-8,sub-9,sub-10		available_exploratory	-0.7212121212121212	-0.9622641509433962	-0.1522681037094757	42	10000	10000	10000	0	0	0	whole paired participants; complete-variable pairs; exploratory observational association
all_six_runs_AIRM_session04_vs_BA_change	all_six_AIRM_session04	CSP_BA_change_pp	AIRM distance	percentage points	Pearson_r	10	10	sub-1,sub-2,sub-3,sub-4,sub-5,sub-6,sub-7,sub-8,sub-9,sub-10		available_exploratory	-0.6244455275516709	-0.9311711876345036	0.33068246403024687	42	10000	10000	10000	0	0	0	whole paired participants; complete-variable pairs; exploratory observational association
all_six_runs_AIRM_session04_vs_BA_change	all_six_AIRM_session04	CSP_BA_change_pp	AIRM distance	percentage points	Spearman_rho	10	10	sub-1,sub-2,sub-3,sub-4,sub-5,sub-6,sub-7,sub-8,sub-9,sub-10		available_exploratory	-0.503030303030303	-0.9254658385093167	0.2911392405063291	42	10000	10000	10000	0	0	0	whole paired participants; complete-variable pairs; exploratory observational association
all_six_runs_PCA_session04_vs_BA_change	all_six_PCA_subspace_session04	CSP_BA_change_pp	normalized projector distance	percentage points	Pearson_r	10	10	sub-1,sub-2,sub-3,sub-4,sub-5,sub-6,sub-7,sub-8,sub-9,sub-10		available_exploratory	0.020026873022579633	-0.651281446599651	0.6655297373945657	42	10000	10000	10000	0	0	0	whole paired participants; complete-variable pairs; exploratory observational association
all_six_runs_PCA_session04_vs_BA_change	all_six_PCA_subspace_session04	CSP_BA_change_pp	normalized projector distance	percentage points	Spearman_rho	10	10	sub-1,sub-2,sub-3,sub-4,sub-5,sub-6,sub-7,sub-8,sub-9,sub-10		available_exploratory	0.16363636363636364	-0.6855530891601923	0.7961783439490446	42	10000	10000	10000	0	0	0	whole paired participants; complete-variable pairs; exploratory observational association
