subject	behavior_session01_percent	behavior_session04_percent	behavior_change_pp	CSP_BA_session01_percent	CSP_BA_session04_percent	CSP_BA_change_pp	mu_task_contrast_session01_dB	mu_task_contrast_session04_dB	mu_task_contrast_change_dB	all_six_matching_status	all_six_AIRM_session04	all_six_PCA_subspace_session04
sub-1	73.8	89.28333333333335	15.483333333333348	60.0	50.0	-10.0	-0.7921921148568956	-2.197124981935179	-1.4049328670782835	available	8.720164040597037	0.6691821013290288
sub-2	66.11166666666666	86.11333333333334	20.00166666666668	81.25	78.125	-3.125	-0.9540278761326526	-3.038644118050655	-2.0846162419180025	available	6.417588839638467	0.5905237055193002
sub-3	50.00166666666667	73.135	23.133333333333333	59.375	51.13486842105264	-8.240131578947363	-0.23320879194182353	-0.18316047482977993	0.050048317112043605	available	9.032111684511907	0.6405660475000147
sub-4	53.88666666666666	63.333333333333336	9.446666666666673	78.125	50.0	-28.125	-0.28044186789218273	-0.03170945748227183	0.2487324104099109	available	5.296781964692565	0.586596650568177
sub-5	42.223333333333336	66.11166666666666	23.88833333333333	67.1875	50.0	-17.1875	0.17758655254011657	-1.1417212866633442	-1.3193078392034607	available	7.393707916410963	0.6877720944772012
sub-6	55.445	72.83333333333333	17.38833333333333	45.3125	68.75	23.4375	0.7867467341051437	-0.40835674177602144	-1.1951034758811652	available	3.160139602716378	0.5871014819244035
sub-7	51.665	63.88833333333333	12.22333333333333	89.71264367816092	50.0	-39.712643678160916	-2.197124981935179	0.5328752740847342	2.7300002560199133	available	9.913644553550983	0.6671592865864017
sub-8	52.776666666666664	59.99833333333333	7.221666666666664	79.23387096774194	63.541666666666664	-15.692204301075272	-1.1252416912715724	-0.8779670255207428	0.24727466575082957	available	9.472697552731898	0.7684445608317887
sub-9	54.44166666666666	56.665	2.2233333333333363	79.6875	49.479166666666664	-30.208333333333336	-0.5680996929185689	-0.3224599723131405	0.24563972060542838	available	8.23100291270256	0.5206253339965241
sub-10	45.0	56.666666666666664	11.666666666666664	46.875	50.0	3.125	0.485592949429563	-1.1361043578797592	-1.6216973073093222	available	7.076342543910194	0.7006829272773224
