subject	original_subject	session	run	eeg_trial_count	behavior_percent	behavior_vector_position	behavior_source_column	score_denominator	run_score_order_status	percentage_compatible_with_eeg_count
sub-1	sub-01	01	01	30	64.3	1	BCI-Performance-session1		candidate: score vector has no explicit run IDs	False
sub-1	sub-01	01	02	30	75.0	2	BCI-Performance-session1		candidate: score vector has no explicit run IDs	False
sub-1	sub-01	01	03	30	71.4	3	BCI-Performance-session1		candidate: score vector has no explicit run IDs	False
sub-1	sub-01	01	04	30	71.4	4	BCI-Performance-session1		candidate: score vector has no explicit run IDs	False
sub-1	sub-01	01	05	30	75.0	5	BCI-Performance-session1		candidate: score vector has no explicit run IDs	False
sub-1	sub-01	01	06	30	85.7	6	BCI-Performance-session1		candidate: score vector has no explicit run IDs	False
sub-1	sub-01	02	01	30	85.7	1	BCI-Performance-session2		candidate: score vector has no explicit run IDs	False
sub-1	sub-01	02	02	30	89.3	2	BCI-Performance-session2		candidate: score vector has no explicit run IDs	False
sub-1	sub-01	02	03	30	92.9	3	BCI-Performance-session2		candidate: score vector has no explicit run IDs	False
sub-1	sub-01	02	04	29	92.9	4	BCI-Performance-session2		candidate: score vector has no explicit run IDs	False
sub-1	sub-01	02	05	30	85.7	5	BCI-Performance-session2		candidate: score vector has no explicit run IDs	False
sub-1	sub-01	02	06	30	96.4	6	BCI-Performance-session2		candidate: score vector has no explicit run IDs	False
sub-1	sub-01	03	01	30	96.4	1	BCI-Performance-session3		candidate: score vector has no explicit run IDs	False
sub-1	sub-01	03	02	30	82.1	2	BCI-Performance-session3		candidate: score vector has no explicit run IDs	False
sub-1	sub-01	03	03	30	82.1	3	BCI-Performance-session3		candidate: score vector has no explicit run IDs	False
sub-1	sub-01	03	04	30	85.7	4	BCI-Performance-session3		candidate: score vector has no explicit run IDs	False
sub-1	sub-01	03	05	30	82.1	5	BCI-Performance-session3		candidate: score vector has no explicit run IDs	False
sub-1	sub-01	03	06	30	82.1	6	BCI-Performance-session3		candidate: score vector has no explicit run IDs	False
sub-1	sub-01	04	01	30	85.7	1	BCI-Performance-session4		candidate: score vector has no explicit run IDs	False
sub-1	sub-01	04	02	29	100.0	2	BCI-Performance-session4		candidate: score vector has no explicit run IDs	True
sub-1	sub-01	04	03	30	96.4	3	BCI-Performance-session4		candidate: score vector has no explicit run IDs	False
sub-1	sub-01	04	04	30	75.0	4	BCI-Performance-session4		candidate: score vector has no explicit run IDs	False
sub-1	sub-01	04	05	30	85.7	5	BCI-Performance-session4		candidate: score vector has no explicit run IDs	False
sub-1	sub-01	04	06	29	92.9	6	BCI-Performance-session4		candidate: score vector has no explicit run IDs	False
