original_subject	session	source_row	source_column	source_literal	n_reported_run_scores	mean_run_hit_percent	median_run_hit_percent	sd_between_reported_run_percent	min_run_hit_percent	max_run_hit_percent	delta_from_first_session_pp	delta_from_previous_session_pp	EEG_run_order	score_denominator	trial_outcome	online_feature_source_literal	anxiety_source_literal
sub-01	01	1	BCI-Performance-session1	[64.3, 75, 71.4, 71.4, 75, 85.7]	6	73.8	73.2	7.017976916462466	64.3	85.7	0.0	unavailable	unresolved	unresolved	unresolved	[43, 20], [43, 22], [43, 24], [43, 26]	31
sub-01	02	1	BCI-Performance-session2	[85.7, 89.3, 92.9, 92.9, 85.7, 96.4]	6	90.48333333333333	91.1	4.332397334809757	85.7	96.4	16.683333333333337	16.683333333333337	unresolved	unresolved	unresolved	[43, 22], [43, 24], [43, 26], [43, 28]	NA
sub-01	03	1	BCI-Performance-session3	[96.4, 82.1, 82.1, 85.7, 82.1, 82.1]	6	85.08333333333333	82.1	5.727972299746806	82.1	96.4	11.283333333333331	-5.400000000000006	unresolved	unresolved	unresolved	[43, 24], [43, 26], [43, 28], [43, 30]	NA
sub-01	04	1	BCI-Performance-session4	[85.7, 100, 96.4, 75, 85.7, 92.9]	6	89.28333333333335	89.30000000000001	9.036241844188693	75.0	100.0	15.483333333333348	4.200000000000017	unresolved	unresolved	unresolved	[43, 27], [43, 29], [43, 31], [43, 33]	NA
sub-02	01	2	BCI-Performance-session1	[60, 73.33, 66.67, 73.33, 56.67, 66.67]	6	66.11166666666666	66.67	6.801906840487207	56.67	73.33	0.0	unavailable	unresolved	unresolved	unresolved	[43, 20], [43, 22], [43, 24], [43, 26]	29
sub-02	02	2	BCI-Performance-session2	[66.67, 56.67, 60, 76.67, 53.33, 56.67]	6	61.66833333333333	58.335	8.629536294996775	53.33	76.67	-4.443333333333335	-4.443333333333335	unresolved	unresolved	unresolved	[43, 22], [43, 24], [43, 26], [43, 28]	33.0
sub-02	03	2	BCI-Performance-session3	[66.67, 76.67, 73.33, 76.67, 70, 73.33]	6	72.77833333333334	73.33	3.8969137361079302	66.67	76.67	6.666666666666671	11.110000000000007	unresolved	unresolved	unresolved	[43, 22], [43, 24], [31, 26], [31, 28]	28.0
sub-02	04	2	BCI-Performance-session4	[86.67, 86.67, 90, 86.67, 76.67, 90]	6	86.11333333333334	86.67	4.905477210900756	76.67	90.0	20.00166666666668	13.335000000000008	unresolved	unresolved	unresolved	[43, 22], [43, 24], [43, 26], [43, 28], [31, 22], [31, 24]	28.0
sub-03	01	3	BCI-Performance-session1	[50, 56.67, 46.67, 43.33, 46.67, 56.67]	6	50.00166666666667	48.335	5.579327617792907	43.33	56.67	0.0	unavailable	unresolved	unresolved	unresolved	[43, 22], [43, 24], [43, 26], [43, 28]	21
sub-03	02	3	BCI-Performance-session2	[56.67, 36.67, 60, 53.33, 43.33, 50]	6	50.0	51.665	8.692014726172523	36.67	60.0	-0.0016666666666722563	-0.0016666666666722563	unresolved	unresolved	unresolved	[43, 22], [43, 24], [43, 26], [43, 28]	29.0
sub-03	03	3	BCI-Performance-session3	[66.67, 73.33, 60, 60, 66.67, 50]	6	62.778333333333336	63.335	8.004397333132998	50.0	73.33	12.776666666666664	12.778333333333336	unresolved	unresolved	unresolved	[43, 20], [43, 22], [43, 24], [43, 26]	20.0
sub-03	04	3	BCI-Performance-session4	[60, 73.33, 66.67, 80, 82.14, 76.67]	6	73.135	75.0	8.427062952179721	60.0	82.14	23.133333333333333	10.35666666666667	unresolved	unresolved	unresolved	[43, 16], [43, 18], [43, 20], [43, 22], [44, 22], [44, 24]	32.0
sub-04	01	4	BCI-Performance-session1	[43.33, 53.33, 63.33, 63.33, 53.33, 46.67]	6	53.88666666666666	53.33	8.276428376218009	43.33	63.33	0.0	unavailable	unresolved	unresolved	unresolved	[31, 14], [31, 16], [42, 18], [42, 20]	25
sub-04	02	4	BCI-Performance-session2	[53.33, 46.67, 43.33, 50, 40, 36.67]	6	45.0	45.0	6.234670801253262	36.67	53.33	-8.886666666666663	-8.886666666666663	unresolved	unresolved	unresolved	[32, 18], [32, 20], [32, 22], [43, 24]	24.0
sub-04	03	4	BCI-Performance-session3	[50, 46.67, 73.33, 56.67, 56.67, 50]	6	55.55666666666667	53.335	9.58223703874344	46.67	73.33	1.6700000000000088	10.556666666666672	unresolved	unresolved	unresolved	[31, 8], [31, 10], [31, 12], [31, 14]	20.0
sub-04	04	4	BCI-Performance-session4	[50, 70, 66.67, 63.33, 66.67, 63.33]	6	63.333333333333336	65.0	6.992695236220915	50.0	70.0	9.446666666666673	7.776666666666664	unresolved	unresolved	unresolved	[31, 10], [42, 14], [42, 16], [42, 18], [43, 24]	20.0
sub-05	01	5	BCI-Performance-session1	[46.67, 36.67, 43.33, 43.33, 36.67, 46.67]	6	42.223333333333336	43.33	4.553550995285621	36.67	46.67	0.0	unavailable	unresolved	unresolved	unresolved	[43, 10], [43, 12], [43, 14], [34, 16]	31
sub-05	02	5	BCI-Performance-session2	[36.67, 40, 43.33, 56.67, 43.33, 53.33]	6	45.555	43.33	7.7935402738421775	36.67	56.67	3.3316666666666634	3.3316666666666634	unresolved	unresolved	unresolved	[42, 10], [42, 12], [42, 14], [42, 16]	25.0
sub-05	03	5	BCI-Performance-session3	[40, 56.67, 70, 63.33, 76.67, 46.67]	6	58.89000000000001	60.0	13.930994221519153	40.0	76.67	16.66666666666667	13.335000000000008	unresolved	unresolved	unresolved	[43, 10], [43, 12], [43, 14], [32, 10], [32, 12], [32, 14]	26.0
sub-05	04	5	BCI-Performance-session4	[66.67, 56.67, 60, 63.33, 73.33, 76.67]	6	66.11166666666666	65.0	7.721783256908126	56.67	76.67	23.88833333333333	7.221666666666657	unresolved	unresolved	unresolved	[31, 12], [31, 14], [31, 16], [31, 18], [43, 12], [43, 14]	28.0
sub-06	01	6	BCI-Performance-session1	[60, 50, 63, 50, 56.67, 53]	6	55.445	54.835	5.377745810281479	50.0	63.0	0.0	unavailable	unresolved	unresolved	unresolved	[43, 15], [43, 17], [43, 19], [43, 21], [34, 23], [34, 25]	24
sub-06	02	6	BCI-Performance-session2	[66.67, 76.67, 36.67, 60, 66.67, 76.67]	6	63.89166666666667	66.67	14.82008153373883	36.67	76.67	8.446666666666673	8.446666666666673	unresolved	unresolved	unresolved	[43, 13], [43, 15], [43, 17], [43, 19], [34, 21], [34, 23]	26.0
sub-06	03	6	BCI-Performance-session3	[80, 70, 77, 67, 67, 70]	6	71.83333333333333	70.0	5.419102016632153	67.0	80.0	16.38833333333333	7.941666666666656	unresolved	unresolved	unresolved	[43, 19], [43, 21], [44, 15], [44, 17], [34, 19], [34, 21]	26.0
sub-06	04	6	BCI-Performance-session4	[97, 77, 73, 53, 60, 77]	6	72.83333333333333	75.0	15.341664403403781	53.0	97.0	17.38833333333333	1.0	unresolved	unresolved	unresolved	[43, 13], [43, 15], [43, 17], [33, 15], [33, 17], [33, 19], [44, 17]	24.0
sub-07	01	7	BCI-Performance-session1	[53.33, 60, 53.33, 53.33, 46.67, 43.33]	6	51.665	53.33	5.868750292864742	43.33	60.0	0.0	unavailable	unresolved	unresolved	unresolved	[43, 14], [43, 16], [43, 18], [43, 20]	26
sub-07	02	7	BCI-Performance-session2	[53.33, 70, 30, 43.33, 50, 63.33]	6	51.66499999999999	51.665	14.259266110147463	30.0	70.0	-7.105427357601002e-15	-7.105427357601002e-15	unresolved	unresolved	unresolved	[43, 14], [43, 16], [43, 18], [43, 20], [31, 22], [31, 24]	20.0
sub-07	03	7	BCI-Performance-session3	[73.33, 56.67, 66.67, 50, 66.67, 56.67]	6	61.668333333333344	61.67	8.627218362060082	50.0	73.33	10.003333333333345	10.003333333333352	unresolved	unresolved	unresolved	[43, 18], [43, 20], [43, 22], [43, 24], [32, 18], [32, 20]	20.0
sub-07	04	7	BCI-Performance-session4	[73.33, 63.33, 60, 70, 46.67, 70]	6	63.88833333333333	66.66499999999999	9.754505454745855	46.67	73.33	12.22333333333333	2.2199999999999847	unresolved	unresolved	unresolved	[32, 20], [32, 22], [32, 24], [32, 26], [31, 26], [31, 28]	20.0
sub-08	01	8	BCI-Performance-session1	[40, 43.33, 40, 63.33, 66.67, 63.33]	6	52.776666666666664	53.33	12.895707296099221	40.0	66.67	0.0	unavailable	unresolved	unresolved	unresolved	[34, 14], [34, 16], [33, 18], [33, 20]	33
sub-08	02	8	BCI-Performance-session2	[56.67, 53.33, 53.33, 50, 43.33, 43.33]	6	49.99833333333333	51.665	5.579327617792907	43.33	56.67	-2.778333333333336	-2.778333333333336	unresolved	unresolved	unresolved	[31, 14], [31, 18], [31, 22], [34, 22]	29.0
sub-08	03	8	BCI-Performance-session3	[70, 70, 73.33, 66.67, 56.67, 76.67]	6	68.89	70.0	6.884228351819831	56.67	76.67	16.113333333333337	18.891666666666673	unresolved	unresolved	unresolved	[43, 20], [43, 22], [43, 24], [43, 26], [34, 24]	34.0
sub-08	04	8	BCI-Performance-session4	[63.33, 60, 63.33, 56.67, 53.33, 63.33]	6	59.99833333333333	61.665	4.215316911771481	53.33	63.33	7.221666666666664	-8.891666666666673	unresolved	unresolved	unresolved	[43, 10], [43, 12], [43, 14], [43, 16]	27.0
sub-09	01	9	BCI-Performance-session1	[63.33, 43.33, 63.33, 53.33, 53.33, 50]	6	54.44166666666666	53.33	7.793254561905871	43.33	63.33	0.0	unavailable	unresolved	unresolved	unresolved	[34, 22], [34, 24], [34, 26], [34, 28]	20
sub-09	02	9	BCI-Performance-session2	[66.67, 50, 66.67, 40, 70, 60]	6	58.89000000000001	63.335	11.67548885486171	40.0	70.0	4.448333333333345	4.448333333333345	unresolved	unresolved	unresolved	[43, 8], [43, 10], [43, 12], [43, 14]	22.0
sub-09	03	9	BCI-Performance-session3	[66.67, 46.67, 53.33, 46.67, 43.33, 53.33]	6	51.666666666666664	50.0	8.367397843216652	43.33	66.67	-2.7749999999999986	-7.223333333333343	unresolved	unresolved	unresolved	[43, 10], [43, 12], [43, 14], [31, 24], [31, 26], [31, 28]	22.0
sub-09	04	9	BCI-Performance-session4	[53.33, 50, 43.33, 53.33, 73.33, 66.67]	6	56.665	53.33	11.156264159654881	43.33	73.33	2.2233333333333363	4.998333333333335	unresolved	unresolved	unresolved	[43, 10], [43, 12], [43, 14], [45, 18], [45, 20], [45, 22]	24.0
sub-10	01	10	BCI-Performance-session1	[47, 33, 43, 50, 47, 50]	6	45.0	47.0	6.418722614352485	33.0	50.0	0.0	unavailable	unresolved	unresolved	unresolved	[33, 9], [33, 11], [33, 13], [33, 15], [45, 15]	37
sub-10	02	10	BCI-Performance-session2	[77, 50, 47, 60, 63, 47]	6	57.333333333333336	55.0	11.775681155103795	47.0	77.0	12.333333333333336	12.333333333333336	unresolved	unresolved	unresolved	[33, 11], [33, 13], [33, 27], [33, 29], [44, 11], [44, 13]	36.0
sub-10	03	10	BCI-Performance-session3	[73, 53, 43, 63, 67, 50]	6	58.166666666666664	58.0	11.35634917861663	43.0	73.0	13.166666666666664	0.8333333333333286	unresolved	unresolved	unresolved	[33, 9], [33, 11], [33, 27], [33, 29], [44, 9], [44, 11], [44, 13]	39.0
sub-10	04	10	BCI-Performance-session4	[67, 50, 63, 43, 67, 50]	6	56.666666666666664	56.5	10.289152864384253	43.0	67.0	11.666666666666664	-1.5	unresolved	unresolved	unresolved	[32, 7], [32, 9], [32, 11], [32, 13], [43, 9], [43, 11], [43, 13]	37.0
sub-11	01	11	BCI-Performance-session1	[60, 56.67, 53.33, 66.67, 63.33, 60]	6	60.0	60.0	4.714988865310289	53.33	66.67	0.0	unavailable	unresolved	unresolved	unresolved	[44, 13], [44, 15], [44, 17], [45, 15], [45, 17], [43, 8]	26
sub-11	02	11	BCI-Performance-session2	[70, 70, 63.33, 73.33, 66.67, 70]	6	68.88833333333334	70.0	3.4424376053411145	63.33	73.33	8.888333333333335	8.888333333333335	unresolved	unresolved	unresolved	[44, 13], [44, 15], [44, 17], [45, 15], [45, 17], [43, 8], [33, 10], [42, 22]	26.0
sub-11	03	11	BCI-Performance-session3	[76.67, 76.67, 80, 70, 76.67, 76.67]	6	76.11333333333334	76.67	3.2777593973119306	70.0	80.0	16.113333333333344	7.2250000000000085	unresolved	unresolved	unresolved	[34, 13], [34, 15], [34, 17], [45, 14], [45, 16], [44, 22], [44, 24], [44, 26]	25.0
sub-11	04	11	BCI-Performance-session4	[70, 90, 86.67, 76.67, 83.33, 73.33]	6	80.0	80.0	7.888670356910599	70.0	90.0	20.0	3.886666666666656	unresolved	unresolved	unresolved	[43, 13], [43, 15], [43, 17], [44, 15], [44, 17], [45, 15], [32, 8]	26.0
sub-12	01	12	BCI-Performance-session1	[63.3, 53.3, 50, 46.7, 50, 56.7]	6	53.333333333333336	51.65	5.947996861689375	46.7	63.3	0.0	unavailable	unresolved	unresolved	unresolved	[45, 15], [45, 17], [45, 19], [45, 21]	23
sub-12	02	12	BCI-Performance-session2	[73.3, 60, 73.3, 66.7, 63.3, 56.7]	6	65.55	65.0	6.864910778735582	56.7	73.3	12.216666666666661	12.216666666666661	unresolved	unresolved	unresolved	[33, 19], [33, 21], [33, 23], [44, 25]	20.0
sub-12	03	12	BCI-Performance-session3	[50, 70, 63.33, 43.33, 63.33, 56.67]	6	57.776666666666664	60.0	9.813218975782956	43.33	70.0	4.443333333333328	-7.773333333333333	unresolved	unresolved	unresolved	[34, 15], [34, 17], [45, 19], [45, 21], [43, 9], [43, 11], [43, 13]	20.0
sub-12	04	12	BCI-Performance-session4	[90, 73.33, 73.33, 63.33, 90, 73.33]	6	77.21999999999998	73.33	10.63000658513437	63.33	90.0	23.88666666666665	19.44333333333332	unresolved	unresolved	unresolved	[34, 13], [34, 15], [43, 11], [43, 13], [45, 13], [45, 15], [45, 17]	22.0
sub-13	01	13	BCI-Performance-session1	[73.33, 50, 56.67, 53.33, 63.33, 60]	6	59.44333333333333	58.335	8.276428376218009	50.0	73.33	0.0	unavailable	unresolved	unresolved	unresolved	[43, 10], [43, 12], [43, 14], [33, 14]	28
sub-13	02	13	BCI-Performance-session2	[80, 63.33, 53.33, 66.67, 60, 73.33]	6	66.11	65.0	9.526415905260487	53.33	80.0	6.666666666666671	6.666666666666671	unresolved	unresolved	unresolved	[43, 10], [43, 12], [43, 14], [32, 16]	24.0
sub-13	03	13	BCI-Performance-session3	[46.67, 56.67, 56.67, 66.67, 56.67, 56.67]	6	56.67000000000001	56.67	6.324555320336759	46.67	66.67	-2.773333333333319	-9.43999999999999	unresolved	unresolved	unresolved	[33, 10], [33, 12], [33, 14], [32, 16]	27.0
sub-13	04	13	BCI-Performance-session4	[70, 70, 66.67, 63.33, 63.33, 86.67]	6	70.0	68.33500000000001	8.694315384203636	63.33	86.67	10.556666666666672	13.329999999999991	unresolved	unresolved	unresolved	[43, 10], [43, 12], [43, 14], [32, 16], [45, 18]	26.0
sub-14	01	14	BCI-Performance-session1	[46.67, 70, 33.33, 66.67, 60, 50]	6	54.445	55.0	13.771844829215874	33.33	70.0	0.0	unavailable	unresolved	unresolved	unresolved	[44, 10], [44, 12], [44, 14], [32, 18], [32, 20], [32, 22]	29
sub-14	02	14	BCI-Performance-session2	[40, 60, 43.33, 56.67, 56.67, 40]	6	49.445	50.0	9.291055376005463	40.0	60.0	-5.0	-5.0	unresolved	unresolved	unresolved	[43, 13], [34, 15], [34, 17], [32, 23], [32, 25], [32, 27]	30.0
sub-14	03	14	BCI-Performance-session3	[50, 56.67, 76.67, 56.67, 53.33, 56.67]	6	58.335	56.67	9.37028441403995	50.0	76.67	3.8900000000000006	8.89	unresolved	unresolved	unresolved	[43, 13], [33, 19], [33, 23], [32, 13], [32, 15], [32, 17]	28.0
sub-14	04	14	BCI-Performance-session4	[66.67, 63.33, 73.33, 73.33, 70, 70]	6	69.44333333333333	70.0	3.896057836668581	63.33	73.33	14.998333333333328	11.108333333333327	unresolved	unresolved	unresolved	[43, 13], [32, 15], [32, 17], [32, 19], [32, 21], [32, 23]	30.0
sub-15	01	15	BCI-Performance-session1	[60, 40, 50, 53.3, 40, 46.7]	6	48.333333333333336	48.35	7.81170062577072	40.0	60.0	0.0	unavailable	unresolved	unresolved	unresolved	[33, 9], [33, 11], [33, 13], [33, 15], [44, 13]	35
sub-15	02	15	BCI-Performance-session2	[50, 53, 73, 77, 63, 53]	6	61.5	58.0	11.414902540100814	50.0	77.0	13.166666666666664	13.166666666666664	unresolved	unresolved	unresolved	[33, 11], [33, 13], [33, 15], [33, 17], [44, 19]	30.0
sub-15	03	15	BCI-Performance-session3	[73, 63, 67, 53, 70, 70]	6	66.0	68.5	7.211102550927978	53.0	73.0	17.666666666666664	4.5	unresolved	unresolved	unresolved	[33, 11], [33, 13], [33, 15], [33, 17], [34, 15], [34, 17]	28.0
sub-15	04	15	BCI-Performance-session4	[67, 80, 67, 63, 83, 67]	6	71.16666666666667	67.0	8.207719943240429	63.0	83.0	22.833333333333336	5.166666666666671	unresolved	unresolved	unresolved	[43, 9], [43, 11], [43, 13], [43, 19], [43, 21], [43, 23], [33, 15], [33, 17]	27.0
sub-16	01	16	BCI-Performance-session1	[63, 53, 67, 40, 63, 37]	6	53.833333333333336	58.0	12.781497043252276	37.0	67.0	0.0	unavailable	unresolved	unresolved	unresolved	[32, 15], [32, 17], [32, 19], [33, 25], [31, 25], [31, 27]	30
sub-16	02	16	BCI-Performance-session2	[60, 47, 53, 53, 53, 57]	6	53.833333333333336	53.0	4.400757510550504	47.0	60.0	0.0	0.0	unresolved	unresolved	unresolved	[32, 15], [32, 17], [32, 19], [43, 17], [44, 19], [44, 21]	32.0
sub-16	03	16	BCI-Performance-session3	[53, 70, 53, 67, 40, 33]	6	52.666666666666664	53.0	14.514360704718161	33.0	70.0	-1.1666666666666714	-1.1666666666666714	unresolved	unresolved	unresolved	[33, 17], [33, 19], [33, 21], [33, 23], [32, 17], [43, 21]	40.0
sub-16	04	16	BCI-Performance-session4	[63, 67, 73, 63, 70, 73]	6	68.16666666666667	68.5	4.5789372857319925	63.0	73.0	14.333333333333336	15.500000000000007	unresolved	unresolved	unresolved	[32, 17], [32, 19], [32, 21], [43, 19], [43, 21], [43, 23], [43, 25], [33, 19]	41.0
sub-17	01	17	BCI-Performance-session1	[46.67, 60, 33.33, 46.67, 53.33, 30]	6	45.0	46.67	11.499179101135873	30.0	60.0	0.0	unavailable	unresolved	unresolved	unresolved	[43, 10], [43, 12], [43, 14], [43, 16]	30
sub-17	02	17	BCI-Performance-session2	[16.67, 40, 30, 43.33, 43.33, 40]	6	35.555	40.0	10.468223822597603	16.67	43.33	-9.445	-9.445	unresolved	unresolved	unresolved	[43, 22], [43, 24], [43, 26], [43, 28]	29.0
sub-17	03	17	BCI-Performance-session3	[43.33, 36.67, 36.67, 50, 23.33, 43.33]	6	38.88833333333333	40.0	9.108563919008674	23.33	50.0	-6.111666666666672	3.3333333333333286	unresolved	unresolved	unresolved	[43, 10], [43, 12], [43, 14], [43, 16]	21.0
sub-17	04	17	BCI-Performance-session4	[42.86, 39.29, 50, 20, 43.33, 33.33]	6	38.135	41.075	10.42489472368906	20.0	50.0	-6.865000000000002	-0.7533333333333303	unresolved	unresolved	unresolved	[43, 18], [43, 20], [43, 22], [43, 24]	28.0
sub-18	01	18	BCI-Performance-session1	[56.67, 40, 43.33, 43.33, 56.67, 43.33]	6	47.221666666666664	43.33	7.431415522406662	40.0	56.67	0.0	unavailable	unresolved	unresolved	unresolved	[37, 16], [37, 18], [37, 20], [37, 22]	27
sub-18	02	18	BCI-Performance-session2	[63.33, 40, 63.33, 36.67, 63.33, 46.67]	6	52.221666666666664	55.0	12.58753099963081	36.67	63.33	5.0	5.0	unresolved	unresolved	unresolved	[37, 16], [31, 18], [31, 20], [31, 22], [43, 16]	25.0
sub-18	03	18	BCI-Performance-session3	[46.67, 50, 50, 36.67, 50, 53.33]	6	47.778333333333336	50.0	5.8352700594459765	36.67	53.33	0.556666666666672	-4.443333333333328	unresolved	unresolved	unresolved	[48, 12], [48, 14], [48, 16], [42, 18], [42, 20], [42, 22]	24.0
sub-18	04	18	BCI-Performance-session4	[53.33, 66.67, 40, 50, 60, 53.33]	6	53.88833333333333	53.33	9.048225056145911	40.0	66.67	6.666666666666664	6.109999999999992	unresolved	unresolved	unresolved	[43, 12], [43, 14], [43, 16], [43, 18], [43, 20], [47, 16]	25.0
sub-19	01	19	BCI-Performance-session1	[36.67, 56.67, 86.67, 76.67, 70.37, 40]	6	61.175000000000004	63.52	20.217857205945442	36.67	86.67	0.0	unavailable	unresolved	unresolved	unresolved	[43, 12], [43, 14], [43, 16], [43, 18]	32
sub-19	02	19	BCI-Performance-session2	[36.67, 40, 40, 66.67, 56.67, 63.33]	6	50.556666666666665	48.335	13.235530464120684	36.67	66.67	-10.61833333333334	-10.61833333333334	unresolved	unresolved	unresolved	[43, 16], [43, 18], [43, 20], [43, 22]	27.0
sub-19	03	19	BCI-Performance-session3	[92.59, 76.67, 90, 70, 63.33, 83.33]	6	79.32	80.0	11.452514134459735	63.33	92.59	18.14499999999999	28.76333333333333	unresolved	unresolved	unresolved	[43, 14], [43, 16], [43, 18], [45, 16], [45, 18], [45, 20]	23.0
sub-19	04	19	BCI-Performance-session4	[90, 93.33, 86.67, 93.33, 80, 90]	6	88.88833333333332	90.0	5.017008736953391	80.0	93.33	27.713333333333317	9.568333333333328	unresolved	unresolved	unresolved	[42, 10], [42, 12], [42, 14], [45, 10], [45, 12], [45, 14]	23.0
