original_subject	session	source_row	source_column	source_vector_position	published_hit_percent	EEG_run	EEG_trial	score_denominator
sub-01	01	1	BCI-Performance-session1	1	64.3	unresolved	unresolved	unresolved
sub-01	01	1	BCI-Performance-session1	2	75.0	unresolved	unresolved	unresolved
sub-01	01	1	BCI-Performance-session1	3	71.4	unresolved	unresolved	unresolved
sub-01	01	1	BCI-Performance-session1	4	71.4	unresolved	unresolved	unresolved
sub-01	01	1	BCI-Performance-session1	5	75.0	unresolved	unresolved	unresolved
sub-01	01	1	BCI-Performance-session1	6	85.7	unresolved	unresolved	unresolved
sub-01	02	1	BCI-Performance-session2	1	85.7	unresolved	unresolved	unresolved
sub-01	02	1	BCI-Performance-session2	2	89.3	unresolved	unresolved	unresolved
sub-01	02	1	BCI-Performance-session2	3	92.9	unresolved	unresolved	unresolved
sub-01	02	1	BCI-Performance-session2	4	92.9	unresolved	unresolved	unresolved
sub-01	02	1	BCI-Performance-session2	5	85.7	unresolved	unresolved	unresolved
sub-01	02	1	BCI-Performance-session2	6	96.4	unresolved	unresolved	unresolved
sub-01	03	1	BCI-Performance-session3	1	96.4	unresolved	unresolved	unresolved
sub-01	03	1	BCI-Performance-session3	2	82.1	unresolved	unresolved	unresolved
sub-01	03	1	BCI-Performance-session3	3	82.1	unresolved	unresolved	unresolved
sub-01	03	1	BCI-Performance-session3	4	85.7	unresolved	unresolved	unresolved
sub-01	03	1	BCI-Performance-session3	5	82.1	unresolved	unresolved	unresolved
sub-01	03	1	BCI-Performance-session3	6	82.1	unresolved	unresolved	unresolved
sub-01	04	1	BCI-Performance-session4	1	85.7	unresolved	unresolved	unresolved
sub-01	04	1	BCI-Performance-session4	2	100.0	unresolved	unresolved	unresolved
sub-01	04	1	BCI-Performance-session4	3	96.4	unresolved	unresolved	unresolved
sub-01	04	1	BCI-Performance-session4	4	75.0	unresolved	unresolved	unresolved
sub-01	04	1	BCI-Performance-session4	5	85.7	unresolved	unresolved	unresolved
sub-01	04	1	BCI-Performance-session4	6	92.9	unresolved	unresolved	unresolved
sub-02	01	2	BCI-Performance-session1	1	60.0	unresolved	unresolved	unresolved
sub-02	01	2	BCI-Performance-session1	2	73.33	unresolved	unresolved	unresolved
sub-02	01	2	BCI-Performance-session1	3	66.67	unresolved	unresolved	unresolved
sub-02	01	2	BCI-Performance-session1	4	73.33	unresolved	unresolved	unresolved
sub-02	01	2	BCI-Performance-session1	5	56.67	unresolved	unresolved	unresolved
sub-02	01	2	BCI-Performance-session1	6	66.67	unresolved	unresolved	unresolved
sub-02	02	2	BCI-Performance-session2	1	66.67	unresolved	unresolved	unresolved
sub-02	02	2	BCI-Performance-session2	2	56.67	unresolved	unresolved	unresolved
sub-02	02	2	BCI-Performance-session2	3	60.0	unresolved	unresolved	unresolved
sub-02	02	2	BCI-Performance-session2	4	76.67	unresolved	unresolved	unresolved
sub-02	02	2	BCI-Performance-session2	5	53.33	unresolved	unresolved	unresolved
sub-02	02	2	BCI-Performance-session2	6	56.67	unresolved	unresolved	unresolved
sub-02	03	2	BCI-Performance-session3	1	66.67	unresolved	unresolved	unresolved
sub-02	03	2	BCI-Performance-session3	2	76.67	unresolved	unresolved	unresolved
sub-02	03	2	BCI-Performance-session3	3	73.33	unresolved	unresolved	unresolved
sub-02	03	2	BCI-Performance-session3	4	76.67	unresolved	unresolved	unresolved
sub-02	03	2	BCI-Performance-session3	5	70.0	unresolved	unresolved	unresolved
sub-02	03	2	BCI-Performance-session3	6	73.33	unresolved	unresolved	unresolved
sub-02	04	2	BCI-Performance-session4	1	86.67	unresolved	unresolved	unresolved
sub-02	04	2	BCI-Performance-session4	2	86.67	unresolved	unresolved	unresolved
sub-02	04	2	BCI-Performance-session4	3	90.0	unresolved	unresolved	unresolved
sub-02	04	2	BCI-Performance-session4	4	86.67	unresolved	unresolved	unresolved
sub-02	04	2	BCI-Performance-session4	5	76.67	unresolved	unresolved	unresolved
sub-02	04	2	BCI-Performance-session4	6	90.0	unresolved	unresolved	unresolved
sub-03	01	3	BCI-Performance-session1	1	50.0	unresolved	unresolved	unresolved
sub-03	01	3	BCI-Performance-session1	2	56.67	unresolved	unresolved	unresolved
sub-03	01	3	BCI-Performance-session1	3	46.67	unresolved	unresolved	unresolved
sub-03	01	3	BCI-Performance-session1	4	43.33	unresolved	unresolved	unresolved
sub-03	01	3	BCI-Performance-session1	5	46.67	unresolved	unresolved	unresolved
sub-03	01	3	BCI-Performance-session1	6	56.67	unresolved	unresolved	unresolved
sub-03	02	3	BCI-Performance-session2	1	56.67	unresolved	unresolved	unresolved
sub-03	02	3	BCI-Performance-session2	2	36.67	unresolved	unresolved	unresolved
sub-03	02	3	BCI-Performance-session2	3	60.0	unresolved	unresolved	unresolved
sub-03	02	3	BCI-Performance-session2	4	53.33	unresolved	unresolved	unresolved
sub-03	02	3	BCI-Performance-session2	5	43.33	unresolved	unresolved	unresolved
sub-03	02	3	BCI-Performance-session2	6	50.0	unresolved	unresolved	unresolved
sub-03	03	3	BCI-Performance-session3	1	66.67	unresolved	unresolved	unresolved
sub-03	03	3	BCI-Performance-session3	2	73.33	unresolved	unresolved	unresolved
sub-03	03	3	BCI-Performance-session3	3	60.0	unresolved	unresolved	unresolved
sub-03	03	3	BCI-Performance-session3	4	60.0	unresolved	unresolved	unresolved
sub-03	03	3	BCI-Performance-session3	5	66.67	unresolved	unresolved	unresolved
sub-03	03	3	BCI-Performance-session3	6	50.0	unresolved	unresolved	unresolved
sub-03	04	3	BCI-Performance-session4	1	60.0	unresolved	unresolved	unresolved
sub-03	04	3	BCI-Performance-session4	2	73.33	unresolved	unresolved	unresolved
sub-03	04	3	BCI-Performance-session4	3	66.67	unresolved	unresolved	unresolved
sub-03	04	3	BCI-Performance-session4	4	80.0	unresolved	unresolved	unresolved
sub-03	04	3	BCI-Performance-session4	5	82.14	unresolved	unresolved	unresolved
sub-03	04	3	BCI-Performance-session4	6	76.67	unresolved	unresolved	unresolved
sub-04	01	4	BCI-Performance-session1	1	43.33	unresolved	unresolved	unresolved
sub-04	01	4	BCI-Performance-session1	2	53.33	unresolved	unresolved	unresolved
sub-04	01	4	BCI-Performance-session1	3	63.33	unresolved	unresolved	unresolved
sub-04	01	4	BCI-Performance-session1	4	63.33	unresolved	unresolved	unresolved
sub-04	01	4	BCI-Performance-session1	5	53.33	unresolved	unresolved	unresolved
sub-04	01	4	BCI-Performance-session1	6	46.67	unresolved	unresolved	unresolved
sub-04	02	4	BCI-Performance-session2	1	53.33	unresolved	unresolved	unresolved
sub-04	02	4	BCI-Performance-session2	2	46.67	unresolved	unresolved	unresolved
sub-04	02	4	BCI-Performance-session2	3	43.33	unresolved	unresolved	unresolved
sub-04	02	4	BCI-Performance-session2	4	50.0	unresolved	unresolved	unresolved
sub-04	02	4	BCI-Performance-session2	5	40.0	unresolved	unresolved	unresolved
sub-04	02	4	BCI-Performance-session2	6	36.67	unresolved	unresolved	unresolved
sub-04	03	4	BCI-Performance-session3	1	50.0	unresolved	unresolved	unresolved
sub-04	03	4	BCI-Performance-session3	2	46.67	unresolved	unresolved	unresolved
sub-04	03	4	BCI-Performance-session3	3	73.33	unresolved	unresolved	unresolved
sub-04	03	4	BCI-Performance-session3	4	56.67	unresolved	unresolved	unresolved
sub-04	03	4	BCI-Performance-session3	5	56.67	unresolved	unresolved	unresolved
sub-04	03	4	BCI-Performance-session3	6	50.0	unresolved	unresolved	unresolved
sub-04	04	4	BCI-Performance-session4	1	50.0	unresolved	unresolved	unresolved
sub-04	04	4	BCI-Performance-session4	2	70.0	unresolved	unresolved	unresolved
sub-04	04	4	BCI-Performance-session4	3	66.67	unresolved	unresolved	unresolved
sub-04	04	4	BCI-Performance-session4	4	63.33	unresolved	unresolved	unresolved
sub-04	04	4	BCI-Performance-session4	5	66.67	unresolved	unresolved	unresolved
sub-04	04	4	BCI-Performance-session4	6	63.33	unresolved	unresolved	unresolved
sub-05	01	5	BCI-Performance-session1	1	46.67	unresolved	unresolved	unresolved
sub-05	01	5	BCI-Performance-session1	2	36.67	unresolved	unresolved	unresolved
sub-05	01	5	BCI-Performance-session1	3	43.33	unresolved	unresolved	unresolved
sub-05	01	5	BCI-Performance-session1	4	43.33	unresolved	unresolved	unresolved
sub-05	01	5	BCI-Performance-session1	5	36.67	unresolved	unresolved	unresolved
sub-05	01	5	BCI-Performance-session1	6	46.67	unresolved	unresolved	unresolved
sub-05	02	5	BCI-Performance-session2	1	36.67	unresolved	unresolved	unresolved
sub-05	02	5	BCI-Performance-session2	2	40.0	unresolved	unresolved	unresolved
sub-05	02	5	BCI-Performance-session2	3	43.33	unresolved	unresolved	unresolved
sub-05	02	5	BCI-Performance-session2	4	56.67	unresolved	unresolved	unresolved
sub-05	02	5	BCI-Performance-session2	5	43.33	unresolved	unresolved	unresolved
sub-05	02	5	BCI-Performance-session2	6	53.33	unresolved	unresolved	unresolved
sub-05	03	5	BCI-Performance-session3	1	40.0	unresolved	unresolved	unresolved
sub-05	03	5	BCI-Performance-session3	2	56.67	unresolved	unresolved	unresolved
sub-05	03	5	BCI-Performance-session3	3	70.0	unresolved	unresolved	unresolved
sub-05	03	5	BCI-Performance-session3	4	63.33	unresolved	unresolved	unresolved
sub-05	03	5	BCI-Performance-session3	5	76.67	unresolved	unresolved	unresolved
sub-05	03	5	BCI-Performance-session3	6	46.67	unresolved	unresolved	unresolved
sub-05	04	5	BCI-Performance-session4	1	66.67	unresolved	unresolved	unresolved
sub-05	04	5	BCI-Performance-session4	2	56.67	unresolved	unresolved	unresolved
sub-05	04	5	BCI-Performance-session4	3	60.0	unresolved	unresolved	unresolved
sub-05	04	5	BCI-Performance-session4	4	63.33	unresolved	unresolved	unresolved
sub-05	04	5	BCI-Performance-session4	5	73.33	unresolved	unresolved	unresolved
sub-05	04	5	BCI-Performance-session4	6	76.67	unresolved	unresolved	unresolved
sub-06	01	6	BCI-Performance-session1	1	60.0	unresolved	unresolved	unresolved
sub-06	01	6	BCI-Performance-session1	2	50.0	unresolved	unresolved	unresolved
sub-06	01	6	BCI-Performance-session1	3	63.0	unresolved	unresolved	unresolved
sub-06	01	6	BCI-Performance-session1	4	50.0	unresolved	unresolved	unresolved
sub-06	01	6	BCI-Performance-session1	5	56.67	unresolved	unresolved	unresolved
sub-06	01	6	BCI-Performance-session1	6	53.0	unresolved	unresolved	unresolved
sub-06	02	6	BCI-Performance-session2	1	66.67	unresolved	unresolved	unresolved
sub-06	02	6	BCI-Performance-session2	2	76.67	unresolved	unresolved	unresolved
sub-06	02	6	BCI-Performance-session2	3	36.67	unresolved	unresolved	unresolved
sub-06	02	6	BCI-Performance-session2	4	60.0	unresolved	unresolved	unresolved
sub-06	02	6	BCI-Performance-session2	5	66.67	unresolved	unresolved	unresolved
sub-06	02	6	BCI-Performance-session2	6	76.67	unresolved	unresolved	unresolved
sub-06	03	6	BCI-Performance-session3	1	80.0	unresolved	unresolved	unresolved
sub-06	03	6	BCI-Performance-session3	2	70.0	unresolved	unresolved	unresolved
sub-06	03	6	BCI-Performance-session3	3	77.0	unresolved	unresolved	unresolved
sub-06	03	6	BCI-Performance-session3	4	67.0	unresolved	unresolved	unresolved
sub-06	03	6	BCI-Performance-session3	5	67.0	unresolved	unresolved	unresolved
sub-06	03	6	BCI-Performance-session3	6	70.0	unresolved	unresolved	unresolved
sub-06	04	6	BCI-Performance-session4	1	97.0	unresolved	unresolved	unresolved
sub-06	04	6	BCI-Performance-session4	2	77.0	unresolved	unresolved	unresolved
sub-06	04	6	BCI-Performance-session4	3	73.0	unresolved	unresolved	unresolved
sub-06	04	6	BCI-Performance-session4	4	53.0	unresolved	unresolved	unresolved
sub-06	04	6	BCI-Performance-session4	5	60.0	unresolved	unresolved	unresolved
sub-06	04	6	BCI-Performance-session4	6	77.0	unresolved	unresolved	unresolved
sub-07	01	7	BCI-Performance-session1	1	53.33	unresolved	unresolved	unresolved
sub-07	01	7	BCI-Performance-session1	2	60.0	unresolved	unresolved	unresolved
sub-07	01	7	BCI-Performance-session1	3	53.33	unresolved	unresolved	unresolved
sub-07	01	7	BCI-Performance-session1	4	53.33	unresolved	unresolved	unresolved
sub-07	01	7	BCI-Performance-session1	5	46.67	unresolved	unresolved	unresolved
sub-07	01	7	BCI-Performance-session1	6	43.33	unresolved	unresolved	unresolved
sub-07	02	7	BCI-Performance-session2	1	53.33	unresolved	unresolved	unresolved
sub-07	02	7	BCI-Performance-session2	2	70.0	unresolved	unresolved	unresolved
sub-07	02	7	BCI-Performance-session2	3	30.0	unresolved	unresolved	unresolved
sub-07	02	7	BCI-Performance-session2	4	43.33	unresolved	unresolved	unresolved
sub-07	02	7	BCI-Performance-session2	5	50.0	unresolved	unresolved	unresolved
sub-07	02	7	BCI-Performance-session2	6	63.33	unresolved	unresolved	unresolved
sub-07	03	7	BCI-Performance-session3	1	73.33	unresolved	unresolved	unresolved
sub-07	03	7	BCI-Performance-session3	2	56.67	unresolved	unresolved	unresolved
sub-07	03	7	BCI-Performance-session3	3	66.67	unresolved	unresolved	unresolved
sub-07	03	7	BCI-Performance-session3	4	50.0	unresolved	unresolved	unresolved
sub-07	03	7	BCI-Performance-session3	5	66.67	unresolved	unresolved	unresolved
sub-07	03	7	BCI-Performance-session3	6	56.67	unresolved	unresolved	unresolved
sub-07	04	7	BCI-Performance-session4	1	73.33	unresolved	unresolved	unresolved
sub-07	04	7	BCI-Performance-session4	2	63.33	unresolved	unresolved	unresolved
sub-07	04	7	BCI-Performance-session4	3	60.0	unresolved	unresolved	unresolved
sub-07	04	7	BCI-Performance-session4	4	70.0	unresolved	unresolved	unresolved
sub-07	04	7	BCI-Performance-session4	5	46.67	unresolved	unresolved	unresolved
sub-07	04	7	BCI-Performance-session4	6	70.0	unresolved	unresolved	unresolved
sub-08	01	8	BCI-Performance-session1	1	40.0	unresolved	unresolved	unresolved
sub-08	01	8	BCI-Performance-session1	2	43.33	unresolved	unresolved	unresolved
sub-08	01	8	BCI-Performance-session1	3	40.0	unresolved	unresolved	unresolved
sub-08	01	8	BCI-Performance-session1	4	63.33	unresolved	unresolved	unresolved
sub-08	01	8	BCI-Performance-session1	5	66.67	unresolved	unresolved	unresolved
sub-08	01	8	BCI-Performance-session1	6	63.33	unresolved	unresolved	unresolved
sub-08	02	8	BCI-Performance-session2	1	56.67	unresolved	unresolved	unresolved
sub-08	02	8	BCI-Performance-session2	2	53.33	unresolved	unresolved	unresolved
sub-08	02	8	BCI-Performance-session2	3	53.33	unresolved	unresolved	unresolved
sub-08	02	8	BCI-Performance-session2	4	50.0	unresolved	unresolved	unresolved
sub-08	02	8	BCI-Performance-session2	5	43.33	unresolved	unresolved	unresolved
sub-08	02	8	BCI-Performance-session2	6	43.33	unresolved	unresolved	unresolved
sub-08	03	8	BCI-Performance-session3	1	70.0	unresolved	unresolved	unresolved
sub-08	03	8	BCI-Performance-session3	2	70.0	unresolved	unresolved	unresolved
sub-08	03	8	BCI-Performance-session3	3	73.33	unresolved	unresolved	unresolved
sub-08	03	8	BCI-Performance-session3	4	66.67	unresolved	unresolved	unresolved
sub-08	03	8	BCI-Performance-session3	5	56.67	unresolved	unresolved	unresolved
sub-08	03	8	BCI-Performance-session3	6	76.67	unresolved	unresolved	unresolved
sub-08	04	8	BCI-Performance-session4	1	63.33	unresolved	unresolved	unresolved
sub-08	04	8	BCI-Performance-session4	2	60.0	unresolved	unresolved	unresolved
sub-08	04	8	BCI-Performance-session4	3	63.33	unresolved	unresolved	unresolved
sub-08	04	8	BCI-Performance-session4	4	56.67	unresolved	unresolved	unresolved
sub-08	04	8	BCI-Performance-session4	5	53.33	unresolved	unresolved	unresolved
sub-08	04	8	BCI-Performance-session4	6	63.33	unresolved	unresolved	unresolved
sub-09	01	9	BCI-Performance-session1	1	63.33	unresolved	unresolved	unresolved
sub-09	01	9	BCI-Performance-session1	2	43.33	unresolved	unresolved	unresolved
sub-09	01	9	BCI-Performance-session1	3	63.33	unresolved	unresolved	unresolved
sub-09	01	9	BCI-Performance-session1	4	53.33	unresolved	unresolved	unresolved
sub-09	01	9	BCI-Performance-session1	5	53.33	unresolved	unresolved	unresolved
sub-09	01	9	BCI-Performance-session1	6	50.0	unresolved	unresolved	unresolved
sub-09	02	9	BCI-Performance-session2	1	66.67	unresolved	unresolved	unresolved
sub-09	02	9	BCI-Performance-session2	2	50.0	unresolved	unresolved	unresolved
sub-09	02	9	BCI-Performance-session2	3	66.67	unresolved	unresolved	unresolved
sub-09	02	9	BCI-Performance-session2	4	40.0	unresolved	unresolved	unresolved
sub-09	02	9	BCI-Performance-session2	5	70.0	unresolved	unresolved	unresolved
sub-09	02	9	BCI-Performance-session2	6	60.0	unresolved	unresolved	unresolved
sub-09	03	9	BCI-Performance-session3	1	66.67	unresolved	unresolved	unresolved
sub-09	03	9	BCI-Performance-session3	2	46.67	unresolved	unresolved	unresolved
sub-09	03	9	BCI-Performance-session3	3	53.33	unresolved	unresolved	unresolved
sub-09	03	9	BCI-Performance-session3	4	46.67	unresolved	unresolved	unresolved
sub-09	03	9	BCI-Performance-session3	5	43.33	unresolved	unresolved	unresolved
sub-09	03	9	BCI-Performance-session3	6	53.33	unresolved	unresolved	unresolved
sub-09	04	9	BCI-Performance-session4	1	53.33	unresolved	unresolved	unresolved
sub-09	04	9	BCI-Performance-session4	2	50.0	unresolved	unresolved	unresolved
sub-09	04	9	BCI-Performance-session4	3	43.33	unresolved	unresolved	unresolved
sub-09	04	9	BCI-Performance-session4	4	53.33	unresolved	unresolved	unresolved
sub-09	04	9	BCI-Performance-session4	5	73.33	unresolved	unresolved	unresolved
sub-09	04	9	BCI-Performance-session4	6	66.67	unresolved	unresolved	unresolved
sub-10	01	10	BCI-Performance-session1	1	47.0	unresolved	unresolved	unresolved
sub-10	01	10	BCI-Performance-session1	2	33.0	unresolved	unresolved	unresolved
sub-10	01	10	BCI-Performance-session1	3	43.0	unresolved	unresolved	unresolved
sub-10	01	10	BCI-Performance-session1	4	50.0	unresolved	unresolved	unresolved
sub-10	01	10	BCI-Performance-session1	5	47.0	unresolved	unresolved	unresolved
sub-10	01	10	BCI-Performance-session1	6	50.0	unresolved	unresolved	unresolved
sub-10	02	10	BCI-Performance-session2	1	77.0	unresolved	unresolved	unresolved
sub-10	02	10	BCI-Performance-session2	2	50.0	unresolved	unresolved	unresolved
sub-10	02	10	BCI-Performance-session2	3	47.0	unresolved	unresolved	unresolved
sub-10	02	10	BCI-Performance-session2	4	60.0	unresolved	unresolved	unresolved
sub-10	02	10	BCI-Performance-session2	5	63.0	unresolved	unresolved	unresolved
sub-10	02	10	BCI-Performance-session2	6	47.0	unresolved	unresolved	unresolved
sub-10	03	10	BCI-Performance-session3	1	73.0	unresolved	unresolved	unresolved
sub-10	03	10	BCI-Performance-session3	2	53.0	unresolved	unresolved	unresolved
sub-10	03	10	BCI-Performance-session3	3	43.0	unresolved	unresolved	unresolved
sub-10	03	10	BCI-Performance-session3	4	63.0	unresolved	unresolved	unresolved
sub-10	03	10	BCI-Performance-session3	5	67.0	unresolved	unresolved	unresolved
sub-10	03	10	BCI-Performance-session3	6	50.0	unresolved	unresolved	unresolved
sub-10	04	10	BCI-Performance-session4	1	67.0	unresolved	unresolved	unresolved
sub-10	04	10	BCI-Performance-session4	2	50.0	unresolved	unresolved	unresolved
sub-10	04	10	BCI-Performance-session4	3	63.0	unresolved	unresolved	unresolved
sub-10	04	10	BCI-Performance-session4	4	43.0	unresolved	unresolved	unresolved
sub-10	04	10	BCI-Performance-session4	5	67.0	unresolved	unresolved	unresolved
sub-10	04	10	BCI-Performance-session4	6	50.0	unresolved	unresolved	unresolved
sub-11	01	11	BCI-Performance-session1	1	60.0	unresolved	unresolved	unresolved
sub-11	01	11	BCI-Performance-session1	2	56.67	unresolved	unresolved	unresolved
sub-11	01	11	BCI-Performance-session1	3	53.33	unresolved	unresolved	unresolved
sub-11	01	11	BCI-Performance-session1	4	66.67	unresolved	unresolved	unresolved
sub-11	01	11	BCI-Performance-session1	5	63.33	unresolved	unresolved	unresolved
sub-11	01	11	BCI-Performance-session1	6	60.0	unresolved	unresolved	unresolved
sub-11	02	11	BCI-Performance-session2	1	70.0	unresolved	unresolved	unresolved
sub-11	02	11	BCI-Performance-session2	2	70.0	unresolved	unresolved	unresolved
sub-11	02	11	BCI-Performance-session2	3	63.33	unresolved	unresolved	unresolved
sub-11	02	11	BCI-Performance-session2	4	73.33	unresolved	unresolved	unresolved
sub-11	02	11	BCI-Performance-session2	5	66.67	unresolved	unresolved	unresolved
sub-11	02	11	BCI-Performance-session2	6	70.0	unresolved	unresolved	unresolved
sub-11	03	11	BCI-Performance-session3	1	76.67	unresolved	unresolved	unresolved
sub-11	03	11	BCI-Performance-session3	2	76.67	unresolved	unresolved	unresolved
sub-11	03	11	BCI-Performance-session3	3	80.0	unresolved	unresolved	unresolved
sub-11	03	11	BCI-Performance-session3	4	70.0	unresolved	unresolved	unresolved
sub-11	03	11	BCI-Performance-session3	5	76.67	unresolved	unresolved	unresolved
sub-11	03	11	BCI-Performance-session3	6	76.67	unresolved	unresolved	unresolved
sub-11	04	11	BCI-Performance-session4	1	70.0	unresolved	unresolved	unresolved
sub-11	04	11	BCI-Performance-session4	2	90.0	unresolved	unresolved	unresolved
sub-11	04	11	BCI-Performance-session4	3	86.67	unresolved	unresolved	unresolved
sub-11	04	11	BCI-Performance-session4	4	76.67	unresolved	unresolved	unresolved
sub-11	04	11	BCI-Performance-session4	5	83.33	unresolved	unresolved	unresolved
sub-11	04	11	BCI-Performance-session4	6	73.33	unresolved	unresolved	unresolved
sub-12	01	12	BCI-Performance-session1	1	63.3	unresolved	unresolved	unresolved
sub-12	01	12	BCI-Performance-session1	2	53.3	unresolved	unresolved	unresolved
sub-12	01	12	BCI-Performance-session1	3	50.0	unresolved	unresolved	unresolved
sub-12	01	12	BCI-Performance-session1	4	46.7	unresolved	unresolved	unresolved
sub-12	01	12	BCI-Performance-session1	5	50.0	unresolved	unresolved	unresolved
sub-12	01	12	BCI-Performance-session1	6	56.7	unresolved	unresolved	unresolved
sub-12	02	12	BCI-Performance-session2	1	73.3	unresolved	unresolved	unresolved
sub-12	02	12	BCI-Performance-session2	2	60.0	unresolved	unresolved	unresolved
sub-12	02	12	BCI-Performance-session2	3	73.3	unresolved	unresolved	unresolved
sub-12	02	12	BCI-Performance-session2	4	66.7	unresolved	unresolved	unresolved
sub-12	02	12	BCI-Performance-session2	5	63.3	unresolved	unresolved	unresolved
sub-12	02	12	BCI-Performance-session2	6	56.7	unresolved	unresolved	unresolved
sub-12	03	12	BCI-Performance-session3	1	50.0	unresolved	unresolved	unresolved
sub-12	03	12	BCI-Performance-session3	2	70.0	unresolved	unresolved	unresolved
sub-12	03	12	BCI-Performance-session3	3	63.33	unresolved	unresolved	unresolved
sub-12	03	12	BCI-Performance-session3	4	43.33	unresolved	unresolved	unresolved
sub-12	03	12	BCI-Performance-session3	5	63.33	unresolved	unresolved	unresolved
sub-12	03	12	BCI-Performance-session3	6	56.67	unresolved	unresolved	unresolved
sub-12	04	12	BCI-Performance-session4	1	90.0	unresolved	unresolved	unresolved
sub-12	04	12	BCI-Performance-session4	2	73.33	unresolved	unresolved	unresolved
sub-12	04	12	BCI-Performance-session4	3	73.33	unresolved	unresolved	unresolved
sub-12	04	12	BCI-Performance-session4	4	63.33	unresolved	unresolved	unresolved
sub-12	04	12	BCI-Performance-session4	5	90.0	unresolved	unresolved	unresolved
sub-12	04	12	BCI-Performance-session4	6	73.33	unresolved	unresolved	unresolved
sub-13	01	13	BCI-Performance-session1	1	73.33	unresolved	unresolved	unresolved
sub-13	01	13	BCI-Performance-session1	2	50.0	unresolved	unresolved	unresolved
sub-13	01	13	BCI-Performance-session1	3	56.67	unresolved	unresolved	unresolved
sub-13	01	13	BCI-Performance-session1	4	53.33	unresolved	unresolved	unresolved
sub-13	01	13	BCI-Performance-session1	5	63.33	unresolved	unresolved	unresolved
sub-13	01	13	BCI-Performance-session1	6	60.0	unresolved	unresolved	unresolved
sub-13	02	13	BCI-Performance-session2	1	80.0	unresolved	unresolved	unresolved
sub-13	02	13	BCI-Performance-session2	2	63.33	unresolved	unresolved	unresolved
sub-13	02	13	BCI-Performance-session2	3	53.33	unresolved	unresolved	unresolved
sub-13	02	13	BCI-Performance-session2	4	66.67	unresolved	unresolved	unresolved
sub-13	02	13	BCI-Performance-session2	5	60.0	unresolved	unresolved	unresolved
sub-13	02	13	BCI-Performance-session2	6	73.33	unresolved	unresolved	unresolved
sub-13	03	13	BCI-Performance-session3	1	46.67	unresolved	unresolved	unresolved
sub-13	03	13	BCI-Performance-session3	2	56.67	unresolved	unresolved	unresolved
sub-13	03	13	BCI-Performance-session3	3	56.67	unresolved	unresolved	unresolved
sub-13	03	13	BCI-Performance-session3	4	66.67	unresolved	unresolved	unresolved
sub-13	03	13	BCI-Performance-session3	5	56.67	unresolved	unresolved	unresolved
sub-13	03	13	BCI-Performance-session3	6	56.67	unresolved	unresolved	unresolved
sub-13	04	13	BCI-Performance-session4	1	70.0	unresolved	unresolved	unresolved
sub-13	04	13	BCI-Performance-session4	2	70.0	unresolved	unresolved	unresolved
sub-13	04	13	BCI-Performance-session4	3	66.67	unresolved	unresolved	unresolved
sub-13	04	13	BCI-Performance-session4	4	63.33	unresolved	unresolved	unresolved
sub-13	04	13	BCI-Performance-session4	5	63.33	unresolved	unresolved	unresolved
sub-13	04	13	BCI-Performance-session4	6	86.67	unresolved	unresolved	unresolved
sub-14	01	14	BCI-Performance-session1	1	46.67	unresolved	unresolved	unresolved
sub-14	01	14	BCI-Performance-session1	2	70.0	unresolved	unresolved	unresolved
sub-14	01	14	BCI-Performance-session1	3	33.33	unresolved	unresolved	unresolved
sub-14	01	14	BCI-Performance-session1	4	66.67	unresolved	unresolved	unresolved
sub-14	01	14	BCI-Performance-session1	5	60.0	unresolved	unresolved	unresolved
sub-14	01	14	BCI-Performance-session1	6	50.0	unresolved	unresolved	unresolved
sub-14	02	14	BCI-Performance-session2	1	40.0	unresolved	unresolved	unresolved
sub-14	02	14	BCI-Performance-session2	2	60.0	unresolved	unresolved	unresolved
sub-14	02	14	BCI-Performance-session2	3	43.33	unresolved	unresolved	unresolved
sub-14	02	14	BCI-Performance-session2	4	56.67	unresolved	unresolved	unresolved
sub-14	02	14	BCI-Performance-session2	5	56.67	unresolved	unresolved	unresolved
sub-14	02	14	BCI-Performance-session2	6	40.0	unresolved	unresolved	unresolved
sub-14	03	14	BCI-Performance-session3	1	50.0	unresolved	unresolved	unresolved
sub-14	03	14	BCI-Performance-session3	2	56.67	unresolved	unresolved	unresolved
sub-14	03	14	BCI-Performance-session3	3	76.67	unresolved	unresolved	unresolved
sub-14	03	14	BCI-Performance-session3	4	56.67	unresolved	unresolved	unresolved
sub-14	03	14	BCI-Performance-session3	5	53.33	unresolved	unresolved	unresolved
sub-14	03	14	BCI-Performance-session3	6	56.67	unresolved	unresolved	unresolved
sub-14	04	14	BCI-Performance-session4	1	66.67	unresolved	unresolved	unresolved
sub-14	04	14	BCI-Performance-session4	2	63.33	unresolved	unresolved	unresolved
sub-14	04	14	BCI-Performance-session4	3	73.33	unresolved	unresolved	unresolved
sub-14	04	14	BCI-Performance-session4	4	73.33	unresolved	unresolved	unresolved
sub-14	04	14	BCI-Performance-session4	5	70.0	unresolved	unresolved	unresolved
sub-14	04	14	BCI-Performance-session4	6	70.0	unresolved	unresolved	unresolved
sub-15	01	15	BCI-Performance-session1	1	60.0	unresolved	unresolved	unresolved
sub-15	01	15	BCI-Performance-session1	2	40.0	unresolved	unresolved	unresolved
sub-15	01	15	BCI-Performance-session1	3	50.0	unresolved	unresolved	unresolved
sub-15	01	15	BCI-Performance-session1	4	53.3	unresolved	unresolved	unresolved
sub-15	01	15	BCI-Performance-session1	5	40.0	unresolved	unresolved	unresolved
sub-15	01	15	BCI-Performance-session1	6	46.7	unresolved	unresolved	unresolved
sub-15	02	15	BCI-Performance-session2	1	50.0	unresolved	unresolved	unresolved
sub-15	02	15	BCI-Performance-session2	2	53.0	unresolved	unresolved	unresolved
sub-15	02	15	BCI-Performance-session2	3	73.0	unresolved	unresolved	unresolved
sub-15	02	15	BCI-Performance-session2	4	77.0	unresolved	unresolved	unresolved
sub-15	02	15	BCI-Performance-session2	5	63.0	unresolved	unresolved	unresolved
sub-15	02	15	BCI-Performance-session2	6	53.0	unresolved	unresolved	unresolved
sub-15	03	15	BCI-Performance-session3	1	73.0	unresolved	unresolved	unresolved
sub-15	03	15	BCI-Performance-session3	2	63.0	unresolved	unresolved	unresolved
sub-15	03	15	BCI-Performance-session3	3	67.0	unresolved	unresolved	unresolved
sub-15	03	15	BCI-Performance-session3	4	53.0	unresolved	unresolved	unresolved
sub-15	03	15	BCI-Performance-session3	5	70.0	unresolved	unresolved	unresolved
sub-15	03	15	BCI-Performance-session3	6	70.0	unresolved	unresolved	unresolved
sub-15	04	15	BCI-Performance-session4	1	67.0	unresolved	unresolved	unresolved
sub-15	04	15	BCI-Performance-session4	2	80.0	unresolved	unresolved	unresolved
sub-15	04	15	BCI-Performance-session4	3	67.0	unresolved	unresolved	unresolved
sub-15	04	15	BCI-Performance-session4	4	63.0	unresolved	unresolved	unresolved
sub-15	04	15	BCI-Performance-session4	5	83.0	unresolved	unresolved	unresolved
sub-15	04	15	BCI-Performance-session4	6	67.0	unresolved	unresolved	unresolved
sub-16	01	16	BCI-Performance-session1	1	63.0	unresolved	unresolved	unresolved
sub-16	01	16	BCI-Performance-session1	2	53.0	unresolved	unresolved	unresolved
sub-16	01	16	BCI-Performance-session1	3	67.0	unresolved	unresolved	unresolved
sub-16	01	16	BCI-Performance-session1	4	40.0	unresolved	unresolved	unresolved
sub-16	01	16	BCI-Performance-session1	5	63.0	unresolved	unresolved	unresolved
sub-16	01	16	BCI-Performance-session1	6	37.0	unresolved	unresolved	unresolved
sub-16	02	16	BCI-Performance-session2	1	60.0	unresolved	unresolved	unresolved
sub-16	02	16	BCI-Performance-session2	2	47.0	unresolved	unresolved	unresolved
sub-16	02	16	BCI-Performance-session2	3	53.0	unresolved	unresolved	unresolved
sub-16	02	16	BCI-Performance-session2	4	53.0	unresolved	unresolved	unresolved
sub-16	02	16	BCI-Performance-session2	5	53.0	unresolved	unresolved	unresolved
sub-16	02	16	BCI-Performance-session2	6	57.0	unresolved	unresolved	unresolved
sub-16	03	16	BCI-Performance-session3	1	53.0	unresolved	unresolved	unresolved
sub-16	03	16	BCI-Performance-session3	2	70.0	unresolved	unresolved	unresolved
sub-16	03	16	BCI-Performance-session3	3	53.0	unresolved	unresolved	unresolved
sub-16	03	16	BCI-Performance-session3	4	67.0	unresolved	unresolved	unresolved
sub-16	03	16	BCI-Performance-session3	5	40.0	unresolved	unresolved	unresolved
sub-16	03	16	BCI-Performance-session3	6	33.0	unresolved	unresolved	unresolved
sub-16	04	16	BCI-Performance-session4	1	63.0	unresolved	unresolved	unresolved
sub-16	04	16	BCI-Performance-session4	2	67.0	unresolved	unresolved	unresolved
sub-16	04	16	BCI-Performance-session4	3	73.0	unresolved	unresolved	unresolved
sub-16	04	16	BCI-Performance-session4	4	63.0	unresolved	unresolved	unresolved
sub-16	04	16	BCI-Performance-session4	5	70.0	unresolved	unresolved	unresolved
sub-16	04	16	BCI-Performance-session4	6	73.0	unresolved	unresolved	unresolved
sub-17	01	17	BCI-Performance-session1	1	46.67	unresolved	unresolved	unresolved
sub-17	01	17	BCI-Performance-session1	2	60.0	unresolved	unresolved	unresolved
sub-17	01	17	BCI-Performance-session1	3	33.33	unresolved	unresolved	unresolved
sub-17	01	17	BCI-Performance-session1	4	46.67	unresolved	unresolved	unresolved
sub-17	01	17	BCI-Performance-session1	5	53.33	unresolved	unresolved	unresolved
sub-17	01	17	BCI-Performance-session1	6	30.0	unresolved	unresolved	unresolved
sub-17	02	17	BCI-Performance-session2	1	16.67	unresolved	unresolved	unresolved
sub-17	02	17	BCI-Performance-session2	2	40.0	unresolved	unresolved	unresolved
sub-17	02	17	BCI-Performance-session2	3	30.0	unresolved	unresolved	unresolved
sub-17	02	17	BCI-Performance-session2	4	43.33	unresolved	unresolved	unresolved
sub-17	02	17	BCI-Performance-session2	5	43.33	unresolved	unresolved	unresolved
sub-17	02	17	BCI-Performance-session2	6	40.0	unresolved	unresolved	unresolved
sub-17	03	17	BCI-Performance-session3	1	43.33	unresolved	unresolved	unresolved
sub-17	03	17	BCI-Performance-session3	2	36.67	unresolved	unresolved	unresolved
sub-17	03	17	BCI-Performance-session3	3	36.67	unresolved	unresolved	unresolved
sub-17	03	17	BCI-Performance-session3	4	50.0	unresolved	unresolved	unresolved
sub-17	03	17	BCI-Performance-session3	5	23.33	unresolved	unresolved	unresolved
sub-17	03	17	BCI-Performance-session3	6	43.33	unresolved	unresolved	unresolved
sub-17	04	17	BCI-Performance-session4	1	42.86	unresolved	unresolved	unresolved
sub-17	04	17	BCI-Performance-session4	2	39.29	unresolved	unresolved	unresolved
sub-17	04	17	BCI-Performance-session4	3	50.0	unresolved	unresolved	unresolved
sub-17	04	17	BCI-Performance-session4	4	20.0	unresolved	unresolved	unresolved
sub-17	04	17	BCI-Performance-session4	5	43.33	unresolved	unresolved	unresolved
sub-17	04	17	BCI-Performance-session4	6	33.33	unresolved	unresolved	unresolved
sub-18	01	18	BCI-Performance-session1	1	56.67	unresolved	unresolved	unresolved
sub-18	01	18	BCI-Performance-session1	2	40.0	unresolved	unresolved	unresolved
sub-18	01	18	BCI-Performance-session1	3	43.33	unresolved	unresolved	unresolved
sub-18	01	18	BCI-Performance-session1	4	43.33	unresolved	unresolved	unresolved
sub-18	01	18	BCI-Performance-session1	5	56.67	unresolved	unresolved	unresolved
sub-18	01	18	BCI-Performance-session1	6	43.33	unresolved	unresolved	unresolved
sub-18	02	18	BCI-Performance-session2	1	63.33	unresolved	unresolved	unresolved
sub-18	02	18	BCI-Performance-session2	2	40.0	unresolved	unresolved	unresolved
sub-18	02	18	BCI-Performance-session2	3	63.33	unresolved	unresolved	unresolved
sub-18	02	18	BCI-Performance-session2	4	36.67	unresolved	unresolved	unresolved
sub-18	02	18	BCI-Performance-session2	5	63.33	unresolved	unresolved	unresolved
sub-18	02	18	BCI-Performance-session2	6	46.67	unresolved	unresolved	unresolved
sub-18	03	18	BCI-Performance-session3	1	46.67	unresolved	unresolved	unresolved
sub-18	03	18	BCI-Performance-session3	2	50.0	unresolved	unresolved	unresolved
sub-18	03	18	BCI-Performance-session3	3	50.0	unresolved	unresolved	unresolved
sub-18	03	18	BCI-Performance-session3	4	36.67	unresolved	unresolved	unresolved
sub-18	03	18	BCI-Performance-session3	5	50.0	unresolved	unresolved	unresolved
sub-18	03	18	BCI-Performance-session3	6	53.33	unresolved	unresolved	unresolved
sub-18	04	18	BCI-Performance-session4	1	53.33	unresolved	unresolved	unresolved
sub-18	04	18	BCI-Performance-session4	2	66.67	unresolved	unresolved	unresolved
sub-18	04	18	BCI-Performance-session4	3	40.0	unresolved	unresolved	unresolved
sub-18	04	18	BCI-Performance-session4	4	50.0	unresolved	unresolved	unresolved
sub-18	04	18	BCI-Performance-session4	5	60.0	unresolved	unresolved	unresolved
sub-18	04	18	BCI-Performance-session4	6	53.33	unresolved	unresolved	unresolved
sub-19	01	19	BCI-Performance-session1	1	36.67	unresolved	unresolved	unresolved
sub-19	01	19	BCI-Performance-session1	2	56.67	unresolved	unresolved	unresolved
sub-19	01	19	BCI-Performance-session1	3	86.67	unresolved	unresolved	unresolved
sub-19	01	19	BCI-Performance-session1	4	76.67	unresolved	unresolved	unresolved
sub-19	01	19	BCI-Performance-session1	5	70.37	unresolved	unresolved	unresolved
sub-19	01	19	BCI-Performance-session1	6	40.0	unresolved	unresolved	unresolved
sub-19	02	19	BCI-Performance-session2	1	36.67	unresolved	unresolved	unresolved
sub-19	02	19	BCI-Performance-session2	2	40.0	unresolved	unresolved	unresolved
sub-19	02	19	BCI-Performance-session2	3	40.0	unresolved	unresolved	unresolved
sub-19	02	19	BCI-Performance-session2	4	66.67	unresolved	unresolved	unresolved
sub-19	02	19	BCI-Performance-session2	5	56.67	unresolved	unresolved	unresolved
sub-19	02	19	BCI-Performance-session2	6	63.33	unresolved	unresolved	unresolved
sub-19	03	19	BCI-Performance-session3	1	92.59	unresolved	unresolved	unresolved
sub-19	03	19	BCI-Performance-session3	2	76.67	unresolved	unresolved	unresolved
sub-19	03	19	BCI-Performance-session3	3	90.0	unresolved	unresolved	unresolved
sub-19	03	19	BCI-Performance-session3	4	70.0	unresolved	unresolved	unresolved
sub-19	03	19	BCI-Performance-session3	5	63.33	unresolved	unresolved	unresolved
sub-19	03	19	BCI-Performance-session3	6	83.33	unresolved	unresolved	unresolved
sub-19	04	19	BCI-Performance-session4	1	90.0	unresolved	unresolved	unresolved
sub-19	04	19	BCI-Performance-session4	2	93.33	unresolved	unresolved	unresolved
sub-19	04	19	BCI-Performance-session4	3	86.67	unresolved	unresolved	unresolved
sub-19	04	19	BCI-Performance-session4	4	93.33	unresolved	unresolved	unresolved
sub-19	04	19	BCI-Performance-session4	5	80.0	unresolved	unresolved	unresolved
sub-19	04	19	BCI-Performance-session4	6	90.0	unresolved	unresolved	unresolved
