repetition	seed	subject	session	band	runs	n_rest	n_MI	MI_minus_rest_log_power_dB	variation_scope
0	42	sub-1	01	mu	03,04,05,06	48	48	-1.0001435679234838	matched_subsampling_not_participant_CI
0	42	sub-1	01	beta	03,04,05,06	48	48	-0.5344392749887916	matched_subsampling_not_participant_CI
0	42	sub-1	02	mu	03,04,05,06	48	48	-1.2115374595657968	matched_subsampling_not_participant_CI
0	42	sub-1	02	beta	03,04,05,06	48	48	-0.8991510374625022	matched_subsampling_not_participant_CI
0	42	sub-1	03	mu	03,04,05,06	48	48	-2.033824728794631	matched_subsampling_not_participant_CI
0	42	sub-1	03	beta	03,04,05,06	48	48	-1.133516139825943	matched_subsampling_not_participant_CI
0	42	sub-1	04	mu	03,04,05,06	48	48	-1.9195679481736327	matched_subsampling_not_participant_CI
0	42	sub-1	04	beta	03,04,05,06	48	48	-0.7605969104812615	matched_subsampling_not_participant_CI
1	43	sub-1	01	mu	03,04,05,06	48	48	-0.565600769049599	matched_subsampling_not_participant_CI
1	43	sub-1	01	beta	03,04,05,06	48	48	-0.44760946963579684	matched_subsampling_not_participant_CI
1	43	sub-1	02	mu	03,04,05,06	48	48	-1.1153720983922	matched_subsampling_not_participant_CI
1	43	sub-1	02	beta	03,04,05,06	48	48	-0.8735007694925123	matched_subsampling_not_participant_CI
1	43	sub-1	03	mu	03,04,05,06	48	48	-1.8521637989603157	matched_subsampling_not_participant_CI
1	43	sub-1	03	beta	03,04,05,06	48	48	-1.112967841764334	matched_subsampling_not_participant_CI
1	43	sub-1	04	mu	03,04,05,06	48	48	-1.9879912239471764	matched_subsampling_not_participant_CI
1	43	sub-1	04	beta	03,04,05,06	48	48	-0.7995688076923813	matched_subsampling_not_participant_CI
2	44	sub-1	01	mu	03,04,05,06	48	48	-0.9016376607024057	matched_subsampling_not_participant_CI
2	44	sub-1	01	beta	03,04,05,06	48	48	-0.5018994976423663	matched_subsampling_not_participant_CI
2	44	sub-1	02	mu	03,04,05,06	48	48	-1.1110032684693039	matched_subsampling_not_participant_CI
2	44	sub-1	02	beta	03,04,05,06	48	48	-0.889854589883825	matched_subsampling_not_participant_CI
2	44	sub-1	03	mu	03,04,05,06	48	48	-2.0530307793984903	matched_subsampling_not_participant_CI
2	44	sub-1	03	beta	03,04,05,06	48	48	-1.165990016332188	matched_subsampling_not_participant_CI
2	44	sub-1	04	mu	03,04,05,06	48	48	-2.108360790339141	matched_subsampling_not_participant_CI
2	44	sub-1	04	beta	03,04,05,06	48	48	-0.7125432132410126	matched_subsampling_not_participant_CI
3	45	sub-1	01	mu	03,04,05,06	48	48	-0.9787533112940849	matched_subsampling_not_participant_CI
3	45	sub-1	01	beta	03,04,05,06	48	48	-0.4778258726511808	matched_subsampling_not_participant_CI
3	45	sub-1	02	mu	03,04,05,06	48	48	-0.8924696524616849	matched_subsampling_not_participant_CI
3	45	sub-1	02	beta	03,04,05,06	48	48	-0.8021516537954732	matched_subsampling_not_participant_CI
3	45	sub-1	03	mu	03,04,05,06	48	48	-1.7020146512854417	matched_subsampling_not_participant_CI
3	45	sub-1	03	beta	03,04,05,06	48	48	-1.1039753288742205	matched_subsampling_not_participant_CI
3	45	sub-1	04	mu	03,04,05,06	48	48	-1.9587661179460447	matched_subsampling_not_participant_CI
3	45	sub-1	04	beta	03,04,05,06	48	48	-0.7695051514426332	matched_subsampling_not_participant_CI
4	46	sub-1	01	mu	03,04,05,06	48	48	-0.7551602957723347	matched_subsampling_not_participant_CI
4	46	sub-1	01	beta	03,04,05,06	48	48	-0.46170837128379105	matched_subsampling_not_participant_CI
4	46	sub-1	02	mu	03,04,05,06	48	48	-1.04817874410422	matched_subsampling_not_participant_CI
4	46	sub-1	02	beta	03,04,05,06	48	48	-0.876784025573123	matched_subsampling_not_participant_CI
4	46	sub-1	03	mu	03,04,05,06	48	48	-1.9098186735341471	matched_subsampling_not_participant_CI
4	46	sub-1	03	beta	03,04,05,06	48	48	-1.0368876640895408	matched_subsampling_not_participant_CI
4	46	sub-1	04	mu	03,04,05,06	48	48	-2.0714369836967172	matched_subsampling_not_participant_CI
4	46	sub-1	04	beta	03,04,05,06	48	48	-0.7628401343391822	matched_subsampling_not_participant_CI
5	47	sub-1	01	mu	03,04,05,06	48	48	-0.7796922503676562	matched_subsampling_not_participant_CI
5	47	sub-1	01	beta	03,04,05,06	48	48	-0.4194591653533486	matched_subsampling_not_participant_CI
5	47	sub-1	02	mu	03,04,05,06	48	48	-0.9393922781508124	matched_subsampling_not_participant_CI
5	47	sub-1	02	beta	03,04,05,06	48	48	-0.8714814479793809	matched_subsampling_not_participant_CI
5	47	sub-1	03	mu	03,04,05,06	48	48	-1.799361896195073	matched_subsampling_not_participant_CI
5	47	sub-1	03	beta	03,04,05,06	48	48	-1.0672859029621407	matched_subsampling_not_participant_CI
5	47	sub-1	04	mu	03,04,05,06	48	48	-2.189502190599981	matched_subsampling_not_participant_CI
5	47	sub-1	04	beta	03,04,05,06	48	48	-0.8009618451974099	matched_subsampling_not_participant_CI
6	48	sub-1	01	mu	03,04,05,06	48	48	-0.9689225513290012	matched_subsampling_not_participant_CI
6	48	sub-1	01	beta	03,04,05,06	48	48	-0.46413616520181833	matched_subsampling_not_participant_CI
6	48	sub-1	02	mu	03,04,05,06	48	48	-1.21842111085396	matched_subsampling_not_participant_CI
6	48	sub-1	02	beta	03,04,05,06	48	48	-0.8361035568922581	matched_subsampling_not_participant_CI
6	48	sub-1	03	mu	03,04,05,06	48	48	-1.9304321519439327	matched_subsampling_not_participant_CI
6	48	sub-1	03	beta	03,04,05,06	48	48	-1.1221536781271801	matched_subsampling_not_participant_CI
6	48	sub-1	04	mu	03,04,05,06	48	48	-2.120601213453419	matched_subsampling_not_participant_CI
6	48	sub-1	04	beta	03,04,05,06	48	48	-0.8282247264660292	matched_subsampling_not_participant_CI
7	49	sub-1	01	mu	03,04,05,06	48	48	-0.9623612890602296	matched_subsampling_not_participant_CI
7	49	sub-1	01	beta	03,04,05,06	48	48	-0.5317766948796532	matched_subsampling_not_participant_CI
7	49	sub-1	02	mu	03,04,05,06	48	48	-0.9651950578829194	matched_subsampling_not_participant_CI
7	49	sub-1	02	beta	03,04,05,06	48	48	-0.9074332113399919	matched_subsampling_not_participant_CI
7	49	sub-1	03	mu	03,04,05,06	48	48	-1.9565251552817564	matched_subsampling_not_participant_CI
7	49	sub-1	03	beta	03,04,05,06	48	48	-1.1338540144230258	matched_subsampling_not_participant_CI
7	49	sub-1	04	mu	03,04,05,06	48	48	-2.111978974784119	matched_subsampling_not_participant_CI
7	49	sub-1	04	beta	03,04,05,06	48	48	-0.6999552822873767	matched_subsampling_not_participant_CI
8	50	sub-1	01	mu	03,04,05,06	48	48	-0.8219501091166492	matched_subsampling_not_participant_CI
8	50	sub-1	01	beta	03,04,05,06	48	48	-0.5967570157299562	matched_subsampling_not_participant_CI
8	50	sub-1	02	mu	03,04,05,06	48	48	-0.8861575459094162	matched_subsampling_not_participant_CI
8	50	sub-1	02	beta	03,04,05,06	48	48	-0.8939617258346821	matched_subsampling_not_participant_CI
8	50	sub-1	03	mu	03,04,05,06	48	48	-2.0649434427915025	matched_subsampling_not_participant_CI
8	50	sub-1	03	beta	03,04,05,06	48	48	-1.024033785169145	matched_subsampling_not_participant_CI
8	50	sub-1	04	mu	03,04,05,06	48	48	-2.1572135591957498	matched_subsampling_not_participant_CI
8	50	sub-1	04	beta	03,04,05,06	48	48	-0.8455603074513185	matched_subsampling_not_participant_CI
9	51	sub-1	01	mu	03,04,05,06	48	48	-0.8882833282906866	matched_subsampling_not_participant_CI
9	51	sub-1	01	beta	03,04,05,06	48	48	-0.5429351810204075	matched_subsampling_not_participant_CI
9	51	sub-1	02	mu	03,04,05,06	48	48	-1.0169955588581026	matched_subsampling_not_participant_CI
9	51	sub-1	02	beta	03,04,05,06	48	48	-0.9063818221480169	matched_subsampling_not_participant_CI
9	51	sub-1	03	mu	03,04,05,06	48	48	-1.773543203038468	matched_subsampling_not_participant_CI
9	51	sub-1	03	beta	03,04,05,06	48	48	-1.0349089289425528	matched_subsampling_not_participant_CI
9	51	sub-1	04	mu	03,04,05,06	48	48	-1.9333459318864143	matched_subsampling_not_participant_CI
9	51	sub-1	04	beta	03,04,05,06	48	48	-0.7830249015535706	matched_subsampling_not_participant_CI
10	52	sub-1	01	mu	03,04,05,06	48	48	-0.8318783851111711	matched_subsampling_not_participant_CI
10	52	sub-1	01	beta	03,04,05,06	48	48	-0.5427035472502517	matched_subsampling_not_participant_CI
10	52	sub-1	02	mu	03,04,05,06	48	48	-1.3854739327712018	matched_subsampling_not_participant_CI
10	52	sub-1	02	beta	03,04,05,06	48	48	-0.8460102909218925	matched_subsampling_not_participant_CI
10	52	sub-1	03	mu	03,04,05,06	48	48	-1.846209635327103	matched_subsampling_not_participant_CI
10	52	sub-1	03	beta	03,04,05,06	48	48	-1.041906905423815	matched_subsampling_not_participant_CI
10	52	sub-1	04	mu	03,04,05,06	48	48	-2.2846441038527665	matched_subsampling_not_participant_CI
10	52	sub-1	04	beta	03,04,05,06	48	48	-0.8260912701362599	matched_subsampling_not_participant_CI
11	53	sub-1	01	mu	03,04,05,06	48	48	-0.9535369005027761	matched_subsampling_not_participant_CI
11	53	sub-1	01	beta	03,04,05,06	48	48	-0.5213561808264089	matched_subsampling_not_participant_CI
11	53	sub-1	02	mu	03,04,05,06	48	48	-1.1782563457050443	matched_subsampling_not_participant_CI
11	53	sub-1	02	beta	03,04,05,06	48	48	-0.8527242583635619	matched_subsampling_not_participant_CI
11	53	sub-1	03	mu	03,04,05,06	48	48	-1.9282337283863882	matched_subsampling_not_participant_CI
11	53	sub-1	03	beta	03,04,05,06	48	48	-1.2362615467347382	matched_subsampling_not_participant_CI
11	53	sub-1	04	mu	03,04,05,06	48	48	-1.891028280817988	matched_subsampling_not_participant_CI
11	53	sub-1	04	beta	03,04,05,06	48	48	-0.8156128198872636	matched_subsampling_not_participant_CI
12	54	sub-1	01	mu	03,04,05,06	48	48	-0.9912689252951168	matched_subsampling_not_participant_CI
12	54	sub-1	01	beta	03,04,05,06	48	48	-0.4902746860710927	matched_subsampling_not_participant_CI
12	54	sub-1	02	mu	03,04,05,06	48	48	-0.9879415288540727	matched_subsampling_not_participant_CI
12	54	sub-1	02	beta	03,04,05,06	48	48	-0.9121006067187665	matched_subsampling_not_participant_CI
12	54	sub-1	03	mu	03,04,05,06	48	48	-1.7980061293287264	matched_subsampling_not_participant_CI
12	54	sub-1	03	beta	03,04,05,06	48	48	-1.0443491793112436	matched_subsampling_not_participant_CI
12	54	sub-1	04	mu	03,04,05,06	48	48	-2.172788978119158	matched_subsampling_not_participant_CI
12	54	sub-1	04	beta	03,04,05,06	48	48	-0.9001260252097509	matched_subsampling_not_participant_CI
13	55	sub-1	01	mu	03,04,05,06	48	48	-0.8935868786992351	matched_subsampling_not_participant_CI
13	55	sub-1	01	beta	03,04,05,06	48	48	-0.5683148540639138	matched_subsampling_not_participant_CI
13	55	sub-1	02	mu	03,04,05,06	48	48	-1.2808035626200542	matched_subsampling_not_participant_CI
13	55	sub-1	02	beta	03,04,05,06	48	48	-0.8769780290679741	matched_subsampling_not_participant_CI
13	55	sub-1	03	mu	03,04,05,06	48	48	-1.6667808805249607	matched_subsampling_not_participant_CI
13	55	sub-1	03	beta	03,04,05,06	48	48	-1.0037998592351371	matched_subsampling_not_participant_CI
13	55	sub-1	04	mu	03,04,05,06	48	48	-2.156645554781562	matched_subsampling_not_participant_CI
13	55	sub-1	04	beta	03,04,05,06	48	48	-0.762301296361283	matched_subsampling_not_participant_CI
14	56	sub-1	01	mu	03,04,05,06	48	48	-0.7504763186741314	matched_subsampling_not_participant_CI
14	56	sub-1	01	beta	03,04,05,06	48	48	-0.5685980326108364	matched_subsampling_not_participant_CI
14	56	sub-1	02	mu	03,04,05,06	48	48	-1.0311267713022332	matched_subsampling_not_participant_CI
14	56	sub-1	02	beta	03,04,05,06	48	48	-0.9036478557306893	matched_subsampling_not_participant_CI
14	56	sub-1	03	mu	03,04,05,06	48	48	-1.6480369254515637	matched_subsampling_not_participant_CI
14	56	sub-1	03	beta	03,04,05,06	48	48	-1.0475224334052058	matched_subsampling_not_participant_CI
14	56	sub-1	04	mu	03,04,05,06	48	48	-1.9630910715263994	matched_subsampling_not_participant_CI
14	56	sub-1	04	beta	03,04,05,06	48	48	-0.8084747106347834	matched_subsampling_not_participant_CI
15	57	sub-1	01	mu	03,04,05,06	48	48	-0.9574875674135797	matched_subsampling_not_participant_CI
15	57	sub-1	01	beta	03,04,05,06	48	48	-0.4577796838226611	matched_subsampling_not_participant_CI
15	57	sub-1	02	mu	03,04,05,06	48	48	-1.0406429878824497	matched_subsampling_not_participant_CI
15	57	sub-1	02	beta	03,04,05,06	48	48	-0.9368019366407765	matched_subsampling_not_participant_CI
15	57	sub-1	03	mu	03,04,05,06	48	48	-2.105053954330902	matched_subsampling_not_participant_CI
15	57	sub-1	03	beta	03,04,05,06	48	48	-0.9555897553899051	matched_subsampling_not_participant_CI
15	57	sub-1	04	mu	03,04,05,06	48	48	-2.2632105956262194	matched_subsampling_not_participant_CI
15	57	sub-1	04	beta	03,04,05,06	48	48	-0.7643645739839755	matched_subsampling_not_participant_CI
16	58	sub-1	01	mu	03,04,05,06	48	48	-0.9244045597512951	matched_subsampling_not_participant_CI
16	58	sub-1	01	beta	03,04,05,06	48	48	-0.5583487863409431	matched_subsampling_not_participant_CI
16	58	sub-1	02	mu	03,04,05,06	48	48	-0.9915847940826517	matched_subsampling_not_participant_CI
16	58	sub-1	02	beta	03,04,05,06	48	48	-0.843789905267478	matched_subsampling_not_participant_CI
16	58	sub-1	03	mu	03,04,05,06	48	48	-2.2162430811748735	matched_subsampling_not_participant_CI
16	58	sub-1	03	beta	03,04,05,06	48	48	-1.1588480237496057	matched_subsampling_not_participant_CI
16	58	sub-1	04	mu	03,04,05,06	48	48	-2.2155938845844148	matched_subsampling_not_participant_CI
16	58	sub-1	04	beta	03,04,05,06	48	48	-0.7766801088084208	matched_subsampling_not_participant_CI
17	59	sub-1	01	mu	03,04,05,06	48	48	-0.5290787446541678	matched_subsampling_not_participant_CI
17	59	sub-1	01	beta	03,04,05,06	48	48	-0.4878430531957356	matched_subsampling_not_participant_CI
17	59	sub-1	02	mu	03,04,05,06	48	48	-1.0943212777744904	matched_subsampling_not_participant_CI
17	59	sub-1	02	beta	03,04,05,06	48	48	-0.881338602572157	matched_subsampling_not_participant_CI
17	59	sub-1	03	mu	03,04,05,06	48	48	-1.7689132556627918	matched_subsampling_not_participant_CI
17	59	sub-1	03	beta	03,04,05,06	48	48	-0.9348862980917616	matched_subsampling_not_participant_CI
17	59	sub-1	04	mu	03,04,05,06	48	48	-2.0049393115751	matched_subsampling_not_participant_CI
17	59	sub-1	04	beta	03,04,05,06	48	48	-0.7639980530815649	matched_subsampling_not_participant_CI
18	60	sub-1	01	mu	03,04,05,06	48	48	-0.7634501222960388	matched_subsampling_not_participant_CI
18	60	sub-1	01	beta	03,04,05,06	48	48	-0.48780417611185456	matched_subsampling_not_participant_CI
18	60	sub-1	02	mu	03,04,05,06	48	48	-1.1579236508199742	matched_subsampling_not_participant_CI
18	60	sub-1	02	beta	03,04,05,06	48	48	-0.8236868052755852	matched_subsampling_not_participant_CI
18	60	sub-1	03	mu	03,04,05,06	48	48	-1.9555090803350517	matched_subsampling_not_participant_CI
18	60	sub-1	03	beta	03,04,05,06	48	48	-1.107080717724127	matched_subsampling_not_participant_CI
18	60	sub-1	04	mu	03,04,05,06	48	48	-2.002012022213897	matched_subsampling_not_participant_CI
18	60	sub-1	04	beta	03,04,05,06	48	48	-0.8746782051148116	matched_subsampling_not_participant_CI
19	61	sub-1	01	mu	03,04,05,06	48	48	-0.7443184850145101	matched_subsampling_not_participant_CI
19	61	sub-1	01	beta	03,04,05,06	48	48	-0.6074574345248607	matched_subsampling_not_participant_CI
19	61	sub-1	02	mu	03,04,05,06	48	48	-1.1021578733734394	matched_subsampling_not_participant_CI
19	61	sub-1	02	beta	03,04,05,06	48	48	-0.9153683282005431	matched_subsampling_not_participant_CI
19	61	sub-1	03	mu	03,04,05,06	48	48	-2.0679030757276706	matched_subsampling_not_participant_CI
19	61	sub-1	03	beta	03,04,05,06	48	48	-1.0307593253563674	matched_subsampling_not_participant_CI
19	61	sub-1	04	mu	03,04,05,06	48	48	-2.174155519207197	matched_subsampling_not_participant_CI
19	61	sub-1	04	beta	03,04,05,06	48	48	-0.8014512454618838	matched_subsampling_not_participant_CI
