subject	session	run	trial_count	class_counts	n_qc_flagged	mu_ROI_V2	beta_ROI_V2	AIRM_to_source_fit	PCA_mean_distance_to_source
sub-3	01	01	32	{'right_hand': 16, 'rest': 16}	0	1.3882778531261431e-11	3.677769959308165e-11	10.684167688485203	6.819134402621616
sub-3	01	02	32	{'rest': 16, 'right_hand': 16}	0	2.388403886993603e-11	3.459996537157203e-11	10.728414902780317	9.262367598334173
sub-3	01	03	30	{'right_hand': 15, 'rest': 15}	0	1.766816643339042e-11	1.625098961300433e-11	4.9598139156937755	3.6059205123833182
sub-3	01	04	32	{'rest': 16, 'right_hand': 16}	0	1.527466345936008e-12	1.1224866606077265e-12	8.767189513150852	16.92115567079177
sub-3	01	05	32	{'right_hand': 16, 'rest': 16}	0	1.6230045515405214e-12	1.1772014558792081e-12	9.411141637201444	16.63574533916805
sub-3	01	06	32	{'rest': 16, 'right_hand': 16}	0	1.8333521317088153e-12	1.6435872426890602e-12	9.322388683535104	15.809249615435055
sub-3	02	01	32	{'right_hand': 16, 'rest': 16}	0	5.642898472303224e-12	4.412334731515124e-12	6.261389886092357	7.881558780196013
sub-3	02	02	32	{'rest': 16, 'right_hand': 16}	1	8.347494764112488e-12	7.395185126650612e-12	7.204578992812516	5.230075589357738
sub-3	02	03	32	{'right_hand': 16, 'rest': 16}	1	3.543850740285213e-12	3.208894936112852e-12	7.770738211138449	10.621418812585764
sub-3	02	04	32	{'rest': 16, 'right_hand': 16}	0	3.3716176525971048e-12	3.008860209300456e-12	10.760803973897456	11.749548114879444
sub-3	02	05	32	{'right_hand': 16, 'rest': 16}	0	3.4359339130149726e-12	4.230553943443632e-12	10.929204941751042	11.317869655634217
sub-3	02	06	32	{'right_hand': 16, 'rest': 16}	1	3.895605389844606e-12	3.88735066642685e-12	7.941938599345592	10.025721577930415
sub-3	03	01	32	{'right_hand': 16, 'rest': 16}	0	1.4307402398212226e-12	9.353356805379428e-13	10.684214396007048	17.899681332905022
sub-3	03	02	31	{'rest': 15, 'right_hand': 16}	0	1.7713565574868766e-12	1.034488220558784e-12	10.919574675955431	16.572113052073245
sub-3	03	03	32	{'rest': 16, 'right_hand': 16}	0	1.3594061169247678e-12	9.13688821856423e-13	10.708325116514443	17.91703636415528
sub-3	03	04	32	{'rest': 16, 'right_hand': 16}	0	1.693920208686579e-12	9.818918070474564e-13	10.645742268716933	17.500626394958346
sub-3	03	05	32	{'right_hand': 16, 'rest': 16}	0	1.559160662298788e-12	9.937173496933234e-13	10.441435625127122	17.766021617414687
sub-3	03	06	32	{'right_hand': 16, 'rest': 16}	0	1.4250576193174584e-12	9.25165585165892e-13	11.009757325072645	18.17145743304248
sub-3	04	01	32	{'rest': 16, 'right_hand': 16}	0	2.2149896991766102e-12	1.2262912615452102e-12	10.500412035611506	16.302311931894394
sub-3	04	02	32	{'rest': 16, 'right_hand': 16}	0	2.22572357859706e-12	1.230955443573346e-12	10.22157762337743	16.685934863006256
sub-3	04	03	31	{'rest': 15, 'right_hand': 16}	0	2.6969234963137324e-12	3.891084388281827e-12	10.812095749251593	15.194816424530217
sub-3	04	04	32	{'right_hand': 16, 'rest': 16}	0	2.427814569748944e-12	1.2039818040414083e-12	10.0896404159526	16.540112694023865
sub-3	04	05	32	{'right_hand': 16, 'rest': 16}	0	2.301684193004648e-12	1.1681373552971956e-12	10.08376081589705	16.415947360093426
sub-3	04	06	32	{'right_hand': 16, 'rest': 16}	0	2.436619946565059e-12	1.3636897100261815e-12	10.139376883525065	16.003990254387432
