subject	original_subject	session	run	source_file	source_edf_sha256	trial_count	right_hand_count	rest_count	source_trial_count	eligible_trial_count	eligible_right_hand_count	eligible_rest_count	excluded_trial_count	excluded_class_counts_json	source_task_window_seconds	eligible_task_window_seconds	channel_count	channel_names_json	sampling_frequency_hz	signal_samples	continuous_duration_s	trial_durations_s_json	trial_lengths_samples_json	edf_physical_units_json	mne_signal_unit	whole_signal_finite	original_header_hash_verified	original_sampling_frequency_hz	behavior_run_score	behavior_trial_outcomes
sub-5	sub-05	01	01	sub-5/ses-01/eeg/sub-5_ses-01_task-imagery_run-01_eeg.edf	93abb053eb4137d8ae529d6d34b47518652003451e9660eb28b0da38657a15ea	32	16	16	32	32	16	16	0	{}	160.0	160.0	74	"[""FP1"", ""FPz"", ""FP2"", ""AF1"", ""AF3"", ""AFz"", ""AF4"", ""AF8"", ""F7"", ""F5"", ""F3"", ""F1"", ""Fz"", ""F2"", ""F4"", ""F6"", ""F8"", ""FT9"", ""FT7"", ""FC5"", ""FC3"", ""FC1"", ""FCz"", ""FC2"", ""FC4"", ""FC6"", ""FT8"", ""FT10"", ""T9"", ""T7"", ""C5"", ""C3"", ""C1"", ""Cz"", ""C2"", ""C4"", ""C6"", ""T8"", ""T10"", ""TP9"", ""TP7"", ""CP5"", ""CP3"", ""CP1"", ""CPz"", ""CP2"", ""CP4"", ""CP6"", ""TP8"", ""TP10"", ""P9"", ""P7"", ""P3"", ""P1"", ""Pz"", ""P2"", ""P4"", ""P6"", ""P8"", ""P10"", ""PO9"", ""PO7"", ""PO5"", ""PO3"", ""POz"", ""PO4"", ""PO8"", ""PO10"", ""O1"", ""Oz"", ""O2"", ""O9"", ""IZ"", ""O10""]"	250.0	57250	229.0	[5.0]	[1250]	"{""\u00b5V"": 74}"	V	True	True	250.0	unresolved	unresolved
sub-5	sub-05	01	02	sub-5/ses-01/eeg/sub-5_ses-01_task-imagery_run-02_eeg.edf	0fa544ab36fcdd553c534bb14c72984eb962b3f6330998934804f4a45614276a	32	16	16	32	32	16	16	0	{}	160.0	160.0	74	"[""FP1"", ""FPz"", ""FP2"", ""AF1"", ""AF3"", ""AFz"", ""AF4"", ""AF8"", ""F7"", ""F5"", ""F3"", ""F1"", ""Fz"", ""F2"", ""F4"", ""F6"", ""F8"", ""FT9"", ""FT7"", ""FC5"", ""FC3"", ""FC1"", ""FCz"", ""FC2"", ""FC4"", ""FC6"", ""FT8"", ""FT10"", ""T9"", ""T7"", ""C5"", ""C3"", ""C1"", ""Cz"", ""C2"", ""C4"", ""C6"", ""T8"", ""T10"", ""TP9"", ""TP7"", ""CP5"", ""CP3"", ""CP1"", ""CPz"", ""CP2"", ""CP4"", ""CP6"", ""TP8"", ""TP10"", ""P9"", ""P7"", ""P3"", ""P1"", ""Pz"", ""P2"", ""P4"", ""P6"", ""P8"", ""P10"", ""PO9"", ""PO7"", ""PO5"", ""PO3"", ""POz"", ""PO4"", ""PO8"", ""PO10"", ""O1"", ""Oz"", ""O2"", ""O9"", ""IZ"", ""O10""]"	250.0	59000	236.0	[5.0]	[1250]	"{""\u00b5V"": 74}"	V	True	True	250.0	unresolved	unresolved
sub-5	sub-05	01	03	sub-5/ses-01/eeg/sub-5_ses-01_task-imagery_run-03_eeg.edf	5a3bddc76a13616ff15403ee71975a350cdf216cf4e6bd91bf87db997f725c85	32	16	16	32	32	16	16	0	{}	160.0	160.0	74	"[""FP1"", ""FPz"", ""FP2"", ""AF1"", ""AF3"", ""AFz"", ""AF4"", ""AF8"", ""F7"", ""F5"", ""F3"", ""F1"", ""Fz"", ""F2"", ""F4"", ""F6"", ""F8"", ""FT9"", ""FT7"", ""FC5"", ""FC3"", ""FC1"", ""FCz"", ""FC2"", ""FC4"", ""FC6"", ""FT8"", ""FT10"", ""T9"", ""T7"", ""C5"", ""C3"", ""C1"", ""Cz"", ""C2"", ""C4"", ""C6"", ""T8"", ""T10"", ""TP9"", ""TP7"", ""CP5"", ""CP3"", ""CP1"", ""CPz"", ""CP2"", ""CP4"", ""CP6"", ""TP8"", ""TP10"", ""P9"", ""P7"", ""P3"", ""P1"", ""Pz"", ""P2"", ""P4"", ""P6"", ""P8"", ""P10"", ""PO9"", ""PO7"", ""PO5"", ""PO3"", ""POz"", ""PO4"", ""PO8"", ""PO10"", ""O1"", ""Oz"", ""O2"", ""O9"", ""IZ"", ""O10""]"	250.0	59500	238.0	[5.0]	[1250]	"{""\u00b5V"": 74}"	V	True	True	250.0	unresolved	unresolved
sub-5	sub-05	01	04	sub-5/ses-01/eeg/sub-5_ses-01_task-imagery_run-04_eeg.edf	a03624cf6d537c5a080194997d0cff6e982abd7f720708d42f2fb296117e8e0b	31	16	15	31	31	16	15	0	{}	155.0	155.0	74	"[""FP1"", ""FPz"", ""FP2"", ""AF1"", ""AF3"", ""AFz"", ""AF4"", ""AF8"", ""F7"", ""F5"", ""F3"", ""F1"", ""Fz"", ""F2"", ""F4"", ""F6"", ""F8"", ""FT9"", ""FT7"", ""FC5"", ""FC3"", ""FC1"", ""FCz"", ""FC2"", ""FC4"", ""FC6"", ""FT8"", ""FT10"", ""T9"", ""T7"", ""C5"", ""C3"", ""C1"", ""Cz"", ""C2"", ""C4"", ""C6"", ""T8"", ""T10"", ""TP9"", ""TP7"", ""CP5"", ""CP3"", ""CP1"", ""CPz"", ""CP2"", ""CP4"", ""CP6"", ""TP8"", ""TP10"", ""P9"", ""P7"", ""P3"", ""P1"", ""Pz"", ""P2"", ""P4"", ""P6"", ""P8"", ""P10"", ""PO9"", ""PO7"", ""PO5"", ""PO3"", ""POz"", ""PO4"", ""PO8"", ""PO10"", ""O1"", ""Oz"", ""O2"", ""O9"", ""IZ"", ""O10""]"	250.0	58500	234.0	[5.0]	[1250]	"{""\u00b5V"": 74}"	V	True	True	250.0	unresolved	unresolved
sub-5	sub-05	01	05	sub-5/ses-01/eeg/sub-5_ses-01_task-imagery_run-05_eeg.edf	4a4447e48c035be813036de22c0ad520d6911c679e0b1e6990f16f93f86bcd85	32	16	16	32	32	16	16	0	{}	160.0	160.0	74	"[""FP1"", ""FPz"", ""FP2"", ""AF1"", ""AF3"", ""AFz"", ""AF4"", ""AF8"", ""F7"", ""F5"", ""F3"", ""F1"", ""Fz"", ""F2"", ""F4"", ""F6"", ""F8"", ""FT9"", ""FT7"", ""FC5"", ""FC3"", ""FC1"", ""FCz"", ""FC2"", ""FC4"", ""FC6"", ""FT8"", ""FT10"", ""T9"", ""T7"", ""C5"", ""C3"", ""C1"", ""Cz"", ""C2"", ""C4"", ""C6"", ""T8"", ""T10"", ""TP9"", ""TP7"", ""CP5"", ""CP3"", ""CP1"", ""CPz"", ""CP2"", ""CP4"", ""CP6"", ""TP8"", ""TP10"", ""P9"", ""P7"", ""P3"", ""P1"", ""Pz"", ""P2"", ""P4"", ""P6"", ""P8"", ""P10"", ""PO9"", ""PO7"", ""PO5"", ""PO3"", ""POz"", ""PO4"", ""PO8"", ""PO10"", ""O1"", ""Oz"", ""O2"", ""O9"", ""IZ"", ""O10""]"	250.0	57250	229.0	[5.0]	[1250]	"{""\u00b5V"": 74}"	V	True	True	250.0	unresolved	unresolved
sub-5	sub-05	01	06	sub-5/ses-01/eeg/sub-5_ses-01_task-imagery_run-06_eeg.edf	2f1df452936997e5ae2a6dec492b51776dcd9154210ae098eac4ad10dd44423e	32	16	16	32	32	16	16	0	{}	160.0	160.0	74	"[""FP1"", ""FPz"", ""FP2"", ""AF1"", ""AF3"", ""AFz"", ""AF4"", ""AF8"", ""F7"", ""F5"", ""F3"", ""F1"", ""Fz"", ""F2"", ""F4"", ""F6"", ""F8"", ""FT9"", ""FT7"", ""FC5"", ""FC3"", ""FC1"", ""FCz"", ""FC2"", ""FC4"", ""FC6"", ""FT8"", ""FT10"", ""T9"", ""T7"", ""C5"", ""C3"", ""C1"", ""Cz"", ""C2"", ""C4"", ""C6"", ""T8"", ""T10"", ""TP9"", ""TP7"", ""CP5"", ""CP3"", ""CP1"", ""CPz"", ""CP2"", ""CP4"", ""CP6"", ""TP8"", ""TP10"", ""P9"", ""P7"", ""P3"", ""P1"", ""Pz"", ""P2"", ""P4"", ""P6"", ""P8"", ""P10"", ""PO9"", ""PO7"", ""PO5"", ""PO3"", ""POz"", ""PO4"", ""PO8"", ""PO10"", ""O1"", ""Oz"", ""O2"", ""O9"", ""IZ"", ""O10""]"	250.0	57500	230.0	[5.0]	[1250]	"{""\u00b5V"": 74}"	V	True	True	250.0	unresolved	unresolved
sub-5	sub-05	02	01	sub-5/ses-02/eeg/sub-5_ses-02_task-imagery_run-01_eeg.edf	12962ce187591533ae365d22cbcf63e497490ab2ef5fd8a64215e48f44f338cb	32	16	16	32	32	16	16	0	{}	160.0	160.0	74	"[""FP1"", ""FPz"", ""FP2"", ""AF1"", ""AF3"", ""AFz"", ""AF4"", ""AF8"", ""F7"", ""F5"", ""F3"", ""F1"", ""Fz"", ""F2"", ""F4"", ""F6"", ""F8"", ""FT9"", ""FT7"", ""FC5"", ""FC3"", ""FC1"", ""FCz"", ""FC2"", ""FC4"", ""FC6"", ""FT8"", ""FT10"", ""T9"", ""T7"", ""C5"", ""C3"", ""C1"", ""Cz"", ""C2"", ""C4"", ""C6"", ""T8"", ""T10"", ""TP9"", ""TP7"", ""CP5"", ""CP3"", ""CP1"", ""CPz"", ""CP2"", ""CP4"", ""CP6"", ""TP8"", ""TP10"", ""P9"", ""P7"", ""P3"", ""P1"", ""Pz"", ""P2"", ""P4"", ""P6"", ""P8"", ""P10"", ""PO9"", ""PO7"", ""PO5"", ""PO3"", ""POz"", ""PO4"", ""PO8"", ""PO10"", ""O1"", ""Oz"", ""O2"", ""O9"", ""IZ"", ""O10""]"	250.0	60500	242.0	[5.0]	[1250]	"{""\u00b5V"": 74}"	V	True	True	250.0	unresolved	unresolved
sub-5	sub-05	02	02	sub-5/ses-02/eeg/sub-5_ses-02_task-imagery_run-02_eeg.edf	f300398d8dcb2fc520adeff9a1fc59dee5bb89ba575f3122361cd6ccc77a848f	31	15	16	31	31	15	16	0	{}	155.0	155.0	74	"[""FP1"", ""FPz"", ""FP2"", ""AF1"", ""AF3"", ""AFz"", ""AF4"", ""AF8"", ""F7"", ""F5"", ""F3"", ""F1"", ""Fz"", ""F2"", ""F4"", ""F6"", ""F8"", ""FT9"", ""FT7"", ""FC5"", ""FC3"", ""FC1"", ""FCz"", ""FC2"", ""FC4"", ""FC6"", ""FT8"", ""FT10"", ""T9"", ""T7"", ""C5"", ""C3"", ""C1"", ""Cz"", ""C2"", ""C4"", ""C6"", ""T8"", ""T10"", ""TP9"", ""TP7"", ""CP5"", ""CP3"", ""CP1"", ""CPz"", ""CP2"", ""CP4"", ""CP6"", ""TP8"", ""TP10"", ""P9"", ""P7"", ""P3"", ""P1"", ""Pz"", ""P2"", ""P4"", ""P6"", ""P8"", ""P10"", ""PO9"", ""PO7"", ""PO5"", ""PO3"", ""POz"", ""PO4"", ""PO8"", ""PO10"", ""O1"", ""Oz"", ""O2"", ""O9"", ""IZ"", ""O10""]"	250.0	56750	227.0	[5.0]	[1250]	"{""\u00b5V"": 74}"	V	True	True	250.0	unresolved	unresolved
sub-5	sub-05	02	03	sub-5/ses-02/eeg/sub-5_ses-02_task-imagery_run-03_eeg.edf	f56b4a1395476a67f6390bb14edbe8d479c262ef0540cbbcda9e53fb7b0c7cdd	32	16	16	32	32	16	16	0	{}	160.0	160.0	74	"[""FP1"", ""FPz"", ""FP2"", ""AF1"", ""AF3"", ""AFz"", ""AF4"", ""AF8"", ""F7"", ""F5"", ""F3"", ""F1"", ""Fz"", ""F2"", ""F4"", ""F6"", ""F8"", ""FT9"", ""FT7"", ""FC5"", ""FC3"", ""FC1"", ""FCz"", ""FC2"", ""FC4"", ""FC6"", ""FT8"", ""FT10"", ""T9"", ""T7"", ""C5"", ""C3"", ""C1"", ""Cz"", ""C2"", ""C4"", ""C6"", ""T8"", ""T10"", ""TP9"", ""TP7"", ""CP5"", ""CP3"", ""CP1"", ""CPz"", ""CP2"", ""CP4"", ""CP6"", ""TP8"", ""TP10"", ""P9"", ""P7"", ""P3"", ""P1"", ""Pz"", ""P2"", ""P4"", ""P6"", ""P8"", ""P10"", ""PO9"", ""PO7"", ""PO5"", ""PO3"", ""POz"", ""PO4"", ""PO8"", ""PO10"", ""O1"", ""Oz"", ""O2"", ""O9"", ""IZ"", ""O10""]"	250.0	58000	232.0	[5.0]	[1250]	"{""\u00b5V"": 74}"	V	True	True	250.0	unresolved	unresolved
sub-5	sub-05	02	04	sub-5/ses-02/eeg/sub-5_ses-02_task-imagery_run-04_eeg.edf	fd90271ac7042e71d8863edc20850583be7edb7391efa540ed70620cda529246	32	16	16	32	32	16	16	0	{}	160.0	160.0	74	"[""FP1"", ""FPz"", ""FP2"", ""AF1"", ""AF3"", ""AFz"", ""AF4"", ""AF8"", ""F7"", ""F5"", ""F3"", ""F1"", ""Fz"", ""F2"", ""F4"", ""F6"", ""F8"", ""FT9"", ""FT7"", ""FC5"", ""FC3"", ""FC1"", ""FCz"", ""FC2"", ""FC4"", ""FC6"", ""FT8"", ""FT10"", ""T9"", ""T7"", ""C5"", ""C3"", ""C1"", ""Cz"", ""C2"", ""C4"", ""C6"", ""T8"", ""T10"", ""TP9"", ""TP7"", ""CP5"", ""CP3"", ""CP1"", ""CPz"", ""CP2"", ""CP4"", ""CP6"", ""TP8"", ""TP10"", ""P9"", ""P7"", ""P3"", ""P1"", ""Pz"", ""P2"", ""P4"", ""P6"", ""P8"", ""P10"", ""PO9"", ""PO7"", ""PO5"", ""PO3"", ""POz"", ""PO4"", ""PO8"", ""PO10"", ""O1"", ""Oz"", ""O2"", ""O9"", ""IZ"", ""O10""]"	250.0	58750	235.0	[5.0]	[1250]	"{""\u00b5V"": 74}"	V	True	True	250.0	unresolved	unresolved
sub-5	sub-05	02	05	sub-5/ses-02/eeg/sub-5_ses-02_task-imagery_run-05_eeg.edf	b016ddf6f0fb76e05dbe40e4e819c58f94044fb2775f9febef1dab6037853cb8	31	15	16	31	31	15	16	0	{}	155.0	155.0	74	"[""FP1"", ""FPz"", ""FP2"", ""AF1"", ""AF3"", ""AFz"", ""AF4"", ""AF8"", ""F7"", ""F5"", ""F3"", ""F1"", ""Fz"", ""F2"", ""F4"", ""F6"", ""F8"", ""FT9"", ""FT7"", ""FC5"", ""FC3"", ""FC1"", ""FCz"", ""FC2"", ""FC4"", ""FC6"", ""FT8"", ""FT10"", ""T9"", ""T7"", ""C5"", ""C3"", ""C1"", ""Cz"", ""C2"", ""C4"", ""C6"", ""T8"", ""T10"", ""TP9"", ""TP7"", ""CP5"", ""CP3"", ""CP1"", ""CPz"", ""CP2"", ""CP4"", ""CP6"", ""TP8"", ""TP10"", ""P9"", ""P7"", ""P3"", ""P1"", ""Pz"", ""P2"", ""P4"", ""P6"", ""P8"", ""P10"", ""PO9"", ""PO7"", ""PO5"", ""PO3"", ""POz"", ""PO4"", ""PO8"", ""PO10"", ""O1"", ""Oz"", ""O2"", ""O9"", ""IZ"", ""O10""]"	250.0	56000	224.0	[5.0]	[1250]	"{""\u00b5V"": 74}"	V	True	True	250.0	unresolved	unresolved
sub-5	sub-05	02	06	sub-5/ses-02/eeg/sub-5_ses-02_task-imagery_run-06_eeg.edf	5a89eff581b54fbcd2c60d8359c0a0bec16ca305e2e241f488234efd38782f12	32	16	16	32	32	16	16	0	{}	160.0	160.0	74	"[""FP1"", ""FPz"", ""FP2"", ""AF1"", ""AF3"", ""AFz"", ""AF4"", ""AF8"", ""F7"", ""F5"", ""F3"", ""F1"", ""Fz"", ""F2"", ""F4"", ""F6"", ""F8"", ""FT9"", ""FT7"", ""FC5"", ""FC3"", ""FC1"", ""FCz"", ""FC2"", ""FC4"", ""FC6"", ""FT8"", ""FT10"", ""T9"", ""T7"", ""C5"", ""C3"", ""C1"", ""Cz"", ""C2"", ""C4"", ""C6"", ""T8"", ""T10"", ""TP9"", ""TP7"", ""CP5"", ""CP3"", ""CP1"", ""CPz"", ""CP2"", ""CP4"", ""CP6"", ""TP8"", ""TP10"", ""P9"", ""P7"", ""P3"", ""P1"", ""Pz"", ""P2"", ""P4"", ""P6"", ""P8"", ""P10"", ""PO9"", ""PO7"", ""PO5"", ""PO3"", ""POz"", ""PO4"", ""PO8"", ""PO10"", ""O1"", ""Oz"", ""O2"", ""O9"", ""IZ"", ""O10""]"	250.0	57000	228.0	[5.0]	[1250]	"{""\u00b5V"": 74}"	V	True	True	250.0	unresolved	unresolved
sub-5	sub-05	03	01	sub-5/ses-03/eeg/sub-5_ses-03_task-imagery_run-01_eeg.edf	862912565652d060a9343a7e92e1639bcff0e7338eb7e329efcdda16c9314611	32	16	16	32	32	16	16	0	{}	160.0	160.0	74	"[""FP1"", ""FPz"", ""FP2"", ""AF1"", ""AF3"", ""AFz"", ""AF4"", ""AF8"", ""F7"", ""F5"", ""F3"", ""F1"", ""Fz"", ""F2"", ""F4"", ""F6"", ""F8"", ""FT9"", ""FT7"", ""FC5"", ""FC3"", ""FC1"", ""FCz"", ""FC2"", ""FC4"", ""FC6"", ""FT8"", ""FT10"", ""T9"", ""T7"", ""C5"", ""C3"", ""C1"", ""Cz"", ""C2"", ""C4"", ""C6"", ""T8"", ""T10"", ""TP9"", ""TP7"", ""CP5"", ""CP3"", ""CP1"", ""CPz"", ""CP2"", ""CP4"", ""CP6"", ""TP8"", ""TP10"", ""P9"", ""P7"", ""P3"", ""P1"", ""Pz"", ""P2"", ""P4"", ""P6"", ""P8"", ""P10"", ""PO9"", ""PO7"", ""PO5"", ""PO3"", ""POz"", ""PO4"", ""PO8"", ""PO10"", ""O1"", ""Oz"", ""O2"", ""O9"", ""IZ"", ""O10""]"	250.0	58500	234.0	[5.0]	[1250]	"{""\u00b5V"": 74}"	V	True	True	250.0	unresolved	unresolved
sub-5	sub-05	03	02	sub-5/ses-03/eeg/sub-5_ses-03_task-imagery_run-02_eeg.edf	e502b0685ab2a2181c6c203e5e8485d6a79d79e48a6cf1cd330a171ccd8212e8	32	16	16	32	32	16	16	0	{}	160.0	160.0	74	"[""FP1"", ""FPz"", ""FP2"", ""AF1"", ""AF3"", ""AFz"", ""AF4"", ""AF8"", ""F7"", ""F5"", ""F3"", ""F1"", ""Fz"", ""F2"", ""F4"", ""F6"", ""F8"", ""FT9"", ""FT7"", ""FC5"", ""FC3"", ""FC1"", ""FCz"", ""FC2"", ""FC4"", ""FC6"", ""FT8"", ""FT10"", ""T9"", ""T7"", ""C5"", ""C3"", ""C1"", ""Cz"", ""C2"", ""C4"", ""C6"", ""T8"", ""T10"", ""TP9"", ""TP7"", ""CP5"", ""CP3"", ""CP1"", ""CPz"", ""CP2"", ""CP4"", ""CP6"", ""TP8"", ""TP10"", ""P9"", ""P7"", ""P3"", ""P1"", ""Pz"", ""P2"", ""P4"", ""P6"", ""P8"", ""P10"", ""PO9"", ""PO7"", ""PO5"", ""PO3"", ""POz"", ""PO4"", ""PO8"", ""PO10"", ""O1"", ""Oz"", ""O2"", ""O9"", ""IZ"", ""O10""]"	250.0	58500	234.0	[5.0]	[1250]	"{""\u00b5V"": 74}"	V	True	True	250.0	unresolved	unresolved
sub-5	sub-05	03	03	sub-5/ses-03/eeg/sub-5_ses-03_task-imagery_run-03_eeg.edf	63cad6bf3c796780b005db22493242ffa0c1794f3b0caaa83333400441d07fc4	32	16	16	32	32	16	16	0	{}	160.0	160.0	74	"[""FP1"", ""FPz"", ""FP2"", ""AF1"", ""AF3"", ""AFz"", ""AF4"", ""AF8"", ""F7"", ""F5"", ""F3"", ""F1"", ""Fz"", ""F2"", ""F4"", ""F6"", ""F8"", ""FT9"", ""FT7"", ""FC5"", ""FC3"", ""FC1"", ""FCz"", ""FC2"", ""FC4"", ""FC6"", ""FT8"", ""FT10"", ""T9"", ""T7"", ""C5"", ""C3"", ""C1"", ""Cz"", ""C2"", ""C4"", ""C6"", ""T8"", ""T10"", ""TP9"", ""TP7"", ""CP5"", ""CP3"", ""CP1"", ""CPz"", ""CP2"", ""CP4"", ""CP6"", ""TP8"", ""TP10"", ""P9"", ""P7"", ""P3"", ""P1"", ""Pz"", ""P2"", ""P4"", ""P6"", ""P8"", ""P10"", ""PO9"", ""PO7"", ""PO5"", ""PO3"", ""POz"", ""PO4"", ""PO8"", ""PO10"", ""O1"", ""Oz"", ""O2"", ""O9"", ""IZ"", ""O10""]"	250.0	58000	232.0	[5.0]	[1250]	"{""\u00b5V"": 74}"	V	True	True	250.0	unresolved	unresolved
sub-5	sub-05	03	04	sub-5/ses-03/eeg/sub-5_ses-03_task-imagery_run-04_eeg.edf	adeecf2117b5aa67f71471ec946b3a9c9cdbca4c3c273e64e0072743ab34f2b1	32	16	16	32	32	16	16	0	{}	160.0	160.0	74	"[""FP1"", ""FPz"", ""FP2"", ""AF1"", ""AF3"", ""AFz"", ""AF4"", ""AF8"", ""F7"", ""F5"", ""F3"", ""F1"", ""Fz"", ""F2"", ""F4"", ""F6"", ""F8"", ""FT9"", ""FT7"", ""FC5"", ""FC3"", ""FC1"", ""FCz"", ""FC2"", ""FC4"", ""FC6"", ""FT8"", ""FT10"", ""T9"", ""T7"", ""C5"", ""C3"", ""C1"", ""Cz"", ""C2"", ""C4"", ""C6"", ""T8"", ""T10"", ""TP9"", ""TP7"", ""CP5"", ""CP3"", ""CP1"", ""CPz"", ""CP2"", ""CP4"", ""CP6"", ""TP8"", ""TP10"", ""P9"", ""P7"", ""P3"", ""P1"", ""Pz"", ""P2"", ""P4"", ""P6"", ""P8"", ""P10"", ""PO9"", ""PO7"", ""PO5"", ""PO3"", ""POz"", ""PO4"", ""PO8"", ""PO10"", ""O1"", ""Oz"", ""O2"", ""O9"", ""IZ"", ""O10""]"	250.0	57500	230.0	[5.0]	[1250]	"{""\u00b5V"": 74}"	V	True	True	250.0	unresolved	unresolved
sub-5	sub-05	03	05	sub-5/ses-03/eeg/sub-5_ses-03_task-imagery_run-05_eeg.edf	9e93ddf1f9a8d807989192eef660e35f2464c3f16a7c0c960ac21451b7ce24a2	32	16	16	32	32	16	16	0	{}	160.0	160.0	74	"[""FP1"", ""FPz"", ""FP2"", ""AF1"", ""AF3"", ""AFz"", ""AF4"", ""AF8"", ""F7"", ""F5"", ""F3"", ""F1"", ""Fz"", ""F2"", ""F4"", ""F6"", ""F8"", ""FT9"", ""FT7"", ""FC5"", ""FC3"", ""FC1"", ""FCz"", ""FC2"", ""FC4"", ""FC6"", ""FT8"", ""FT10"", ""T9"", ""T7"", ""C5"", ""C3"", ""C1"", ""Cz"", ""C2"", ""C4"", ""C6"", ""T8"", ""T10"", ""TP9"", ""TP7"", ""CP5"", ""CP3"", ""CP1"", ""CPz"", ""CP2"", ""CP4"", ""CP6"", ""TP8"", ""TP10"", ""P9"", ""P7"", ""P3"", ""P1"", ""Pz"", ""P2"", ""P4"", ""P6"", ""P8"", ""P10"", ""PO9"", ""PO7"", ""PO5"", ""PO3"", ""POz"", ""PO4"", ""PO8"", ""PO10"", ""O1"", ""Oz"", ""O2"", ""O9"", ""IZ"", ""O10""]"	250.0	57500	230.0	[5.0]	[1250]	"{""\u00b5V"": 74}"	V	True	True	250.0	unresolved	unresolved
sub-5	sub-05	03	06	sub-5/ses-03/eeg/sub-5_ses-03_task-imagery_run-06_eeg.edf	153fcc7e9eeb8fd0d5d353d88523a7d32fcd51928a5eaa831149f4af2e9e8843	32	16	16	32	32	16	16	0	{}	160.0	160.0	74	"[""FP1"", ""FPz"", ""FP2"", ""AF1"", ""AF3"", ""AFz"", ""AF4"", ""AF8"", ""F7"", ""F5"", ""F3"", ""F1"", ""Fz"", ""F2"", ""F4"", ""F6"", ""F8"", ""FT9"", ""FT7"", ""FC5"", ""FC3"", ""FC1"", ""FCz"", ""FC2"", ""FC4"", ""FC6"", ""FT8"", ""FT10"", ""T9"", ""T7"", ""C5"", ""C3"", ""C1"", ""Cz"", ""C2"", ""C4"", ""C6"", ""T8"", ""T10"", ""TP9"", ""TP7"", ""CP5"", ""CP3"", ""CP1"", ""CPz"", ""CP2"", ""CP4"", ""CP6"", ""TP8"", ""TP10"", ""P9"", ""P7"", ""P3"", ""P1"", ""Pz"", ""P2"", ""P4"", ""P6"", ""P8"", ""P10"", ""PO9"", ""PO7"", ""PO5"", ""PO3"", ""POz"", ""PO4"", ""PO8"", ""PO10"", ""O1"", ""Oz"", ""O2"", ""O9"", ""IZ"", ""O10""]"	250.0	57250	229.0	[5.0]	[1250]	"{""\u00b5V"": 74}"	V	True	True	250.0	unresolved	unresolved
sub-5	sub-05	04	01	sub-5/ses-04/eeg/sub-5_ses-04_task-imagery_run-01_eeg.edf	b98e063ed8c9a6aaafeaf7dd0e40a78ec208524712d08d35ca5ec19697b5c4c9	32	16	16	32	32	16	16	0	{}	160.0	160.0	74	"[""FP1"", ""FPz"", ""FP2"", ""AF1"", ""AF3"", ""AFz"", ""AF4"", ""AF8"", ""F7"", ""F5"", ""F3"", ""F1"", ""Fz"", ""F2"", ""F4"", ""F6"", ""F8"", ""FT9"", ""FT7"", ""FC5"", ""FC3"", ""FC1"", ""FCz"", ""FC2"", ""FC4"", ""FC6"", ""FT8"", ""FT10"", ""T9"", ""T7"", ""C5"", ""C3"", ""C1"", ""Cz"", ""C2"", ""C4"", ""C6"", ""T8"", ""T10"", ""TP9"", ""TP7"", ""CP5"", ""CP3"", ""CP1"", ""CPz"", ""CP2"", ""CP4"", ""CP6"", ""TP8"", ""TP10"", ""P9"", ""P7"", ""P3"", ""P1"", ""Pz"", ""P2"", ""P4"", ""P6"", ""P8"", ""P10"", ""PO9"", ""PO7"", ""PO5"", ""PO3"", ""POz"", ""PO4"", ""PO8"", ""PO10"", ""O1"", ""Oz"", ""O2"", ""O9"", ""IZ"", ""O10""]"	250.0	62500	250.0	[5.0]	[1250]	"{""\u00b5V"": 74}"	V	True	True	250.0	unresolved	unresolved
sub-5	sub-05	04	02	sub-5/ses-04/eeg/sub-5_ses-04_task-imagery_run-02_eeg.edf	60b33602091e108a716fe9b45ec2981a7d62bf89e721e85f622f82735e7e307f	32	16	16	32	32	16	16	0	{}	160.0	160.0	74	"[""FP1"", ""FPz"", ""FP2"", ""AF1"", ""AF3"", ""AFz"", ""AF4"", ""AF8"", ""F7"", ""F5"", ""F3"", ""F1"", ""Fz"", ""F2"", ""F4"", ""F6"", ""F8"", ""FT9"", ""FT7"", ""FC5"", ""FC3"", ""FC1"", ""FCz"", ""FC2"", ""FC4"", ""FC6"", ""FT8"", ""FT10"", ""T9"", ""T7"", ""C5"", ""C3"", ""C1"", ""Cz"", ""C2"", ""C4"", ""C6"", ""T8"", ""T10"", ""TP9"", ""TP7"", ""CP5"", ""CP3"", ""CP1"", ""CPz"", ""CP2"", ""CP4"", ""CP6"", ""TP8"", ""TP10"", ""P9"", ""P7"", ""P3"", ""P1"", ""Pz"", ""P2"", ""P4"", ""P6"", ""P8"", ""P10"", ""PO9"", ""PO7"", ""PO5"", ""PO3"", ""POz"", ""PO4"", ""PO8"", ""PO10"", ""O1"", ""Oz"", ""O2"", ""O9"", ""IZ"", ""O10""]"	250.0	60500	242.0	[5.0]	[1250]	"{""\u00b5V"": 74}"	V	True	True	250.0	unresolved	unresolved
sub-5	sub-05	04	03	sub-5/ses-04/eeg/sub-5_ses-04_task-imagery_run-03_eeg.edf	128dad0ff2efaf8e87244a8e02ff3710fd25ecd202421b6378dfb90cb18bd4f6	32	16	16	32	32	16	16	0	{}	160.0	160.0	74	"[""FP1"", ""FPz"", ""FP2"", ""AF1"", ""AF3"", ""AFz"", ""AF4"", ""AF8"", ""F7"", ""F5"", ""F3"", ""F1"", ""Fz"", ""F2"", ""F4"", ""F6"", ""F8"", ""FT9"", ""FT7"", ""FC5"", ""FC3"", ""FC1"", ""FCz"", ""FC2"", ""FC4"", ""FC6"", ""FT8"", ""FT10"", ""T9"", ""T7"", ""C5"", ""C3"", ""C1"", ""Cz"", ""C2"", ""C4"", ""C6"", ""T8"", ""T10"", ""TP9"", ""TP7"", ""CP5"", ""CP3"", ""CP1"", ""CPz"", ""CP2"", ""CP4"", ""CP6"", ""TP8"", ""TP10"", ""P9"", ""P7"", ""P3"", ""P1"", ""Pz"", ""P2"", ""P4"", ""P6"", ""P8"", ""P10"", ""PO9"", ""PO7"", ""PO5"", ""PO3"", ""POz"", ""PO4"", ""PO8"", ""PO10"", ""O1"", ""Oz"", ""O2"", ""O9"", ""IZ"", ""O10""]"	250.0	57500	230.0	[5.0]	[1250]	"{""\u00b5V"": 74}"	V	True	True	250.0	unresolved	unresolved
sub-5	sub-05	04	04	sub-5/ses-04/eeg/sub-5_ses-04_task-imagery_run-04_eeg.edf	7db38ab9c5f17e206e2a4287c1dcdf1b2f429674d203ad99b125529f2c7a93dc	32	16	16	32	32	16	16	0	{}	160.0	160.0	74	"[""FP1"", ""FPz"", ""FP2"", ""AF1"", ""AF3"", ""AFz"", ""AF4"", ""AF8"", ""F7"", ""F5"", ""F3"", ""F1"", ""Fz"", ""F2"", ""F4"", ""F6"", ""F8"", ""FT9"", ""FT7"", ""FC5"", ""FC3"", ""FC1"", ""FCz"", ""FC2"", ""FC4"", ""FC6"", ""FT8"", ""FT10"", ""T9"", ""T7"", ""C5"", ""C3"", ""C1"", ""Cz"", ""C2"", ""C4"", ""C6"", ""T8"", ""T10"", ""TP9"", ""TP7"", ""CP5"", ""CP3"", ""CP1"", ""CPz"", ""CP2"", ""CP4"", ""CP6"", ""TP8"", ""TP10"", ""P9"", ""P7"", ""P3"", ""P1"", ""Pz"", ""P2"", ""P4"", ""P6"", ""P8"", ""P10"", ""PO9"", ""PO7"", ""PO5"", ""PO3"", ""POz"", ""PO4"", ""PO8"", ""PO10"", ""O1"", ""Oz"", ""O2"", ""O9"", ""IZ"", ""O10""]"	250.0	57750	231.0	[5.0]	[1250]	"{""\u00b5V"": 74}"	V	True	True	250.0	unresolved	unresolved
sub-5	sub-05	04	05	sub-5/ses-04/eeg/sub-5_ses-04_task-imagery_run-05_eeg.edf	77de0ca6323bb8ed8b54d03cc1d1e9a6f7406aa5550571bb78254121de03d6ed	32	16	16	32	32	16	16	0	{}	160.0	160.0	74	"[""FP1"", ""FPz"", ""FP2"", ""AF1"", ""AF3"", ""AFz"", ""AF4"", ""AF8"", ""F7"", ""F5"", ""F3"", ""F1"", ""Fz"", ""F2"", ""F4"", ""F6"", ""F8"", ""FT9"", ""FT7"", ""FC5"", ""FC3"", ""FC1"", ""FCz"", ""FC2"", ""FC4"", ""FC6"", ""FT8"", ""FT10"", ""T9"", ""T7"", ""C5"", ""C3"", ""C1"", ""Cz"", ""C2"", ""C4"", ""C6"", ""T8"", ""T10"", ""TP9"", ""TP7"", ""CP5"", ""CP3"", ""CP1"", ""CPz"", ""CP2"", ""CP4"", ""CP6"", ""TP8"", ""TP10"", ""P9"", ""P7"", ""P3"", ""P1"", ""Pz"", ""P2"", ""P4"", ""P6"", ""P8"", ""P10"", ""PO9"", ""PO7"", ""PO5"", ""PO3"", ""POz"", ""PO4"", ""PO8"", ""PO10"", ""O1"", ""Oz"", ""O2"", ""O9"", ""IZ"", ""O10""]"	250.0	57500	230.0	[5.0]	[1250]	"{""\u00b5V"": 74}"	V	True	True	250.0	unresolved	unresolved
sub-5	sub-05	04	06	sub-5/ses-04/eeg/sub-5_ses-04_task-imagery_run-06_eeg.edf	c1f2722f7b71801126ec5ece13e71630816efe058aa7a0d1d9530d707dca9261	32	16	16	32	32	16	16	0	{}	160.0	160.0	74	"[""FP1"", ""FPz"", ""FP2"", ""AF1"", ""AF3"", ""AFz"", ""AF4"", ""AF8"", ""F7"", ""F5"", ""F3"", ""F1"", ""Fz"", ""F2"", ""F4"", ""F6"", ""F8"", ""FT9"", ""FT7"", ""FC5"", ""FC3"", ""FC1"", ""FCz"", ""FC2"", ""FC4"", ""FC6"", ""FT8"", ""FT10"", ""T9"", ""T7"", ""C5"", ""C3"", ""C1"", ""Cz"", ""C2"", ""C4"", ""C6"", ""T8"", ""T10"", ""TP9"", ""TP7"", ""CP5"", ""CP3"", ""CP1"", ""CPz"", ""CP2"", ""CP4"", ""CP6"", ""TP8"", ""TP10"", ""P9"", ""P7"", ""P3"", ""P1"", ""Pz"", ""P2"", ""P4"", ""P6"", ""P8"", ""P10"", ""PO9"", ""PO7"", ""PO5"", ""PO3"", ""POz"", ""PO4"", ""PO8"", ""PO10"", ""O1"", ""Oz"", ""O2"", ""O9"", ""IZ"", ""O10""]"	250.0	58250	233.0	[5.0]	[1250]	"{""\u00b5V"": 74}"	V	True	True	250.0	unresolved	unresolved
