subject	original_subject	session	run	original_header_file	declared_original_header_sha256	declared_original_header_bytes	local_original_header	actual_original_header_sha256	original_header_hash_verified	original_sampling_frequency_hz	original_channel_count	original_channel_units_json	original_reference_fields_json	original_reference_interpretation	original_derivative_channel_order_matches	derivative_sampling_frequency_hz	original_signal_equality_verified	original_marker_sequence_verified
sub-2	sub-02	01	01	sub-02/ses-01/eeg/sub-02_ses-01_task-MotorImageryRest_run-01_eeg.vhdr	aaba72fedf408a2a71ffe676a0249eaa43dc85b29bbe912b45fcd0a6aca60486	2012	/workspace/few-shot-mi-eeg/data/netbci2026/nm000305/v1.0.0/sourcedata/sub-02/ses-01/eeg/sub-02_ses-01_task-MotorImageryRest_run-01_eeg.vhdr	aaba72fedf408a2a71ffe676a0249eaa43dc85b29bbe912b45fcd0a6aca60486	True	250.0	74	"{""\u00b5V"": 74}"	"{"""": 74}"	blank header fields do not establish acquisition reference	True	250.0	False	False
sub-2	sub-02	01	02	sub-02/ses-01/eeg/sub-02_ses-01_task-MotorImageryRest_run-02_eeg.vhdr	8f19a459f5296351dba4666f43ed9b1ce7cceaa92a8dd62ea4863c8620f59ec6	2012	/workspace/few-shot-mi-eeg/data/netbci2026/nm000305/v1.0.0/sourcedata/sub-02/ses-01/eeg/sub-02_ses-01_task-MotorImageryRest_run-02_eeg.vhdr	8f19a459f5296351dba4666f43ed9b1ce7cceaa92a8dd62ea4863c8620f59ec6	True	250.0	74	"{""\u00b5V"": 74}"	"{"""": 74}"	blank header fields do not establish acquisition reference	True	250.0	False	False
sub-2	sub-02	01	03	sub-02/ses-01/eeg/sub-02_ses-01_task-MotorImageryRest_run-03_eeg.vhdr	3f8ebaf95ad4bbef5da66e1258d319eff3ca8047f39ae549d367758db61e2ccf	2012	/workspace/few-shot-mi-eeg/data/netbci2026/nm000305/v1.0.0/sourcedata/sub-02/ses-01/eeg/sub-02_ses-01_task-MotorImageryRest_run-03_eeg.vhdr	3f8ebaf95ad4bbef5da66e1258d319eff3ca8047f39ae549d367758db61e2ccf	True	250.0	74	"{""\u00b5V"": 74}"	"{"""": 74}"	blank header fields do not establish acquisition reference	True	250.0	False	False
sub-2	sub-02	01	04	sub-02/ses-01/eeg/sub-02_ses-01_task-MotorImageryRest_run-04_eeg.vhdr	a470bf8bfcc7b90dc7b5e1ff9d269f8a57c93507c936b5658c30877dac8e144b	2012	/workspace/few-shot-mi-eeg/data/netbci2026/nm000305/v1.0.0/sourcedata/sub-02/ses-01/eeg/sub-02_ses-01_task-MotorImageryRest_run-04_eeg.vhdr	a470bf8bfcc7b90dc7b5e1ff9d269f8a57c93507c936b5658c30877dac8e144b	True	250.0	74	"{""\u00b5V"": 74}"	"{"""": 74}"	blank header fields do not establish acquisition reference	True	250.0	False	False
sub-2	sub-02	01	05	sub-02/ses-01/eeg/sub-02_ses-01_task-MotorImageryRest_run-05_eeg.vhdr	0b3ead747cda7bfa271aaa3628c53e1dd8d0740a60eae2e00a7eea6ed2f34d52	2012	/workspace/few-shot-mi-eeg/data/netbci2026/nm000305/v1.0.0/sourcedata/sub-02/ses-01/eeg/sub-02_ses-01_task-MotorImageryRest_run-05_eeg.vhdr	0b3ead747cda7bfa271aaa3628c53e1dd8d0740a60eae2e00a7eea6ed2f34d52	True	250.0	74	"{""\u00b5V"": 74}"	"{"""": 74}"	blank header fields do not establish acquisition reference	True	250.0	False	False
sub-2	sub-02	01	06	sub-02/ses-01/eeg/sub-02_ses-01_task-MotorImageryRest_run-06_eeg.vhdr	a73a948bc9076489d9ef7642274c925b76ba916799f4de4256aca637babe9313	2012	/workspace/few-shot-mi-eeg/data/netbci2026/nm000305/v1.0.0/sourcedata/sub-02/ses-01/eeg/sub-02_ses-01_task-MotorImageryRest_run-06_eeg.vhdr	a73a948bc9076489d9ef7642274c925b76ba916799f4de4256aca637babe9313	True	250.0	74	"{""\u00b5V"": 74}"	"{"""": 74}"	blank header fields do not establish acquisition reference	True	250.0	False	False
sub-2	sub-02	02	01	sub-02/ses-02/eeg/sub-02_ses-02_task-MotorImageryRest_run-01_eeg.vhdr	849d51d74207f853c13fed40b27dac05b80ec7166686e4865d7415e83593e209	2012	/workspace/few-shot-mi-eeg/data/netbci2026/nm000305/v1.0.0/sourcedata/sub-02/ses-02/eeg/sub-02_ses-02_task-MotorImageryRest_run-01_eeg.vhdr	849d51d74207f853c13fed40b27dac05b80ec7166686e4865d7415e83593e209	True	250.0	74	"{""\u00b5V"": 74}"	"{"""": 74}"	blank header fields do not establish acquisition reference	True	250.0	False	False
sub-2	sub-02	02	02	sub-02/ses-02/eeg/sub-02_ses-02_task-MotorImageryRest_run-02_eeg.vhdr	4bd9065727d92ab0dd7f13aa5cb697f8f71d7ff0b4e168871b2e47441743bf3c	2012	/workspace/few-shot-mi-eeg/data/netbci2026/nm000305/v1.0.0/sourcedata/sub-02/ses-02/eeg/sub-02_ses-02_task-MotorImageryRest_run-02_eeg.vhdr	4bd9065727d92ab0dd7f13aa5cb697f8f71d7ff0b4e168871b2e47441743bf3c	True	250.0	74	"{""\u00b5V"": 74}"	"{"""": 74}"	blank header fields do not establish acquisition reference	True	250.0	False	False
sub-2	sub-02	02	03	sub-02/ses-02/eeg/sub-02_ses-02_task-MotorImageryRest_run-03_eeg.vhdr	8d4ef96e6a258a71eabe2151a31a898a74d3e3ff8d9b5089d472f7ba5b1c1f5b	2012	/workspace/few-shot-mi-eeg/data/netbci2026/nm000305/v1.0.0/sourcedata/sub-02/ses-02/eeg/sub-02_ses-02_task-MotorImageryRest_run-03_eeg.vhdr	8d4ef96e6a258a71eabe2151a31a898a74d3e3ff8d9b5089d472f7ba5b1c1f5b	True	250.0	74	"{""\u00b5V"": 74}"	"{"""": 74}"	blank header fields do not establish acquisition reference	True	250.0	False	False
sub-2	sub-02	02	04	sub-02/ses-02/eeg/sub-02_ses-02_task-MotorImageryRest_run-04_eeg.vhdr	d10e457c6fce0202fbacaba8bc6bd74efe8dc860a5dec9daa74ff4e049a0bfa0	2012	/workspace/few-shot-mi-eeg/data/netbci2026/nm000305/v1.0.0/sourcedata/sub-02/ses-02/eeg/sub-02_ses-02_task-MotorImageryRest_run-04_eeg.vhdr	d10e457c6fce0202fbacaba8bc6bd74efe8dc860a5dec9daa74ff4e049a0bfa0	True	250.0	74	"{""\u00b5V"": 74}"	"{"""": 74}"	blank header fields do not establish acquisition reference	True	250.0	False	False
sub-2	sub-02	02	05	sub-02/ses-02/eeg/sub-02_ses-02_task-MotorImageryRest_run-05_eeg.vhdr	254b9895ad5e50f0a2d2c14fe8e05051f13b779cebde4f525fe13435df58835f	2012	/workspace/few-shot-mi-eeg/data/netbci2026/nm000305/v1.0.0/sourcedata/sub-02/ses-02/eeg/sub-02_ses-02_task-MotorImageryRest_run-05_eeg.vhdr	254b9895ad5e50f0a2d2c14fe8e05051f13b779cebde4f525fe13435df58835f	True	250.0	74	"{""\u00b5V"": 74}"	"{"""": 74}"	blank header fields do not establish acquisition reference	True	250.0	False	False
sub-2	sub-02	02	06	sub-02/ses-02/eeg/sub-02_ses-02_task-MotorImageryRest_run-06_eeg.vhdr	3c429f992582802abd10008fddc9599debfe802dc94f301abc0bf99984d3b9b0	2012	/workspace/few-shot-mi-eeg/data/netbci2026/nm000305/v1.0.0/sourcedata/sub-02/ses-02/eeg/sub-02_ses-02_task-MotorImageryRest_run-06_eeg.vhdr	3c429f992582802abd10008fddc9599debfe802dc94f301abc0bf99984d3b9b0	True	250.0	74	"{""\u00b5V"": 74}"	"{"""": 74}"	blank header fields do not establish acquisition reference	True	250.0	False	False
sub-2	sub-02	03	01	sub-02/ses-03/eeg/sub-02_ses-03_task-MotorImageryRest_run-01_eeg.vhdr	dd35390b647db741422cbe325a6bd3925377bb0d0e2ccbd6ab283063599fe933	2012	/workspace/few-shot-mi-eeg/data/netbci2026/nm000305/v1.0.0/sourcedata/sub-02/ses-03/eeg/sub-02_ses-03_task-MotorImageryRest_run-01_eeg.vhdr	dd35390b647db741422cbe325a6bd3925377bb0d0e2ccbd6ab283063599fe933	True	250.0	74	"{""\u00b5V"": 74}"	"{"""": 74}"	blank header fields do not establish acquisition reference	True	250.0	False	False
sub-2	sub-02	03	02	sub-02/ses-03/eeg/sub-02_ses-03_task-MotorImageryRest_run-02_eeg.vhdr	d8a1068c704889517d1d919138a75721e1e5f841e441b53297881871078cc60a	2012	/workspace/few-shot-mi-eeg/data/netbci2026/nm000305/v1.0.0/sourcedata/sub-02/ses-03/eeg/sub-02_ses-03_task-MotorImageryRest_run-02_eeg.vhdr	d8a1068c704889517d1d919138a75721e1e5f841e441b53297881871078cc60a	True	250.0	74	"{""\u00b5V"": 74}"	"{"""": 74}"	blank header fields do not establish acquisition reference	True	250.0	False	False
sub-2	sub-02	03	03	sub-02/ses-03/eeg/sub-02_ses-03_task-MotorImageryRest_run-03_eeg.vhdr	6ad0514e46d3f33e76a993692ac19d505dd60702fd85a2d75a4b666133d763a9	2012	/workspace/few-shot-mi-eeg/data/netbci2026/nm000305/v1.0.0/sourcedata/sub-02/ses-03/eeg/sub-02_ses-03_task-MotorImageryRest_run-03_eeg.vhdr	6ad0514e46d3f33e76a993692ac19d505dd60702fd85a2d75a4b666133d763a9	True	250.0	74	"{""\u00b5V"": 74}"	"{"""": 74}"	blank header fields do not establish acquisition reference	True	250.0	False	False
sub-2	sub-02	03	04	sub-02/ses-03/eeg/sub-02_ses-03_task-MotorImageryRest_run-04_eeg.vhdr	4f356aaef78c90ca11cfa1a2dc0aa03c6cb3a94f4be52cc7b72e3d4bc3d9498b	2012	/workspace/few-shot-mi-eeg/data/netbci2026/nm000305/v1.0.0/sourcedata/sub-02/ses-03/eeg/sub-02_ses-03_task-MotorImageryRest_run-04_eeg.vhdr	4f356aaef78c90ca11cfa1a2dc0aa03c6cb3a94f4be52cc7b72e3d4bc3d9498b	True	250.0	74	"{""\u00b5V"": 74}"	"{"""": 74}"	blank header fields do not establish acquisition reference	True	250.0	False	False
sub-2	sub-02	03	05	sub-02/ses-03/eeg/sub-02_ses-03_task-MotorImageryRest_run-05_eeg.vhdr	e93b0bc0d37854bc8f8e35d9c77a41c104a65cc0dc21e72c8b3af8720482a9d6	2012	/workspace/few-shot-mi-eeg/data/netbci2026/nm000305/v1.0.0/sourcedata/sub-02/ses-03/eeg/sub-02_ses-03_task-MotorImageryRest_run-05_eeg.vhdr	e93b0bc0d37854bc8f8e35d9c77a41c104a65cc0dc21e72c8b3af8720482a9d6	True	250.0	74	"{""\u00b5V"": 74}"	"{"""": 74}"	blank header fields do not establish acquisition reference	True	250.0	False	False
sub-2	sub-02	03	06	sub-02/ses-03/eeg/sub-02_ses-03_task-MotorImageryRest_run-06_eeg.vhdr	85149d2b70e760f271d7cffc0aa18e92cd4d6e87fc51379beaa0abd8209db4cb	2012	/workspace/few-shot-mi-eeg/data/netbci2026/nm000305/v1.0.0/sourcedata/sub-02/ses-03/eeg/sub-02_ses-03_task-MotorImageryRest_run-06_eeg.vhdr	85149d2b70e760f271d7cffc0aa18e92cd4d6e87fc51379beaa0abd8209db4cb	True	250.0	74	"{""\u00b5V"": 74}"	"{"""": 74}"	blank header fields do not establish acquisition reference	True	250.0	False	False
sub-2	sub-02	04	01	sub-02/ses-04/eeg/sub-02_ses-04_task-MotorImageryRest_run-01_eeg.vhdr	61bbd1f08d641cab8b85ecda3c02248b810e71877e39276eea731715a2b80e85	2012	/workspace/few-shot-mi-eeg/data/netbci2026/nm000305/v1.0.0/sourcedata/sub-02/ses-04/eeg/sub-02_ses-04_task-MotorImageryRest_run-01_eeg.vhdr	61bbd1f08d641cab8b85ecda3c02248b810e71877e39276eea731715a2b80e85	True	250.0	74	"{""\u00b5V"": 74}"	"{"""": 74}"	blank header fields do not establish acquisition reference	True	250.0	False	False
sub-2	sub-02	04	02	sub-02/ses-04/eeg/sub-02_ses-04_task-MotorImageryRest_run-02_eeg.vhdr	27ff88d9f946cac05181dacebeafbe0c28a04c520190e9eeed41ba19fd1cee69	2012	/workspace/few-shot-mi-eeg/data/netbci2026/nm000305/v1.0.0/sourcedata/sub-02/ses-04/eeg/sub-02_ses-04_task-MotorImageryRest_run-02_eeg.vhdr	27ff88d9f946cac05181dacebeafbe0c28a04c520190e9eeed41ba19fd1cee69	True	250.0	74	"{""\u00b5V"": 74}"	"{"""": 74}"	blank header fields do not establish acquisition reference	True	250.0	False	False
sub-2	sub-02	04	03	sub-02/ses-04/eeg/sub-02_ses-04_task-MotorImageryRest_run-03_eeg.vhdr	c0570b98ed24d9c6993c0fa3ad713a1b8a9d2cdfb2470b09909e92cba0e47fae	2012	/workspace/few-shot-mi-eeg/data/netbci2026/nm000305/v1.0.0/sourcedata/sub-02/ses-04/eeg/sub-02_ses-04_task-MotorImageryRest_run-03_eeg.vhdr	c0570b98ed24d9c6993c0fa3ad713a1b8a9d2cdfb2470b09909e92cba0e47fae	True	250.0	74	"{""\u00b5V"": 74}"	"{"""": 74}"	blank header fields do not establish acquisition reference	True	250.0	False	False
sub-2	sub-02	04	04	sub-02/ses-04/eeg/sub-02_ses-04_task-MotorImageryRest_run-04_eeg.vhdr	99b5b40d0a605da2d408ace3e5dea267acf957b2a39a42921269d5b109145f7c	2012	/workspace/few-shot-mi-eeg/data/netbci2026/nm000305/v1.0.0/sourcedata/sub-02/ses-04/eeg/sub-02_ses-04_task-MotorImageryRest_run-04_eeg.vhdr	99b5b40d0a605da2d408ace3e5dea267acf957b2a39a42921269d5b109145f7c	True	250.0	74	"{""\u00b5V"": 74}"	"{"""": 74}"	blank header fields do not establish acquisition reference	True	250.0	False	False
sub-2	sub-02	04	05	sub-02/ses-04/eeg/sub-02_ses-04_task-MotorImageryRest_run-05_eeg.vhdr	06bc9a6b69e221bf0b095f42f4bf4c1cae3b6078f19a32f709788f1c3f5770f4	2012	/workspace/few-shot-mi-eeg/data/netbci2026/nm000305/v1.0.0/sourcedata/sub-02/ses-04/eeg/sub-02_ses-04_task-MotorImageryRest_run-05_eeg.vhdr	06bc9a6b69e221bf0b095f42f4bf4c1cae3b6078f19a32f709788f1c3f5770f4	True	250.0	74	"{""\u00b5V"": 74}"	"{"""": 74}"	blank header fields do not establish acquisition reference	True	250.0	False	False
sub-2	sub-02	04	06	sub-02/ses-04/eeg/sub-02_ses-04_task-MotorImageryRest_run-06_eeg.vhdr	1e6e714b2cc329a7273abb74567058ca7335076ccabf9aa8b2804eeb4e56bbd3	2012	/workspace/few-shot-mi-eeg/data/netbci2026/nm000305/v1.0.0/sourcedata/sub-02/ses-04/eeg/sub-02_ses-04_task-MotorImageryRest_run-06_eeg.vhdr	1e6e714b2cc329a7273abb74567058ca7335076ccabf9aa8b2804eeb4e56bbd3	True	250.0	74	"{""\u00b5V"": 74}"	"{"""": 74}"	blank header fields do not establish acquisition reference	True	250.0	False	False
