session	label	band	CAR_V2	source_reference_V2	CAR_to_source_reference_ratio
01	rest	mu	3.269130950945001e-12	9.921953956980598e-12	0.329484591958321
01	rest	beta	1.8267401361437393e-12	5.5465270634348265e-12	0.329348458098478
01	right_hand	mu	2.7354757071645707e-12	8.937356395423965e-12	0.3060721298487288
01	right_hand	beta	1.633863344083654e-12	5.54156429859495e-12	0.29483792951710697
02	rest	mu	5.099130804267006e-12	1.8566223426197086e-11	0.2746455586154421
02	rest	beta	2.0308121920872246e-12	6.41624937823381e-12	0.3165107950723453
02	right_hand	mu	4.0041157749884535e-12	1.4350417985448941e-11	0.2790243307929116
02	right_hand	beta	1.6801541965932975e-12	5.656215110949274e-12	0.2970456681077887
03	rest	mu	5.793770062152417e-12	1.7674333941813172e-11	0.32780698165070693
03	rest	beta	2.323406000121374e-12	5.862055140752368e-12	0.3963466641535507
03	right_hand	mu	3.826580268764899e-12	1.106637825504985e-11	0.34578433707692396
03	right_hand	beta	1.7851509697370006e-12	4.7719689197261905e-12	0.37409107221080357
04	rest	mu	6.482492172883036e-12	2.0175680588951513e-11	0.32130227995544997
04	rest	beta	2.2752286019246346e-12	6.507328305378248e-12	0.34964097324614446
04	right_hand	mu	3.830075266346898e-12	1.032822937552653e-11	0.37083561248383307
04	right_hand	beta	1.83948782796967e-12	5.492178736038887e-12	0.33492861692559556
