subject	variant	repetition	session	band	n_matched	MI_minus_rest_log_power_dB	interpretation
sub-10	all_six_runs	0	01	mu	144	0.4277429332075222	task_window_contrast_not_baseline_ERD
sub-10	all_six_runs	0	01	beta	144	0.07367169316429667	task_window_contrast_not_baseline_ERD
sub-10	all_six_runs	0	02	mu	144	-1.662127647522631	task_window_contrast_not_baseline_ERD
sub-10	all_six_runs	0	02	beta	144	-0.6346695882332476	task_window_contrast_not_baseline_ERD
sub-10	all_six_runs	0	03	mu	144	-0.6973196902768564	task_window_contrast_not_baseline_ERD
sub-10	all_six_runs	0	03	beta	144	-0.12453991481830684	task_window_contrast_not_baseline_ERD
sub-10	all_six_runs	0	04	mu	144	-1.0804176452805159	task_window_contrast_not_baseline_ERD
sub-10	all_six_runs	0	04	beta	144	-0.39734439778266406	task_window_contrast_not_baseline_ERD
sub-10	all_six_runs	1	01	mu	144	0.6134311497699052	task_window_contrast_not_baseline_ERD
sub-10	all_six_runs	1	01	beta	144	0.04297107682239343	task_window_contrast_not_baseline_ERD
sub-10	all_six_runs	1	02	mu	144	-1.4469716738727278	task_window_contrast_not_baseline_ERD
sub-10	all_six_runs	1	02	beta	144	-0.4001157894127694	task_window_contrast_not_baseline_ERD
sub-10	all_six_runs	1	03	mu	144	-0.6746955099403174	task_window_contrast_not_baseline_ERD
sub-10	all_six_runs	1	03	beta	144	-0.2044869596781851	task_window_contrast_not_baseline_ERD
sub-10	all_six_runs	1	04	mu	144	-1.2674935484182903	task_window_contrast_not_baseline_ERD
sub-10	all_six_runs	1	04	beta	144	-0.46093344437201367	task_window_contrast_not_baseline_ERD
sub-10	all_six_runs	2	01	mu	144	0.6333165115835904	task_window_contrast_not_baseline_ERD
sub-10	all_six_runs	2	01	beta	144	0.07823983605096174	task_window_contrast_not_baseline_ERD
sub-10	all_six_runs	2	02	mu	144	-1.9136341350514563	task_window_contrast_not_baseline_ERD
sub-10	all_six_runs	2	02	beta	144	-0.995246099408682	task_window_contrast_not_baseline_ERD
sub-10	all_six_runs	2	03	mu	144	-0.9143467907064284	task_window_contrast_not_baseline_ERD
sub-10	all_six_runs	2	03	beta	144	-0.2610822583914185	task_window_contrast_not_baseline_ERD
sub-10	all_six_runs	2	04	mu	144	-1.252204566703714	task_window_contrast_not_baseline_ERD
sub-10	all_six_runs	2	04	beta	144	-0.32566793649879244	task_window_contrast_not_baseline_ERD
sub-10	all_six_runs	3	01	mu	144	0.6173274178491184	task_window_contrast_not_baseline_ERD
sub-10	all_six_runs	3	01	beta	144	0.11616568166102681	task_window_contrast_not_baseline_ERD
sub-10	all_six_runs	3	02	mu	144	-1.7540499830472633	task_window_contrast_not_baseline_ERD
sub-10	all_six_runs	3	02	beta	144	-0.7368731014488894	task_window_contrast_not_baseline_ERD
sub-10	all_six_runs	3	03	mu	144	-0.7006288693815499	task_window_contrast_not_baseline_ERD
sub-10	all_six_runs	3	03	beta	144	-0.32100892767722655	task_window_contrast_not_baseline_ERD
sub-10	all_six_runs	3	04	mu	144	-1.1167676492704892	task_window_contrast_not_baseline_ERD
sub-10	all_six_runs	3	04	beta	144	-0.4089973521717205	task_window_contrast_not_baseline_ERD
sub-10	all_six_runs	4	01	mu	144	0.599196457374962	task_window_contrast_not_baseline_ERD
sub-10	all_six_runs	4	01	beta	144	0.07208151878305813	task_window_contrast_not_baseline_ERD
sub-10	all_six_runs	4	02	mu	144	-1.5451706147889155	task_window_contrast_not_baseline_ERD
sub-10	all_six_runs	4	02	beta	144	-0.7106200933332651	task_window_contrast_not_baseline_ERD
sub-10	all_six_runs	4	03	mu	144	-0.8350780772078714	task_window_contrast_not_baseline_ERD
sub-10	all_six_runs	4	03	beta	144	-0.25988931752333855	task_window_contrast_not_baseline_ERD
sub-10	all_six_runs	4	04	mu	144	-1.1176649252974258	task_window_contrast_not_baseline_ERD
sub-10	all_six_runs	4	04	beta	144	-0.3292970971971698	task_window_contrast_not_baseline_ERD
sub-10	all_six_runs	5	01	mu	144	0.348959530268349	task_window_contrast_not_baseline_ERD
sub-10	all_six_runs	5	01	beta	144	0.1440930724880296	task_window_contrast_not_baseline_ERD
sub-10	all_six_runs	5	02	mu	144	-1.8308636560562341	task_window_contrast_not_baseline_ERD
sub-10	all_six_runs	5	02	beta	144	-0.9576896960761694	task_window_contrast_not_baseline_ERD
sub-10	all_six_runs	5	03	mu	144	-0.8243958690068887	task_window_contrast_not_baseline_ERD
sub-10	all_six_runs	5	03	beta	144	-0.26792434882239036	task_window_contrast_not_baseline_ERD
sub-10	all_six_runs	5	04	mu	144	-0.8299650748610965	task_window_contrast_not_baseline_ERD
sub-10	all_six_runs	5	04	beta	144	-0.0842544321385752	task_window_contrast_not_baseline_ERD
sub-10	all_six_runs	6	01	mu	144	0.5400388634504161	task_window_contrast_not_baseline_ERD
sub-10	all_six_runs	6	01	beta	144	0.1328508954056673	task_window_contrast_not_baseline_ERD
sub-10	all_six_runs	6	02	mu	144	-1.8346454788609812	task_window_contrast_not_baseline_ERD
sub-10	all_six_runs	6	02	beta	144	-0.9029484161452395	task_window_contrast_not_baseline_ERD
sub-10	all_six_runs	6	03	mu	144	-0.9242664300985659	task_window_contrast_not_baseline_ERD
sub-10	all_six_runs	6	03	beta	144	-0.3580131317991686	task_window_contrast_not_baseline_ERD
sub-10	all_six_runs	6	04	mu	144	-1.2062304520093292	task_window_contrast_not_baseline_ERD
sub-10	all_six_runs	6	04	beta	144	-0.4819890712323449	task_window_contrast_not_baseline_ERD
sub-10	all_six_runs	7	01	mu	144	0.7302748169501072	task_window_contrast_not_baseline_ERD
sub-10	all_six_runs	7	01	beta	144	0.0928835514485371	task_window_contrast_not_baseline_ERD
sub-10	all_six_runs	7	02	mu	144	-1.4686381907254642	task_window_contrast_not_baseline_ERD
sub-10	all_six_runs	7	02	beta	144	-0.5961729957401829	task_window_contrast_not_baseline_ERD
sub-10	all_six_runs	7	03	mu	144	-0.9979086426000094	task_window_contrast_not_baseline_ERD
sub-10	all_six_runs	7	03	beta	144	-0.251796563893798	task_window_contrast_not_baseline_ERD
sub-10	all_six_runs	7	04	mu	144	-1.1228457249752566	task_window_contrast_not_baseline_ERD
sub-10	all_six_runs	7	04	beta	144	-0.43521876688885186	task_window_contrast_not_baseline_ERD
sub-10	all_six_runs	8	01	mu	144	0.5585054526316213	task_window_contrast_not_baseline_ERD
sub-10	all_six_runs	8	01	beta	144	0.16283613664468177	task_window_contrast_not_baseline_ERD
sub-10	all_six_runs	8	02	mu	144	-1.6377183541853846	task_window_contrast_not_baseline_ERD
sub-10	all_six_runs	8	02	beta	144	-0.8678817782276482	task_window_contrast_not_baseline_ERD
sub-10	all_six_runs	8	03	mu	144	-0.9313903271288382	task_window_contrast_not_baseline_ERD
sub-10	all_six_runs	8	03	beta	144	-0.32895548654998663	task_window_contrast_not_baseline_ERD
sub-10	all_six_runs	8	04	mu	144	-1.0431648106304081	task_window_contrast_not_baseline_ERD
sub-10	all_six_runs	8	04	beta	144	-0.3791063711727283	task_window_contrast_not_baseline_ERD
sub-10	all_six_runs	9	01	mu	144	0.5753930966204734	task_window_contrast_not_baseline_ERD
sub-10	all_six_runs	9	01	beta	144	0.08668420947701705	task_window_contrast_not_baseline_ERD
sub-10	all_six_runs	9	02	mu	144	-1.4287756260597106	task_window_contrast_not_baseline_ERD
sub-10	all_six_runs	9	02	beta	144	-0.6197865945812175	task_window_contrast_not_baseline_ERD
sub-10	all_six_runs	9	03	mu	144	-0.7419184817429958	task_window_contrast_not_baseline_ERD
sub-10	all_six_runs	9	03	beta	144	-0.2381730865379872	task_window_contrast_not_baseline_ERD
sub-10	all_six_runs	9	04	mu	144	-1.3220570292280343	task_window_contrast_not_baseline_ERD
sub-10	all_six_runs	9	04	beta	144	-0.4940507714303344	task_window_contrast_not_baseline_ERD
sub-10	qc_common_four_runs	0	01	mu	96	0.409739610423383	task_window_contrast_not_baseline_ERD
sub-10	qc_common_four_runs	0	01	beta	96	-0.0017646450216979304	task_window_contrast_not_baseline_ERD
sub-10	qc_common_four_runs	0	02	mu	96	-1.6174235950845883	task_window_contrast_not_baseline_ERD
sub-10	qc_common_four_runs	0	02	beta	96	-0.7002033153252007	task_window_contrast_not_baseline_ERD
sub-10	qc_common_four_runs	0	03	mu	96	-0.7672815258364096	task_window_contrast_not_baseline_ERD
sub-10	qc_common_four_runs	0	03	beta	96	-0.18042981209257292	task_window_contrast_not_baseline_ERD
sub-10	qc_common_four_runs	0	04	mu	96	-1.0670390603571356	task_window_contrast_not_baseline_ERD
sub-10	qc_common_four_runs	0	04	beta	96	-0.5142419400914378	task_window_contrast_not_baseline_ERD
sub-10	qc_common_four_runs	1	01	mu	96	0.25768686240549954	task_window_contrast_not_baseline_ERD
sub-10	qc_common_four_runs	1	01	beta	96	-0.04737977667588211	task_window_contrast_not_baseline_ERD
sub-10	qc_common_four_runs	1	02	mu	96	-1.5747007887061315	task_window_contrast_not_baseline_ERD
sub-10	qc_common_four_runs	1	02	beta	96	-0.6868101336238652	task_window_contrast_not_baseline_ERD
sub-10	qc_common_four_runs	1	03	mu	96	-0.6169795087356356	task_window_contrast_not_baseline_ERD
sub-10	qc_common_four_runs	1	03	beta	96	-0.1624616527545264	task_window_contrast_not_baseline_ERD
sub-10	qc_common_four_runs	1	04	mu	96	-1.1115327930860985	task_window_contrast_not_baseline_ERD
sub-10	qc_common_four_runs	1	04	beta	96	-0.47432182011961643	task_window_contrast_not_baseline_ERD
sub-10	qc_common_four_runs	2	01	mu	96	0.3985888030386242	task_window_contrast_not_baseline_ERD
sub-10	qc_common_four_runs	2	01	beta	96	-0.06933131726041708	task_window_contrast_not_baseline_ERD
sub-10	qc_common_four_runs	2	02	mu	96	-1.6580567873439733	task_window_contrast_not_baseline_ERD
sub-10	qc_common_four_runs	2	02	beta	96	-0.7742249233604959	task_window_contrast_not_baseline_ERD
sub-10	qc_common_four_runs	2	03	mu	96	-0.9427256780705306	task_window_contrast_not_baseline_ERD
sub-10	qc_common_four_runs	2	03	beta	96	-0.31665880191672713	task_window_contrast_not_baseline_ERD
sub-10	qc_common_four_runs	2	04	mu	96	-1.1841561158200165	task_window_contrast_not_baseline_ERD
sub-10	qc_common_four_runs	2	04	beta	96	-0.487648303760011	task_window_contrast_not_baseline_ERD
sub-10	qc_common_four_runs	3	01	mu	96	0.34203282220861553	task_window_contrast_not_baseline_ERD
sub-10	qc_common_four_runs	3	01	beta	96	0.14766750623428138	task_window_contrast_not_baseline_ERD
sub-10	qc_common_four_runs	3	02	mu	96	-1.7222959951505423	task_window_contrast_not_baseline_ERD
sub-10	qc_common_four_runs	3	02	beta	96	-0.7520705617309886	task_window_contrast_not_baseline_ERD
sub-10	qc_common_four_runs	3	03	mu	96	-0.840012312362397	task_window_contrast_not_baseline_ERD
sub-10	qc_common_four_runs	3	03	beta	96	-0.29337321941616423	task_window_contrast_not_baseline_ERD
sub-10	qc_common_four_runs	3	04	mu	96	-1.028848913381637	task_window_contrast_not_baseline_ERD
sub-10	qc_common_four_runs	3	04	beta	96	-0.5382140502352506	task_window_contrast_not_baseline_ERD
sub-10	qc_common_four_runs	4	01	mu	96	0.2810559670322732	task_window_contrast_not_baseline_ERD
sub-10	qc_common_four_runs	4	01	beta	96	0.07004207199624801	task_window_contrast_not_baseline_ERD
sub-10	qc_common_four_runs	4	02	mu	96	-1.5602682539347512	task_window_contrast_not_baseline_ERD
sub-10	qc_common_four_runs	4	02	beta	96	-0.7877876924765559	task_window_contrast_not_baseline_ERD
sub-10	qc_common_four_runs	4	03	mu	96	-0.6080253908947597	task_window_contrast_not_baseline_ERD
sub-10	qc_common_four_runs	4	03	beta	96	-0.18683858279240795	task_window_contrast_not_baseline_ERD
sub-10	qc_common_four_runs	4	04	mu	96	-1.207099224691035	task_window_contrast_not_baseline_ERD
sub-10	qc_common_four_runs	4	04	beta	96	-0.5494724641460813	task_window_contrast_not_baseline_ERD
sub-10	qc_common_four_runs	5	01	mu	96	0.2620491663238589	task_window_contrast_not_baseline_ERD
sub-10	qc_common_four_runs	5	01	beta	96	0.16945354206853835	task_window_contrast_not_baseline_ERD
sub-10	qc_common_four_runs	5	02	mu	96	-1.50017617353301	task_window_contrast_not_baseline_ERD
sub-10	qc_common_four_runs	5	02	beta	96	-0.7870348028663443	task_window_contrast_not_baseline_ERD
sub-10	qc_common_four_runs	5	03	mu	96	-0.6500210517060445	task_window_contrast_not_baseline_ERD
sub-10	qc_common_four_runs	5	03	beta	96	-0.3073105060626702	task_window_contrast_not_baseline_ERD
sub-10	qc_common_four_runs	5	04	mu	96	-0.7473702329841814	task_window_contrast_not_baseline_ERD
sub-10	qc_common_four_runs	5	04	beta	96	-0.20129043163430893	task_window_contrast_not_baseline_ERD
sub-10	qc_common_four_runs	6	01	mu	96	0.16467971825116834	task_window_contrast_not_baseline_ERD
sub-10	qc_common_four_runs	6	01	beta	96	-0.006015520629176763	task_window_contrast_not_baseline_ERD
sub-10	qc_common_four_runs	6	02	mu	96	-1.6582693070285792	task_window_contrast_not_baseline_ERD
sub-10	qc_common_four_runs	6	02	beta	96	-0.625579423219289	task_window_contrast_not_baseline_ERD
sub-10	qc_common_four_runs	6	03	mu	96	-0.8624694041321135	task_window_contrast_not_baseline_ERD
sub-10	qc_common_four_runs	6	03	beta	96	-0.29838628836037273	task_window_contrast_not_baseline_ERD
sub-10	qc_common_four_runs	6	04	mu	96	-1.2166219708740833	task_window_contrast_not_baseline_ERD
sub-10	qc_common_four_runs	6	04	beta	96	-0.6411497001352195	task_window_contrast_not_baseline_ERD
sub-10	qc_common_four_runs	7	01	mu	96	0.29713781446014664	task_window_contrast_not_baseline_ERD
sub-10	qc_common_four_runs	7	01	beta	96	0.10381281759954675	task_window_contrast_not_baseline_ERD
sub-10	qc_common_four_runs	7	02	mu	96	-1.724709155402735	task_window_contrast_not_baseline_ERD
sub-10	qc_common_four_runs	7	02	beta	96	-0.7247479524087908	task_window_contrast_not_baseline_ERD
sub-10	qc_common_four_runs	7	03	mu	96	-0.6799269793877549	task_window_contrast_not_baseline_ERD
sub-10	qc_common_four_runs	7	03	beta	96	-0.10362502208392854	task_window_contrast_not_baseline_ERD
sub-10	qc_common_four_runs	7	04	mu	96	-1.1226448905702568	task_window_contrast_not_baseline_ERD
sub-10	qc_common_four_runs	7	04	beta	96	-0.6444514834392479	task_window_contrast_not_baseline_ERD
sub-10	qc_common_four_runs	8	01	mu	96	0.2751943776414656	task_window_contrast_not_baseline_ERD
sub-10	qc_common_four_runs	8	01	beta	96	0.01162937356921745	task_window_contrast_not_baseline_ERD
sub-10	qc_common_four_runs	8	02	mu	96	-1.2856695296895992	task_window_contrast_not_baseline_ERD
sub-10	qc_common_four_runs	8	02	beta	96	-0.22548673956846343	task_window_contrast_not_baseline_ERD
sub-10	qc_common_four_runs	8	03	mu	96	-0.7970770545590433	task_window_contrast_not_baseline_ERD
sub-10	qc_common_four_runs	8	03	beta	96	-0.3964187017487042	task_window_contrast_not_baseline_ERD
sub-10	qc_common_four_runs	8	04	mu	96	-0.9611548459382746	task_window_contrast_not_baseline_ERD
sub-10	qc_common_four_runs	8	04	beta	96	-0.214172091241025	task_window_contrast_not_baseline_ERD
sub-10	qc_common_four_runs	9	01	mu	96	0.09409494847849587	task_window_contrast_not_baseline_ERD
sub-10	qc_common_four_runs	9	01	beta	96	0.025598981724606062	task_window_contrast_not_baseline_ERD
sub-10	qc_common_four_runs	9	02	mu	96	-0.9652007673007823	task_window_contrast_not_baseline_ERD
sub-10	qc_common_four_runs	9	02	beta	96	-0.2676108280134315	task_window_contrast_not_baseline_ERD
sub-10	qc_common_four_runs	9	03	mu	96	-0.5315855370885636	task_window_contrast_not_baseline_ERD
sub-10	qc_common_four_runs	9	03	beta	96	-0.1373972835104098	task_window_contrast_not_baseline_ERD
sub-10	qc_common_four_runs	9	04	mu	96	-1.08294398291779	task_window_contrast_not_baseline_ERD
sub-10	qc_common_four_runs	9	04	beta	96	-0.5798027560053853	task_window_contrast_not_baseline_ERD
