metric	session	n_requested_subjects	n_available_subjects	mean	median	subject_bootstrap_CI95_low	subject_bootstrap_CI95_high	unavailable_subjects	CI_scope	variant
AIRM_to_session01	01	10	10	5.222804361252443e-14	4.975953746223472e-14	4.274619935419902e-14	6.193349971024273e-14		participant-resampling conditional on first-ten-ID sample; not causal	all_six_runs
AIRM_to_session01	02	10	10	5.568913241524556	5.975808521617152	3.933754759461941	7.003433712518001		participant-resampling conditional on first-ten-ID sample; not causal	all_six_runs
AIRM_to_session01	03	10	10	7.221810141289708	6.620995417728791	4.777494621372402	9.90642304136087		participant-resampling conditional on first-ten-ID sample; not causal	all_six_runs
AIRM_to_session01	04	10	10	7.471418161146294	7.812355414556762	6.218050941324968	8.625149339417748		participant-resampling conditional on first-ten-ID sample; not causal	all_six_runs
within_session_run_AIRM_mean	01	10	10	4.634795271988304	3.2401799441095283	3.0991936225754078	6.477185321747446		participant-resampling conditional on first-ten-ID sample; not causal	all_six_runs
within_session_run_AIRM_mean	02	10	10	4.100079702333316	3.081244850163354	2.8963041578881823	5.41775626193095		participant-resampling conditional on first-ten-ID sample; not causal	all_six_runs
within_session_run_AIRM_mean	03	10	10	2.937905970531122	3.301716411870796	2.208125787327083	3.564033922261072		participant-resampling conditional on first-ten-ID sample; not causal	all_six_runs
within_session_run_AIRM_mean	04	10	10	2.6911304700246554	2.497316331807977	2.1633071316223895	3.2557836625984935		participant-resampling conditional on first-ten-ID sample; not causal	all_six_runs
PCA_subspace_distance	01	10	10	4.572149883525664e-16	4.670050319788576e-16	4.3779342345478694e-16	4.737662714420608e-16		participant-resampling conditional on first-ten-ID sample; not causal	all_six_runs
PCA_subspace_distance	02	10	10	0.6054584287891257	0.6390853126697916	0.5167667765453261	0.6743080757497827		participant-resampling conditional on first-ten-ID sample; not causal	all_six_runs
PCA_subspace_distance	03	10	10	0.6228708842866858	0.6676562521770545	0.5318413396040738	0.6884835299236506		participant-resampling conditional on first-ten-ID sample; not causal	all_six_runs
PCA_subspace_distance	04	10	10	0.641865419001016	0.6538626670432082	0.6007032785885933	0.6847666747594404		participant-resampling conditional on first-ten-ID sample; not causal	all_six_runs
mu_MI_minus_rest_dB	01	10	10	-0.4614865376110707	-0.433083076852804	-0.9855601187493126	0.018398330844129743		participant-resampling conditional on first-ten-ID sample; not causal	all_six_runs
mu_MI_minus_rest_dB	02	10	10	-0.5538535416111154	-0.45863964151004843	-1.1354396676323544	0.02978165424792768		participant-resampling conditional on first-ten-ID sample; not causal	all_six_runs
mu_MI_minus_rest_dB	03	10	10	-0.7867711149538262	-0.6597709873292557	-1.2435777186846617	-0.37791968796332764		participant-resampling conditional on first-ten-ID sample; not causal	all_six_runs
mu_MI_minus_rest_dB	04	10	10	-0.8706748707541487	-0.6422338037396615	-1.5349476237563044	-0.2918515377661395		participant-resampling conditional on first-ten-ID sample; not causal	all_six_runs
beta_MI_minus_rest_dB	01	10	10	-0.3388016336845009	-0.3525167631920967	-0.6563515946712652	-0.02226347185725625		participant-resampling conditional on first-ten-ID sample; not causal	all_six_runs
beta_MI_minus_rest_dB	02	10	10	-0.3710477528470621	-0.4756245681832265	-0.6835805736758612	-0.03705269048449625		participant-resampling conditional on first-ten-ID sample; not causal	all_six_runs
beta_MI_minus_rest_dB	03	10	10	-0.43177407023305003	-0.3990804901637146	-0.8598397282607575	0.06405816378893416		participant-resampling conditional on first-ten-ID sample; not causal	all_six_runs
beta_MI_minus_rest_dB	04	10	10	-0.425243854490995	-0.510210508278834	-0.7828232767248157	-0.008347524198382495		participant-resampling conditional on first-ten-ID sample; not causal	all_six_runs
AIRM_to_session01	01	10	9	5.79825336475834e-14	6.245778923772905e-14	4.7022676297154426e-14	6.825653477887343e-14	sub-8	participant-resampling conditional on first-ten-ID sample; not causal	qc_common_four_runs
AIRM_to_session01	02	10	9	5.524589861676902	5.21646209776331	3.734131233398043	7.072161920047329	sub-8	participant-resampling conditional on first-ten-ID sample; not causal	qc_common_four_runs
AIRM_to_session01	03	10	9	7.263907808623259	6.932665903991966	4.526032082611471	10.14030886455729	sub-8	participant-resampling conditional on first-ten-ID sample; not causal	qc_common_four_runs
AIRM_to_session01	04	10	9	7.12085630071172	7.625123926966422	5.876564379000477	8.263103113487881	sub-8	participant-resampling conditional on first-ten-ID sample; not causal	qc_common_four_runs
within_session_run_AIRM_mean	01	10	9	3.478358304954807	2.4986526866238234	2.461101093828863	4.8604866223882865	sub-8	participant-resampling conditional on first-ten-ID sample; not causal	qc_common_four_runs
within_session_run_AIRM_mean	02	10	9	3.52381432932461	3.245710193758825	2.7100219167883473	4.413800693125501	sub-8	participant-resampling conditional on first-ten-ID sample; not causal	qc_common_four_runs
within_session_run_AIRM_mean	03	10	9	2.4587705895113467	2.6416625031593015	1.6702034666237908	3.2446624475553847	sub-8	participant-resampling conditional on first-ten-ID sample; not causal	qc_common_four_runs
within_session_run_AIRM_mean	04	10	9	2.499860210364727	2.0388332420702886	1.9294139235420638	3.1724644839602476	sub-8	participant-resampling conditional on first-ten-ID sample; not causal	qc_common_four_runs
PCA_subspace_distance	01	10	9	4.618360162961815e-16	4.683625868235912e-16	4.477066532039171e-16	4.748066885597156e-16	sub-8	participant-resampling conditional on first-ten-ID sample; not causal	qc_common_four_runs
PCA_subspace_distance	02	10	9	0.614221858874574	0.6334398394327396	0.5388466934377399	0.6738028247256238	sub-8	participant-resampling conditional on first-ten-ID sample; not causal	qc_common_four_runs
PCA_subspace_distance	03	10	9	0.6389529294742932	0.662288301691348	0.5642787001959135	0.6951997426574572	sub-8	participant-resampling conditional on first-ten-ID sample; not causal	qc_common_four_runs
PCA_subspace_distance	04	10	9	0.6628124179846859	0.6704520410211873	0.6238910339287437	0.6981880760894942	sub-8	participant-resampling conditional on first-ten-ID sample; not causal	qc_common_four_runs
mu_MI_minus_rest_dB	01	10	9	-0.48772643907637697	-0.560801201579638	-1.04964508310327	0.04326513707280921	sub-8	participant-resampling conditional on first-ten-ID sample; not causal	qc_common_four_runs
mu_MI_minus_rest_dB	02	10	9	-0.5804672085891917	-0.4733699507301541	-1.2454951680930477	0.08971519265862163	sub-8	participant-resampling conditional on first-ten-ID sample; not causal	qc_common_four_runs
mu_MI_minus_rest_dB	03	10	9	-0.839239090357759	-0.6889778229696368	-1.3374451478415206	-0.38754834480429834	sub-8	participant-resampling conditional on first-ten-ID sample; not causal	qc_common_four_runs
mu_MI_minus_rest_dB	04	10	9	-0.9568760093625678	-0.4785446745501414	-1.7299837431676504	-0.2930544549166609	sub-8	participant-resampling conditional on first-ten-ID sample; not causal	qc_common_four_runs
beta_MI_minus_rest_dB	01	10	9	-0.206717554017146	-0.2500709330783675	-0.49905996649486584	0.09523025071239677	sub-8	participant-resampling conditional on first-ten-ID sample; not causal	qc_common_four_runs
beta_MI_minus_rest_dB	02	10	9	-0.4321770988346167	-0.6331556372593425	-0.7123991014751497	-0.11725496351290504	sub-8	participant-resampling conditional on first-ten-ID sample; not causal	qc_common_four_runs
beta_MI_minus_rest_dB	03	10	9	-0.35817264649455677	-0.49071978386172077	-0.7239836392078567	0.07581228395977628	sub-8	participant-resampling conditional on first-ten-ID sample; not causal	qc_common_four_runs
beta_MI_minus_rest_dB	04	10	9	-0.4187392414073163	-0.5565913483058331	-0.817942078086733	0.11226294702176366	sub-8	participant-resampling conditional on first-ten-ID sample; not causal	qc_common_four_runs
