metric	session	n_requested_subjects	n_available_subjects	mean	median	subject_bootstrap_CI95_low	subject_bootstrap_CI95_high	unavailable_subjects	CI_scope
mean_run_hit_percent	01	10	10	54.53516666666667	53.33166666666666	49.38933333333334	60.34201249999999		participant-resampling conditional on first-ten-ID sample; not causal
mean_run_hit_percent	02	10	10	57.4485	54.49916666666667	50.72166666666666	66.26901666666664		participant-resampling conditional on first-ten-ID sample; not causal
mean_run_hit_percent	03	10	10	64.73116666666667	62.22333333333334	59.20616666666666	70.9058375		participant-resampling conditional on first-ten-ID sample; not causal
mean_run_hit_percent	04	10	10	68.80283333333333	65.0	62.51007083333332	75.901325		participant-resampling conditional on first-ten-ID sample; not causal
CSP_BA_percent	01	10	10	68.67590146459028	72.65625	59.655897177419355	77.36381714636633		participant-resampling conditional on first-ten-ID sample; not causal
CSP_BA_percent	02	10	10	63.64168278529981	60.07867907801419	56.338264627659576	72.0384630883301		participant-resampling conditional on first-ten-ID sample; not causal
CSP_BA_percent	03	10	10	60.432416267942585	57.250548245614034	52.28330592105264	70.29552556818182		participant-resampling conditional on first-ten-ID sample; not causal
CSP_BA_percent	04	10	10	56.103070175438596	50.0	50.23629385964912	62.604166666666664		participant-resampling conditional on first-ten-ID sample; not causal
mu_MI_minus_rest_dB	01	10	10	-0.47004107808740514	-0.4242707804053758	-0.9919699779044415	0.008612011042090924		participant-resampling conditional on first-ten-ID sample; not causal
mu_MI_minus_rest_dB	02	10	10	-0.571079878069428	-0.4218427291527149	-1.1520982704613978	0.010978617631169077		participant-resampling conditional on first-ten-ID sample; not causal
mu_MI_minus_rest_dB	03	10	10	-0.7854901166738362	-0.6626575800272327	-1.2422596801001333	-0.382499688673083		participant-resampling conditional on first-ten-ID sample; not causal
mu_MI_minus_rest_dB	04	10	10	-0.880437314236616	-0.6431618836483821	-1.551649596135628	-0.2993248764962943		participant-resampling conditional on first-ten-ID sample; not causal
beta_MI_minus_rest_dB	01	10	10	-0.3164299328351632	-0.3570282023037219	-0.6304683811667835	-0.008977681206922944		participant-resampling conditional on first-ten-ID sample; not causal
beta_MI_minus_rest_dB	02	10	10	-0.3762169114733549	-0.5174942971224539	-0.682327976162932	-0.04314135933652799		participant-resampling conditional on first-ten-ID sample; not causal
beta_MI_minus_rest_dB	03	10	10	-0.4432806734285233	-0.40379665658857533	-0.8599087140546852	0.035793913499189645		participant-resampling conditional on first-ten-ID sample; not causal
beta_MI_minus_rest_dB	04	10	10	-0.41429670950119757	-0.49757057272115546	-0.7740152168908704	0.005122730914641087		participant-resampling conditional on first-ten-ID sample; not causal
mu_rest_power_uV2	01	10	10	5.599628004626193	4.623752667498694	3.720220281584846	7.7480657355585345		participant-resampling conditional on first-ten-ID sample; not causal
mu_rest_power_uV2	02	10	10	5.836379735851158	4.818077994294637	3.8891144610956787	8.082194770986986		participant-resampling conditional on first-ten-ID sample; not causal
mu_rest_power_uV2	03	10	10	9.449369816446467	3.263549023733005	2.8583161490741626	21.03154482796482		participant-resampling conditional on first-ten-ID sample; not causal
mu_rest_power_uV2	04	10	10	5.91716022274568	3.8222040579480026	3.4766418974647837	8.749353513987572		participant-resampling conditional on first-ten-ID sample; not causal
mu_MI_power_uV2	01	10	10	4.791886936529638	4.055291381765349	3.209557083151304	6.763141438620461		participant-resampling conditional on first-ten-ID sample; not causal
mu_MI_power_uV2	02	10	10	4.172048328391122	3.9170955206676767	3.0644279485946666	5.350618730575094		participant-resampling conditional on first-ten-ID sample; not causal
mu_MI_power_uV2	03	10	10	8.35455086648145	2.920779665353282	2.31424403821879	19.009389418030427		participant-resampling conditional on first-ten-ID sample; not causal
mu_MI_power_uV2	04	10	10	4.811983950479403	3.08439495721032	2.5045038799712303	8.006210886802236		participant-resampling conditional on first-ten-ID sample; not causal
beta_rest_power_uV2	01	10	10	5.535240799079025	3.2178602514291583	2.9035535751942647	8.756672746242954		participant-resampling conditional on first-ten-ID sample; not causal
beta_rest_power_uV2	02	10	10	4.056676762813149	3.634729684309099	2.779156518240382	5.455809870932253		participant-resampling conditional on first-ten-ID sample; not causal
beta_rest_power_uV2	03	10	10	4.95231863907375	2.298759170130382	2.033274636951827	9.898559823997271		participant-resampling conditional on first-ten-ID sample; not causal
beta_rest_power_uV2	04	10	10	3.0525014829392028	3.0272367319261857	2.2979836213764333	3.925981322766337		participant-resampling conditional on first-ten-ID sample; not causal
beta_MI_power_uV2	01	10	10	5.10933814415942	3.0194289668077854	2.554474023293854	8.281430673571617		participant-resampling conditional on first-ten-ID sample; not causal
beta_MI_power_uV2	02	10	10	3.188790003993797	2.439593912740816	2.2829594790432908	4.178701343803862		participant-resampling conditional on first-ten-ID sample; not causal
beta_MI_power_uV2	03	10	10	4.630206973748624	1.8895607332944464	1.7815305374230128	9.49533400057689		participant-resampling conditional on first-ten-ID sample; not causal
beta_MI_power_uV2	04	10	10	2.7394227599025593	2.3386720958852263	1.9754049099974833	3.6088316860797574		participant-resampling conditional on first-ten-ID sample; not causal
