subject	session	variant	status	error	n_subsample_repetitions	n_matched_trials_per_repetition	AIRM_to_session01	within_session_run_AIRM_mean	PCA_subspace_distance	mu_MI_minus_rest_dB	beta_MI_minus_rest_dB
sub-1	01	all_six_runs	available		10	144	4.072636595960457e-14	3.3260128564106886	4.338122039433772e-16	-0.7986120497554836	-0.4700650614223747
sub-1	02	all_six_runs	available		10	144	6.693725953369994	5.674136524937621	0.6774444786595363	-1.0585989182490465	-0.8143236608628008
sub-1	03	all_six_runs	available		10	144	6.50140001423266	3.494632591226163	0.6622458569359659	-1.8510641509813865	-1.1617081065876018
sub-1	04	all_six_runs	available		10	144	8.720164040597037	1.7552237718771362	0.6691821013290288	-2.201067099943037	-0.9275097266602383
sub-1	01	qc_common_four_runs	available		10	96	4.020263563734382e-14	3.192164022678415	4.700005595808615e-16	-0.8316668224885504	-0.49412717572535314
sub-1	02	qc_common_four_runs	available		10	96	8.267662722256478	5.819951435469838	0.6749182749806379	-1.203311152903824	-0.9133899343954006
sub-1	03	qc_common_four_runs	available		10	96	8.374893199409318	1.2567279753403249	0.662288301691348	-1.8288605791511934	-1.0529561091585045
sub-1	04	qc_common_four_runs	available		10	96	8.475077770041342	2.0388332420702886	0.6886154031947657	-2.1210521616406552	-0.8248607236284293
sub-2	01	all_six_runs	available		10	144	6.827366344793765e-14	3.093406744370861	4.43641960974195e-16	-0.9026381522093452	-0.2915398934557363
sub-2	02	all_six_runs	available		10	144	5.2578910898643105	7.702696699953786	0.6196335379611746	-1.1266496787069062	-0.20904872110572192
sub-2	03	all_six_runs	available		10	144	16.707716308952676	0.34978550499676536	0.704002267751884	-0.37103277032380966	-0.10405548392240327
sub-2	04	all_six_runs	available		10	144	6.417588839638467	2.316220336979135	0.5905237055193002	-2.9946158817074213	-1.002734184583069
sub-2	01	qc_common_four_runs	available		10	96	7.269698956873197e-14	2.4986526866238234	4.47929826906071e-16	-1.0547810615419397	-0.18162302446829592
sub-2	02	qc_common_four_runs	available		10	96	4.91787633182385	3.4410338251098844	0.6522576810423584	-1.4910920079107175	-0.26077279883776683
sub-2	03	qc_common_four_runs	available		10	96	16.31903986897969	0.2505082225009492	0.7299033981081758	-0.5444387589611956	-0.17294720166858468
sub-2	04	qc_common_four_runs	available		10	96	6.067935846398507	1.8937555321971118	0.6296520272416124	-3.310620110516291	-1.0511750809842244
sub-3	01	all_six_runs	available		10	144	5.058996092184898e-14	11.334982393423648	3.8836131786564297e-16	-0.16561074251790586	-0.23249039480630707
sub-3	02	all_six_runs	available		10	144	7.426029840680632	7.326550852929236	0.6585370873784087	0.346116301728701	0.05817516551962676
sub-3	03	all_six_runs	available		10	144	10.25162341875035	3.488887952139879	0.6735417166178832	-0.37688372353559174	0.04351210879295131
sub-3	04	all_six_runs	available		10	144	9.032111684511907	2.6784123266368187	0.6405660475000147	-0.19096111304242136	-0.19063628755184148
sub-3	01	qc_common_four_runs	available		10	96	6.245778923772905e-14	8.356973178399318	4.827025703670566e-16	-0.2679292554999364	-0.257002045187269
sub-3	02	qc_common_four_runs	available		10	96	8.118088921382293	5.319187281675906	0.6334398394327396	0.39349620718134304	-0.02217518069670632
sub-3	03	qc_common_four_runs	available		10	96	10.460694595538598	3.093202634199283	0.6783664985906237	-0.3880641506070752	0.01170213773047557
sub-3	04	qc_common_four_runs	available		10	96	8.47525904325736	2.6942255121911582	0.6704520410211873	-0.26574892082051527	-0.23335913839089528
sub-4	01	all_six_runs	available		10	144	4.4643834012108766e-14	2.8650686059376533	4.853728205569368e-16	-0.3148906581306701	0.2553479301205517
sub-4	02	all_six_runs	available		10	144	4.471061389561851	2.4247704087430924	0.5552387683420201	-0.34139700702728426	0.6847656702168265
sub-4	03	all_six_runs	available		10	144	4.729735367340064	3.114544871601713	0.6164860114578785	-0.6405189980431665	1.3108028993097633
sub-4	04	all_six_runs	available		10	144	5.296781964692565	2.7009674258698704	0.586596650568177	-0.04285465567739877	1.026164729828242
sub-4	01	qc_common_four_runs	available		10	96	4.721782350865668e-14	2.241516064905544	4.785014585628946e-16	-0.560801201579638	0.4411018177698409
sub-4	02	qc_common_four_runs	available		10	96	4.517759474197048	2.4897812145615124	0.5698095945484363	-0.12455860400824648	0.493982450254002
sub-4	03	qc_common_four_runs	available		10	96	4.798750304514439	3.1596401895798083	0.6117323060292955	-0.6889778229696368	1.0655412373493718
sub-4	04	qc_common_four_runs	available		10	96	5.497228917687275	1.9148531021024855	0.6330185822753681	-0.05722006299908955	1.3789501343606396
sub-5	01	all_six_runs	available		10	144	6.763037245120248e-14	2.5158224656358015	4.689144280741617e-16	0.19297991953830795	0.5026464312699535
sub-5	02	all_six_runs	available		10	144	4.632820029686481	3.03885659762535	0.6626819034528257	0.17089305991695092	-0.08355755794138986
sub-5	03	all_six_runs	available		10	144	6.263845455954471	3.540506942853477	0.673066647418143	-1.0380968611276131	-0.3734468831970208
sub-5	04	all_six_runs	available		10	144	7.393707916410963	4.0382747150917355	0.6877720944772012	-1.1053574923925478	-0.6407350524691484
sub-5	01	qc_common_four_runs	available		10	96	6.486853899405934e-14	2.331582155882498	4.655748204398157e-16	0.1447233920277231	0.49352788431186667
sub-5	02	qc_common_four_runs	available		10	96	5.21646209776331	3.245710193758825	0.6926853898300263	0.19007325089316573	-0.14351683499158874
sub-5	03	qc_common_four_runs	available		10	96	6.644509595984533	2.6416625031593015	0.7067436014137786	-1.2643772796391524	-0.5466247705838683
sub-5	04	qc_common_four_runs	available		10	96	7.625123926966422	3.988472042433996	0.7263659849026276	-1.4222673079679424	-0.7953378056599512
sub-6	01	all_six_runs	available		10	144	8.114349695612375e-14	3.154347031808368	4.783842272715775e-16	0.7323224415049641	-0.4134936329284571
sub-6	02	all_six_runs	available		10	144	3.151216783905313	2.496362965054545	0.5963452462648863	1.1805720150276322	-0.8888510366399984
sub-6	03	all_six_runs	available		10	144	3.4765218168948673	3.008507211751412	0.6017354963928125	0.026396848157078878	-1.4328355173540501
sub-6	04	all_six_runs	available		10	144	3.160139602716378	1.9095280961217331	0.5871014819244035	-0.4173746333553101	-1.3382432376128328
sub-6	01	qc_common_four_runs	available		10	96	8.382484882660486e-14	2.372776311716552	4.865271050629905e-16	0.9097813828492853	-0.2500709330783675
sub-6	02	qc_common_four_runs	available		10	96	3.165170748228022	2.3052763047888947	0.6232782027133693	1.155114866951946	-0.9258959952985979
sub-6	03	qc_common_four_runs	available		10	96	3.718260859192602	2.7744355401369014	0.6432319665034532	-0.01358723561215136	-0.9812714474943185
sub-6	04	qc_common_four_runs	available		10	96	3.2520863360237504	1.653702716423669	0.62953446940807	-0.2774355622078293	-1.1387525132137881
sub-7	01	all_six_runs	available		10	144	2.681202525873409e-14	1.774176961308672	4.395271516152409e-16	-2.1581578699602932	-0.9152702260953074
sub-7	02	all_six_runs	available		10	144	0.14543709754949746	1.7743394023121712	0.2709766557682668	-2.185585884888935	-0.9151432425088224
sub-7	03	all_six_runs	available		10	144	0.14877127909272736	1.7851057939971793	0.2701459367429535	-2.2021137445370993	-0.9272151381359777
sub-7	04	all_six_runs	available		10	144	9.913644553550983	1.5648511132250307	0.6671592865864017	0.5635927444017099	-0.09944986087296215
sub-7	01	qc_common_four_runs	available		10	96	2.717105702367328e-14	1.974585604537376	4.3279730004230917e-16	-2.1503622861146034	-0.8124925954534383
sub-7	02	qc_common_four_runs	available		10	96	0.1959988533212503	2.013914209277367	0.3680587819431286	-2.1438804514587684	-0.8113181444295403
sub-7	03	qc_common_four_runs	available		10	96	0.20409776950595943	2.0133403557995555	0.3891573947284209	-2.150265522668434	-0.8179878936900131
sub-7	04	qc_common_four_runs	available		10	96	9.809055138322211	1.6212304934610795	0.6981794832896913	0.39394591950140523	-0.06305019276260637
sub-8	01	all_six_runs	available		10	144	3.5301829905617043e-14	5.971801368981575	4.764885640555915e-16	-1.2134013919759497	-1.2588348480438043
sub-8	02	all_six_runs	available		10	144	7.892278064665788	2.4596919246289004	0.7655289868579868	-0.2957434919023765	0.07872986426221473
sub-8	03	all_six_runs	available		10	144	8.806574721827078	3.953583136962603	0.7620879291718234	-0.6790229766153448	-0.986493484536572
sub-8	04	all_six_runs	available		10	144	9.472697552731898	3.671626373432519	0.7684445608317887	-0.867092974124013	-0.04522018120789362
sub-8	01	qc_common_four_runs	unavailable	"Insufficient preset matched cells: [{""session"": ""01"", ""run"": ""05"", ""label"": ""rest"", ""n_available"": 11, ""n_required"": 12}, {""session"": ""01"", ""run"": ""06"", ""label"": ""rest"", ""n_available"": 8, ""n_required"": 12}]"	0	0					
sub-8	02	qc_common_four_runs	unavailable	"Insufficient preset matched cells: [{""session"": ""01"", ""run"": ""05"", ""label"": ""rest"", ""n_available"": 11, ""n_required"": 12}, {""session"": ""01"", ""run"": ""06"", ""label"": ""rest"", ""n_available"": 8, ""n_required"": 12}]"	0	0					
sub-8	03	qc_common_four_runs	unavailable	"Insufficient preset matched cells: [{""session"": ""01"", ""run"": ""05"", ""label"": ""rest"", ""n_available"": 11, ""n_required"": 12}, {""session"": ""01"", ""run"": ""06"", ""label"": ""rest"", ""n_available"": 8, ""n_required"": 12}]"	0	0					
sub-8	04	qc_common_four_runs	unavailable	"Insufficient preset matched cells: [{""session"": ""01"", ""run"": ""05"", ""label"": ""rest"", ""n_available"": 11, ""n_required"": 12}, {""session"": ""01"", ""run"": ""06"", ""label"": ""rest"", ""n_available"": 8, ""n_required"": 12}]"	0	0					
sub-9	01	all_six_runs	available		10	144	4.892911400262047e-14	7.740796684260405	4.650956358835533e-16	-0.5512754955749379	-0.6645644086780944
sub-9	02	all_six_runs	available		10	144	8.962750826421022	3.1236331027013575	0.5398766275303978	-0.5758822759928126	-0.8790235941498246
sub-9	03	all_six_runs	available		10	144	8.591322208627258	2.2296357285017137	0.5598465429344166	0.08882009627770238	-0.4247140971304084
sub-9	04	all_six_runs	available		10	144	8.23100291270256	2.187130580811886	0.5206253339965241	-0.31513645903359233	-0.6543887796916863
sub-9	01	qc_common_four_runs	available		10	96	6.247471008379649e-14	3.835959304517189	4.683625868235912e-16	-0.8567281083660863	-0.8401432176838242
sub-9	02	qc_common_four_runs	available		10	96	8.062833260618408	2.493074862506247	0.5628710082311424	-0.4733699507301541	-0.673351813856609
sub-9	03	qc_common_four_runs	available		10	96	7.9222581804922285	2.134083578324325	0.5877259587817376	0.055029980666333245	-0.49071978386172077
sub-9	04	qc_common_four_runs	available		10	96	7.695563822239888	2.2709637863211602	0.5460793515212791	-0.4785446745501414	-0.5565913483058331
sub-10	01	all_six_runs	available		10	144	5.822977320944651e-14	4.571537607745373	4.925515732853872e-16	0.5644186229706065	0.10024776719456696
sub-10	02	all_six_runs	available		10	144	7.055921339540672	4.979758544447103	0.7083209956757537	-1.6522595360170769	-0.7422004152607311
sub-10	03	all_six_runs	available		10	144	6.740590821224923	4.4138699712803176	0.7055504374430975	-0.8241948688090321	-0.26158699956918063
sub-10	04	all_six_runs	available		10	144	7.076342543910194	4.089069960200691	0.7006829272773224	-1.135881142667456	-0.3796859640885195
sub-10	01	qc_common_four_runs	available		10	96	6.09284099476552e-14	4.501015415332544	4.241279188800446e-16	0.2782260090263531	0.04037130336052641
sub-10	02	qc_common_four_runs	available		10	96	7.259456345501464	4.586399636773015	0.750677957149327	-1.5266770353174692	-0.6331556372593425
sub-10	03	qc_common_four_runs	available		10	96	6.932665903991966	4.805334306561667	0.7414269394218046	-0.7296104442773252	-0.2382899870738484
sub-10	04	qc_common_four_runs	available		10	96	7.19037590546873	4.422705466081591	0.7434144190075711	-1.0729412030620509	-0.4844765040807584
