original_subject	session	source_row	source_column	source_literal	n_reported_run_scores	mean_run_hit_percent	median_run_hit_percent	sd_between_reported_run_percent	min_run_hit_percent	max_run_hit_percent	delta_from_first_session_pp	delta_from_previous_session_pp	EEG_run_order	score_denominator	trial_outcome	online_feature_source_literal	anxiety_source_literal	subject	original_subject_from_audit	n_EEG_trials	n_EEG_runs	n_EEG_source_events	n_EEG_excluded_events	n_source_rest	n_source_MI	n_rest	n_MI	n_qc_flagged	CSP_BA_percent	CSP_constant_prediction	CSP_query_n	CSP_query_n_runs	CSP_conditional_run_CI95_percent	CSP_status	mu_MI_minus_rest_dB	beta_MI_minus_rest_dB	mu_rest_power_uV2	mu_MI_power_uV2	beta_rest_power_uV2	beta_MI_power_uV2	join_grain
sub-01	01	1	BCI-Performance-session1	[64.3, 75, 71.4, 71.4, 75, 85.7]	6	73.8	73.2	7.017976916462466	64.3	85.7	0.0	unavailable	unresolved	unresolved	unresolved	[43, 20], [43, 22], [43, 24], [43, 26]	31	sub-1	sub-01	180	6	180	0	90	90	90	90	0	60.0	False	60	2	[50.0, 70.0]	available	-0.7921921148568956	-0.4684192915412133	3.269130950945003	2.73547570716457	1.8267401361437396	1.633863344083654	verified_participant_session_only
sub-01	02	1	BCI-Performance-session2	[85.7, 89.3, 92.9, 92.9, 85.7, 96.4]	6	90.48333333333333	91.1	4.332397334809757	85.7	96.4	16.683333333333337	16.683333333333337	unresolved	unresolved	unresolved	[43, 22], [43, 24], [43, 26], [43, 28]	NA	sub-1	sub-01	179	6	179	0	89	90	89	90	0	50.0	True	179	6	[50.0, 50.0]	available	-1.0579198324051475	-0.8181305052137944	5.090670146929536	4.004115774988454	2.02879906327168	1.6801541965932973	verified_participant_session_only
sub-01	03	1	BCI-Performance-session3	[96.4, 82.1, 82.1, 85.7, 82.1, 82.1]	6	85.08333333333333	82.1	5.727972299746806	82.1	96.4	11.283333333333331	-5.400000000000006	unresolved	unresolved	unresolved	[43, 24], [43, 26], [43, 28], [43, 30]	NA	sub-1	sub-01	180	6	180	0	90	90	90	90	1	50.0	True	180	6	[50.0, 50.0]	available	-1.857495466010164	-1.1610019578490949	5.793770062152415	3.826580268764896	2.3234060001213743	1.7851509697370005	verified_participant_session_only
sub-01	04	1	BCI-Performance-session4	[85.7, 100, 96.4, 75, 85.7, 92.9]	6	89.28333333333335	89.30000000000001	9.036241844188693	75.0	100.0	15.483333333333348	4.200000000000017	unresolved	unresolved	unresolved	[43, 27], [43, 29], [43, 31], [43, 33]	NA	sub-1	sub-01	178	6	178	0	88	90	88	90	43	50.0	True	178	6	[50.0, 50.0]	available	-2.197124981935179	-0.9187687658786814	6.4780847798095	3.830075266346899	2.2741123401393892	1.8394878279696698	verified_participant_session_only
sub-02	01	2	BCI-Performance-session1	[60, 73.33, 66.67, 73.33, 56.67, 66.67]	6	66.11166666666666	66.67	6.801906840487207	56.67	73.33	0.0	unavailable	unresolved	unresolved	unresolved	[43, 20], [43, 22], [43, 24], [43, 26]	29	sub-2	sub-02	192	6	192	0	96	96	96	96	0	81.25	False	64	2	[71.875, 90.625]	available	-0.9540278761326526	-0.3133816095321329	5.750801322700215	4.600040965401578	3.079774572906375	2.8811754421048366	verified_participant_session_only
sub-02	02	2	BCI-Performance-session2	[66.67, 56.67, 60, 76.67, 53.33, 56.67]	6	61.66833333333333	58.335	8.629536294996775	53.33	76.67	-4.443333333333335	-4.443333333333335	unresolved	unresolved	unresolved	[43, 22], [43, 24], [43, 26], [43, 28]	33.0	sub-2	sub-02	192	6	192	0	96	96	96	96	0	71.35416666666667	False	192	6	[61.979166666666664, 78.125]	available	-1.2068916384516193	-0.2448259492093996	9.60741484031122	7.624182142781309	4.2339181187795605	4.028967545538867	verified_participant_session_only
sub-02	03	2	BCI-Performance-session3	[66.67, 76.67, 73.33, 76.67, 70, 73.33]	6	72.77833333333334	73.33	3.8969137361079302	66.67	76.67	6.666666666666671	11.110000000000007	unresolved	unresolved	unresolved	[43, 22], [43, 24], [31, 26], [31, 28]	28.0	sub-2	sub-02	191	6	191	0	95	96	95	96	0	50.0	True	191	6	[50.0, 50.0]	available	-0.3829381533484266	-0.11319070472689319	59.91080133598545	55.136391698180404	26.514609056926364	25.802620422240732	verified_participant_session_only
sub-02	04	2	BCI-Performance-session4	[86.67, 86.67, 90, 86.67, 76.67, 90]	6	86.11333333333334	86.67	4.905477210900756	76.67	90.0	20.00166666666668	13.335000000000008	unresolved	unresolved	unresolved	[43, 22], [43, 24], [43, 26], [43, 28], [31, 22], [31, 24]	28.0	sub-2	sub-02	192	6	192	0	96	96	96	96	0	78.125	False	192	6	[72.91666666666666, 83.33333333333333]	available	-3.038644118050655	-0.9866138862286	9.781504711008365	4.7797879903639915	3.6463377342911216	2.8981250749573833	verified_participant_session_only
sub-03	01	3	BCI-Performance-session1	[50, 56.67, 46.67, 43.33, 46.67, 56.67]	6	50.00166666666667	48.335	5.579327617792907	43.33	56.67	0.0	unavailable	unresolved	unresolved	unresolved	[43, 22], [43, 24], [43, 26], [43, 28]	21	sub-3	sub-03	190	6	191	1	96	95	95	95	0	59.375	False	64	2	[50.0, 68.75]	available	-0.23320879194182353	-0.19377814977092456	9.995610950111615	10.143991337812796	15.25097540927583	15.273001236335501	verified_participant_session_only
sub-03	02	3	BCI-Performance-session2	[56.67, 36.67, 60, 53.33, 43.33, 50]	6	50.0	51.665	8.692014726172523	36.67	60.0	-0.0016666666666722563	-0.0016666666666722563	unresolved	unresolved	unresolved	[43, 22], [43, 24], [43, 26], [43, 28]	29.0	sub-3	sub-03	192	6	192	0	96	96	96	96	3	58.333333333333336	False	192	6	[50.0, 68.75]	available	0.36662651901011145	-0.00834647345158146	4.545485841659738	4.866981135726132	4.317657114803677	4.396736089679497	verified_participant_session_only
sub-03	03	3	BCI-Performance-session3	[66.67, 73.33, 60, 60, 66.67, 50]	6	62.778333333333336	63.335	8.004397333132998	50.0	73.33	12.776666666666664	12.778333333333336	unresolved	unresolved	unresolved	[43, 20], [43, 22], [43, 24], [43, 26]	20.0	sub-3	sub-03	191	6	191	0	95	96	95	96	0	58.25109649122807	False	191	6	[52.318548387096776, 63.541666666666664]	available	-0.37895751459570803	0.018459019730201476	1.6147619782552198	1.4671398218067868	0.9616481308080389	0.9664689408228228	verified_participant_session_only
sub-03	04	3	BCI-Performance-session4	[60, 73.33, 66.67, 80, 82.14, 76.67]	6	73.135	75.0	8.427062952179721	60.0	82.14	23.133333333333333	10.35666666666667	unresolved	unresolved	unresolved	[43, 16], [43, 18], [43, 20], [43, 22], [44, 22], [44, 24]	32.0	sub-3	sub-03	191	6	191	0	95	96	95	96	0	51.13486842105264	False	191	6	[47.0834673844658, 55.48177083333332]	available	-0.18316047482977993	-0.16163827086096205	2.4260098195443387	2.341361181295429	1.4612055057426199	1.8838541828352098	verified_participant_session_only
sub-04	01	4	BCI-Performance-session1	[43.33, 53.33, 63.33, 63.33, 53.33, 46.67]	6	53.88666666666666	53.33	8.276428376218009	43.33	63.33	0.0	unavailable	unresolved	unresolved	unresolved	[31, 14], [31, 16], [42, 18], [42, 20]	25	sub-4	sub-04	192	6	192	0	96	96	96	96	0	78.125	False	64	2	[71.875, 84.375]	available	-0.28044186789218273	0.28404338114995653	2.717395420261138	2.5327940294858204	5.492414754715412	5.458210569321463	verified_participant_session_only
sub-04	02	4	BCI-Performance-session2	[53.33, 46.67, 43.33, 50, 40, 36.67]	6	45.0	45.0	6.234670801253262	36.67	53.33	-8.886666666666663	-8.886666666666663	unresolved	unresolved	unresolved	[32, 18], [32, 20], [32, 22], [43, 24]	24.0	sub-4	sub-04	192	6	192	0	96	96	96	96	0	83.85416666666667	False	192	6	[80.20833333333333, 87.5]	available	-0.3135540883447874	0.7028257377905511	3.076888757809337	2.921858630881442	5.4852170959233675	6.187297844494687	verified_participant_session_only
sub-04	03	4	BCI-Performance-session3	[50, 46.67, 73.33, 56.67, 56.67, 50]	6	55.55666666666667	53.335	9.58223703874344	46.67	73.33	1.6700000000000088	10.556666666666672	unresolved	unresolved	unresolved	[31, 8], [31, 10], [31, 12], [31, 14]	20.0	sub-4	sub-04	192	6	192	0	96	96	96	96	0	88.54166666666667	False	192	6	[84.375, 92.1875]	available	-0.6656310125374709	1.2370285167451733	2.583582892813109	2.277350804888228	2.2425392439746923	2.945816952263701	verified_participant_session_only
sub-04	04	4	BCI-Performance-session4	[50, 70, 66.67, 63.33, 66.67, 63.33]	6	63.333333333333336	65.0	6.992695236220915	50.0	70.0	9.446666666666673	7.776666666666664	unresolved	unresolved	unresolved	[31, 10], [42, 14], [42, 16], [42, 18], [43, 24]	20.0	sub-4	sub-04	192	6	192	0	96	96	96	96	0	50.0	True	192	6	[50.0, 50.0]	available	-0.03170945748227183	1.0640848644137613	2.2319548060277388	2.2434773384979665	3.7698184512293627	4.925330134722948	verified_participant_session_only
sub-05	01	5	BCI-Performance-session1	[46.67, 36.67, 43.33, 43.33, 36.67, 46.67]	6	42.223333333333336	43.33	4.553550995285621	36.67	46.67	0.0	unavailable	unresolved	unresolved	unresolved	[43, 10], [43, 12], [43, 14], [34, 16]	31	sub-5	sub-05	191	6	191	0	95	96	95	96	0	67.1875	False	64	2	[65.625, 68.75]	available	0.17758655254011657	0.5038905980896935	2.4953045711543966	2.623915042469091	3.355945929951942	3.7721599434484205	verified_participant_session_only
sub-05	02	5	BCI-Performance-session2	[36.67, 40, 43.33, 56.67, 43.33, 53.33]	6	45.555	43.33	7.7935402738421775	36.67	56.67	3.3316666666666634	3.3316666666666634	unresolved	unresolved	unresolved	[42, 10], [42, 12], [42, 14], [42, 16]	25.0	sub-5	sub-05	190	6	190	0	96	94	96	94	0	61.82402482269504	False	190	6	[53.77257722097798, 69.63181515957446]	available	0.11852272967812993	-0.08945751858085771	2.5783731616621095	2.7301251038384002	2.5400260661735756	2.4788156066848095	verified_participant_session_only
sub-05	03	5	BCI-Performance-session3	[40, 56.67, 70, 63.33, 76.67, 46.67]	6	58.89000000000001	60.0	13.930994221519153	40.0	76.67	16.66666666666667	13.335000000000008	unresolved	unresolved	unresolved	[43, 10], [43, 12], [43, 14], [32, 10], [32, 12], [32, 14]	26.0	sub-5	sub-05	192	6	192	0	96	96	96	96	3	44.270833333333336	False	192	6	[41.14583333333333, 46.875]	available	-0.9800678068081048	-0.38331939197846054	3.3991241945452573	2.629919381096418	2.8847472063149624	2.6401998345214506	verified_participant_session_only
sub-05	04	5	BCI-Performance-session4	[66.67, 56.67, 60, 63.33, 73.33, 76.67]	6	66.11166666666666	65.0	7.721783256908126	56.67	76.67	23.88833333333333	7.221666666666657	unresolved	unresolved	unresolved	[31, 12], [31, 14], [31, 16], [31, 18], [43, 12], [43, 14]	28.0	sub-5	sub-05	192	6	192	0	96	96	96	96	4	50.0	True	192	6	[50.0, 50.0]	available	-1.1417212866633442	-0.6610610584232823	3.990015610458641	2.8145469248385377	3.2907736655247013	2.7934900089352426	verified_participant_session_only
sub-06	01	6	BCI-Performance-session1	[60, 50, 63, 50, 56.67, 53]	6	55.445	54.835	5.377745810281479	50.0	63.0	0.0	unavailable	unresolved	unresolved	unresolved	[43, 15], [43, 17], [43, 19], [43, 21], [34, 23], [34, 25]	24	sub-6	sub-06	192	6	192	0	96	96	96	96	1	45.3125	False	64	2	[40.625, 50.0]	available	0.7867467341051437	-0.4006747950753109	3.496704012297174	4.280507497183797	2.433598131823761	2.2457650475996096	verified_participant_session_only
sub-06	02	6	BCI-Performance-session2	[66.67, 76.67, 36.67, 60, 66.67, 76.67]	6	63.89166666666667	66.67	14.82008153373883	36.67	76.67	8.446666666666673	8.446666666666673	unresolved	unresolved	unresolved	[43, 13], [43, 15], [43, 17], [43, 19], [34, 21], [34, 23]	26.0	sub-6	sub-06	192	6	192	0	96	96	96	96	1	50.520833333333336	False	192	6	[50.0, 51.5625]	available	1.1222555349585939	-0.870476056859566	3.873126794861163	5.140858551013172	3.035541249838637	2.400372218796823	verified_participant_session_only
sub-06	03	6	BCI-Performance-session3	[80, 70, 77, 67, 67, 70]	6	71.83333333333333	70.0	5.419102016632153	67.0	80.0	16.38833333333333	7.941666666666656	unresolved	unresolved	unresolved	[43, 19], [43, 21], [44, 15], [44, 17], [34, 19], [34, 21]	26.0	sub-6	sub-06	192	6	192	0	96	96	96	96	0	56.25	False	192	6	[52.604166666666664, 59.89583333333333]	available	0.023275303309695516	-1.4256720181147564	3.1279738529207535	3.2116399496101455	2.8023654026186953	1.9396336386192228	verified_participant_session_only
sub-06	04	6	BCI-Performance-session4	[97, 77, 73, 53, 60, 77]	6	72.83333333333333	75.0	15.341664403403781	53.0	97.0	17.38833333333333	1.0	unresolved	unresolved	unresolved	[43, 13], [43, 15], [43, 17], [33, 15], [33, 17], [33, 19], [44, 17]	24.0	sub-6	sub-06	192	6	192	0	96	96	96	96	0	68.75	False	192	6	[61.458333333333336, 76.8359375]	available	-0.40835674177602144	-1.3288458595488173	3.654392505437364	3.354242989582102	2.509417097236084	1.8399506486824786	verified_participant_session_only
sub-07	01	7	BCI-Performance-session1	[53.33, 60, 53.33, 53.33, 46.67, 43.33]	6	51.665	53.33	5.868750292864742	43.33	60.0	0.0	unavailable	unresolved	unresolved	unresolved	[43, 14], [43, 16], [43, 18], [43, 20]	26	sub-7	sub-07	178	6	178	0	88	90	88	90	0	89.71264367816092	False	59	2	[89.28571428571428, 90.0]	available	-2.197124981935179	-0.9187687658786814	6.4780847798095	3.830075266346899	2.2741123401393892	1.8394878279696698	verified_participant_session_only
sub-07	02	7	BCI-Performance-session2	[53.33, 70, 30, 43.33, 50, 63.33]	6	51.66499999999999	51.665	14.259266110147463	30.0	70.0	-7.105427357601002e-15	-7.105427357601002e-15	unresolved	unresolved	unresolved	[43, 14], [43, 16], [43, 18], [43, 20], [31, 22], [31, 24]	20.0	sub-7	sub-07	178	6	178	0	88	90	88	90	0	87.61363636363637	False	178	6	[84.37578027465669, 90.64133986928104]	available	-2.197124981935179	-0.9187687658786814	6.4780847798095	3.830075266346899	2.2741123401393892	1.8394878279696698	verified_participant_session_only
sub-07	03	7	BCI-Performance-session3	[73.33, 56.67, 66.67, 50, 66.67, 56.67]	6	61.668333333333344	61.67	8.627218362060082	50.0	73.33	10.003333333333345	10.003333333333352	unresolved	unresolved	unresolved	[43, 18], [43, 20], [43, 22], [43, 24], [32, 18], [32, 20]	20.0	sub-7	sub-07	178	6	178	0	88	90	88	90	0	87.61363636363637	False	178	6	[84.37578027465669, 90.64133986928104]	available	-2.197124981935179	-0.9187687658786814	6.4780847798095	3.830075266346899	2.2741123401393892	1.8394878279696698	verified_participant_session_only
sub-07	04	7	BCI-Performance-session4	[73.33, 63.33, 60, 70, 46.67, 70]	6	63.88833333333333	66.66499999999999	9.754505454745855	46.67	73.33	12.22333333333333	2.2199999999999847	unresolved	unresolved	unresolved	[32, 20], [32, 22], [32, 24], [32, 26], [31, 26], [31, 28]	20.0	sub-7	sub-07	192	6	192	0	96	96	96	96	0	50.0	True	192	6	[50.0, 50.0]	available	0.5328752740847342	-0.11486688102374742	15.562903908359653	16.777098201921905	3.2595283381628604	3.1549973404511356	verified_participant_session_only
sub-08	01	8	BCI-Performance-session1	[40, 43.33, 40, 63.33, 66.67, 63.33]	6	52.776666666666664	53.33	12.895707296099221	40.0	66.67	0.0	unavailable	unresolved	unresolved	unresolved	[34, 14], [34, 16], [33, 18], [33, 20]	33	sub-8	sub-08	191	6	191	0	95	96	95	96	18	79.23387096774194	False	63	2	[77.08333333333333, 81.25]	available	-1.1252416912715724	-1.1801412224268404	8.38747448998989	4.442237895103517	5.608376676453672	3.1576824915107338	verified_participant_session_only
sub-08	02	8	BCI-Performance-session2	[56.67, 53.33, 53.33, 50, 43.33, 43.33]	6	49.99833333333333	51.665	5.579327617792907	43.33	56.67	-2.778333333333336	-2.778333333333336	unresolved	unresolved	unresolved	[31, 14], [31, 18], [31, 22], [34, 22]	29.0	sub-8	sub-08	192	6	192	0	96	96	96	96	0	57.29166666666667	False	192	6	[52.083333333333336, 62.5]	available	-0.31625859562771197	0.09540732212956371	1.9127136907162854	1.7801371213758534	1.5031668271670335	1.5379615061924674	verified_participant_session_only
sub-08	03	8	BCI-Performance-session3	[70, 70, 73.33, 66.67, 56.67, 76.67]	6	68.89	70.0	6.884228351819831	56.67	76.67	16.113333333333337	18.891666666666673	unresolved	unresolved	unresolved	[43, 20], [43, 22], [43, 24], [43, 26], [34, 24]	34.0	sub-8	sub-08	191	6	191	0	95	96	95	96	1	59.63815789473684	False	191	6	[55.20833333333333, 63.79368279569893]	available	-0.6596841475169946	-0.9770111161126493	1.7015306785352007	1.447134450922354	1.906211919903167	1.443721082877597	verified_participant_session_only
sub-08	04	8	BCI-Performance-session4	[63.33, 60, 63.33, 56.67, 53.33, 63.33]	6	59.99833333333333	61.665	4.215316911771481	53.33	63.33	7.221666666666664	-8.891666666666673	unresolved	unresolved	unresolved	[43, 10], [43, 12], [43, 14], [43, 16]	27.0	sub-8	sub-08	192	6	192	0	96	96	96	96	0	63.541666666666664	False	192	6	[60.416666666666664, 66.66666666666667]	available	-0.8779670255207428	-0.040116092019335525	1.6027199984844758	1.2931313674085994	1.287885414399776	1.2733948111539368	verified_participant_session_only
sub-09	01	9	BCI-Performance-session1	[63.33, 43.33, 63.33, 53.33, 53.33, 50]	6	54.44166666666666	53.33	7.793254561905871	43.33	63.33	0.0	unavailable	unresolved	unresolved	unresolved	[34, 22], [34, 24], [34, 26], [34, 28]	20	sub-9	sub-09	192	6	192	0	96	96	96	96	0	79.6875	False	64	2	[65.625, 93.75]	available	-0.5680996929185689	-0.5929111629922623	11.576038822643502	10.496995576218646	14.16360571521192	12.914578012115626	verified_participant_session_only
sub-09	02	9	BCI-Performance-session2	[66.67, 50, 66.67, 40, 70, 60]	6	58.89000000000001	63.335	11.67548885486171	40.0	70.0	4.448333333333345	4.448333333333345	unresolved	unresolved	unresolved	[43, 8], [43, 10], [43, 12], [43, 14]	22.0	sub-9	sub-09	192	6	192	0	96	96	96	96	0	62.5	False	192	6	[53.125, 72.91666666666667]	available	-0.5274268626777179	-0.8202342604242752	7.950842206433916	6.970440171114795	6.344835666335778	5.191249295858074	verified_participant_session_only
sub-09	03	9	BCI-Performance-session3	[66.67, 46.67, 53.33, 46.67, 43.33, 53.33]	6	51.666666666666664	50.0	8.367397843216652	43.33	66.67	-2.7749999999999986	-7.223333333333343	unresolved	unresolved	unresolved	[43, 10], [43, 12], [43, 14], [31, 24], [31, 26], [31, 28]	22.0	sub-9	sub-09	191	6	191	0	96	95	96	95	0	59.237938596491226	False	191	6	[53.93866356382979, 64.85677083333331]	available	0.06582700087939486	-0.4242739211986901	8.021414170020408	8.161185651019748	5.7277493125615875	5.177289718478641	verified_participant_session_only
sub-09	04	9	BCI-Performance-session4	[53.33, 50, 43.33, 53.33, 73.33, 66.67]	6	56.665	53.33	11.156264159654881	43.33	73.33	2.2233333333333363	4.998333333333335	unresolved	unresolved	unresolved	[43, 10], [43, 12], [43, 14], [45, 18], [45, 20], [45, 22]	24.0	sub-9	sub-09	192	6	192	0	96	96	96	96	0	49.479166666666664	False	192	6	[46.875, 53.64583333333333]	available	-0.3224599723131405	-0.6542741435266208	10.26587372300612	9.366109055595153	6.2309911569766	5.301450053859168	verified_participant_session_only
sub-10	01	10	BCI-Performance-session1	[47, 33, 43, 50, 47, 50]	6	45.0	47.0	6.418722614352485	33.0	50.0	0.0	unavailable	unresolved	unresolved	unresolved	[33, 9], [33, 11], [33, 13], [33, 15], [45, 15]	37	sub-10	sub-10	192	6	192	0	96	96	96	96	0	46.875	False	64	2	[43.75, 50.0]	available	0.485592949429563	0.11584168962608388	1.8297347263494943	2.232836048109659	1.866864324168213	1.9174575271046814	verified_participant_session_only
sub-10	02	10	BCI-Performance-session2	[77, 50, 47, 60, 63, 47]	6	57.333333333333336	55.0	11.775681155103795	47.0	77.0	12.333333333333336	12.333333333333336	unresolved	unresolved	unresolved	[33, 11], [33, 13], [33, 27], [33, 29], [44, 11], [44, 13]	36.0	sub-10	sub-10	192	6	192	0	96	96	96	96	0	53.125	False	192	6	[49.47916666666667, 57.29166666666667]	available	-1.6990275648989517	-0.7901626450355081	13.25019713831877	1.8517093858447566	8.803494085698793	2.146857908129775	verified_participant_session_only
sub-10	03	10	BCI-Performance-session3	[73, 53, 43, 63, 67, 50]	6	58.166666666666664	58.0	11.35634917861663	43.0	73.0	13.166666666666664	0.8333333333333286	unresolved	unresolved	unresolved	[33, 9], [33, 11], [33, 27], [33, 29], [44, 9], [44, 11], [44, 13]	39.0	sub-10	sub-10	192	6	192	0	96	96	96	96	0	50.520833333333336	False	192	6	[48.4375, 53.125]	available	-0.8221043881754042	-0.2850563949013818	1.8626542194273672	1.5580913721786043	1.8857977773692431	1.7616803499554068	verified_participant_session_only
sub-10	04	10	BCI-Performance-session4	[67, 50, 63, 43, 67, 50]	6	56.666666666666664	56.5	10.289152864384253	43.0	67.0	11.666666666666664	-1.5	unresolved	unresolved	unresolved	[32, 7], [32, 9], [32, 11], [32, 13], [43, 9], [43, 11], [43, 13]	37.0	sub-10	sub-10	192	6	192	0	96	96	96	96	0	50.0	False	192	6	[48.4375, 51.5625]	available	-1.1361043578797592	-0.3408670019156901	3.178142365320587	1.3200091889434538	2.7949451256895106	1.4841475154584238	verified_participant_session_only
