subject	metric	first_session_value	last_session_value	last_minus_first	status
sub-1	mean_run_hit_percent	73.8	89.28333333333335	15.483333333333348	available
sub-2	mean_run_hit_percent	66.11166666666666	86.11333333333334	20.00166666666668	available
sub-3	mean_run_hit_percent	50.00166666666667	73.135	23.133333333333333	available
sub-4	mean_run_hit_percent	53.88666666666666	63.333333333333336	9.446666666666673	available
sub-5	mean_run_hit_percent	42.223333333333336	66.11166666666666	23.88833333333333	available
sub-6	mean_run_hit_percent	55.445	72.83333333333333	17.38833333333333	available
sub-7	mean_run_hit_percent	51.665	63.88833333333333	12.22333333333333	available
sub-8	mean_run_hit_percent	52.776666666666664	59.99833333333333	7.221666666666664	available
sub-9	mean_run_hit_percent	54.44166666666666	56.665	2.2233333333333363	available
sub-10	mean_run_hit_percent	45.0	56.666666666666664	11.666666666666664	available
sub-1	CSP_BA_percent	60.0	50.0	-10.0	available
sub-2	CSP_BA_percent	81.25	78.125	-3.125	available
sub-3	CSP_BA_percent	59.375	51.13486842105264	-8.240131578947363	available
sub-4	CSP_BA_percent	78.125	50.0	-28.125	available
sub-5	CSP_BA_percent	67.1875	50.0	-17.1875	available
sub-6	CSP_BA_percent	45.3125	68.75	23.4375	available
sub-7	CSP_BA_percent	89.71264367816092	50.0	-39.712643678160916	available
sub-8	CSP_BA_percent	79.23387096774194	63.541666666666664	-15.692204301075272	available
sub-9	CSP_BA_percent	79.6875	49.479166666666664	-30.208333333333336	available
sub-10	CSP_BA_percent	46.875	50.0	3.125	available
sub-1	mu_MI_minus_rest_dB	-0.7921921148568956	-2.197124981935179	-1.4049328670782835	available
sub-2	mu_MI_minus_rest_dB	-0.9540278761326526	-3.038644118050655	-2.0846162419180025	available
sub-3	mu_MI_minus_rest_dB	-0.23320879194182353	-0.18316047482977993	0.050048317112043605	available
sub-4	mu_MI_minus_rest_dB	-0.28044186789218273	-0.03170945748227183	0.2487324104099109	available
sub-5	mu_MI_minus_rest_dB	0.17758655254011657	-1.1417212866633442	-1.3193078392034607	available
sub-6	mu_MI_minus_rest_dB	0.7867467341051437	-0.40835674177602144	-1.1951034758811652	available
sub-7	mu_MI_minus_rest_dB	-2.197124981935179	0.5328752740847342	2.7300002560199133	available
sub-8	mu_MI_minus_rest_dB	-1.1252416912715724	-0.8779670255207428	0.24727466575082957	available
sub-9	mu_MI_minus_rest_dB	-0.5680996929185689	-0.3224599723131405	0.24563972060542838	available
sub-10	mu_MI_minus_rest_dB	0.485592949429563	-1.1361043578797592	-1.6216973073093222	available
sub-1	beta_MI_minus_rest_dB	-0.4684192915412133	-0.9187687658786814	-0.4503494743374681	available
sub-2	beta_MI_minus_rest_dB	-0.3133816095321329	-0.9866138862286	-0.6732322766964671	available
sub-3	beta_MI_minus_rest_dB	-0.19377814977092456	-0.16163827086096205	0.032139878909962505	available
sub-4	beta_MI_minus_rest_dB	0.28404338114995653	1.0640848644137613	0.7800414832638047	available
sub-5	beta_MI_minus_rest_dB	0.5038905980896935	-0.6610610584232823	-1.1649516565129758	available
sub-6	beta_MI_minus_rest_dB	-0.4006747950753109	-1.3288458595488173	-0.9281710644735064	available
sub-7	beta_MI_minus_rest_dB	-0.9187687658786814	-0.11486688102374742	0.803901884854934	available
sub-8	beta_MI_minus_rest_dB	-1.1801412224268404	-0.040116092019335525	1.1400251304075049	available
sub-9	beta_MI_minus_rest_dB	-0.5929111629922623	-0.6542741435266208	-0.06136298053435851	available
sub-10	beta_MI_minus_rest_dB	0.11584168962608388	-0.3408670019156901	-0.45670869154177396	available
sub-1	mu_rest_power_uV2	3.269130950945003	6.4780847798095	3.2089538288644968	available
sub-2	mu_rest_power_uV2	5.750801322700215	9.781504711008365	4.03070338830815	available
sub-3	mu_rest_power_uV2	9.995610950111615	2.4260098195443387	-7.569601130567277	available
sub-4	mu_rest_power_uV2	2.717395420261138	2.2319548060277388	-0.48544061423339935	available
sub-5	mu_rest_power_uV2	2.4953045711543966	3.990015610458641	1.4947110393042444	available
sub-6	mu_rest_power_uV2	3.496704012297174	3.654392505437364	0.15768849314018984	available
sub-7	mu_rest_power_uV2	6.4780847798095	15.562903908359653	9.084819128550153	available
sub-8	mu_rest_power_uV2	8.38747448998989	1.6027199984844758	-6.784754491505414	available
sub-9	mu_rest_power_uV2	11.576038822643502	10.26587372300612	-1.3101650996373824	available
sub-10	mu_rest_power_uV2	1.8297347263494943	3.178142365320587	1.3484076389710926	available
sub-1	mu_MI_power_uV2	2.73547570716457	3.830075266346899	1.094599559182329	available
sub-2	mu_MI_power_uV2	4.600040965401578	4.7797879903639915	0.17974702496241335	available
sub-3	mu_MI_power_uV2	10.143991337812796	2.341361181295429	-7.802630156517367	available
sub-4	mu_MI_power_uV2	2.5327940294858204	2.2434773384979665	-0.28931669098785395	available
sub-5	mu_MI_power_uV2	2.623915042469091	2.8145469248385377	0.19063188236944661	available
sub-6	mu_MI_power_uV2	4.280507497183797	3.354242989582102	-0.9262645076016951	available
sub-7	mu_MI_power_uV2	3.830075266346899	16.777098201921905	12.947022935575006	available
sub-8	mu_MI_power_uV2	4.442237895103517	1.2931313674085994	-3.1491065276949177	available
sub-9	mu_MI_power_uV2	10.496995576218646	9.366109055595153	-1.130886520623493	available
sub-10	mu_MI_power_uV2	2.232836048109659	1.3200091889434538	-0.9128268591662054	available
sub-1	beta_rest_power_uV2	1.8267401361437396	2.2741123401393892	0.4473722039956496	available
sub-2	beta_rest_power_uV2	3.079774572906375	3.6463377342911216	0.5665631613847468	available
sub-3	beta_rest_power_uV2	15.25097540927583	1.4612055057426199	-13.789769903533209	available
sub-4	beta_rest_power_uV2	5.492414754715412	3.7698184512293627	-1.7225963034860494	available
sub-5	beta_rest_power_uV2	3.355945929951942	3.2907736655247013	-0.06517226442724056	available
sub-6	beta_rest_power_uV2	2.433598131823761	2.509417097236084	0.07581896541232291	available
sub-7	beta_rest_power_uV2	2.2741123401393892	3.2595283381628604	0.9854159980234711	available
sub-8	beta_rest_power_uV2	5.608376676453672	1.287885414399776	-4.320491262053896	available
sub-9	beta_rest_power_uV2	14.16360571521192	6.2309911569766	-7.93261455823532	available
sub-10	beta_rest_power_uV2	1.866864324168213	2.7949451256895106	0.9280808015212976	available
sub-1	beta_MI_power_uV2	1.633863344083654	1.8394878279696698	0.20562448388601573	available
sub-2	beta_MI_power_uV2	2.8811754421048366	2.8981250749573833	0.016949632852546692	available
sub-3	beta_MI_power_uV2	15.273001236335501	1.8838541828352098	-13.389147053500292	available
sub-4	beta_MI_power_uV2	5.458210569321463	4.925330134722948	-0.532880434598515	available
sub-5	beta_MI_power_uV2	3.7721599434484205	2.7934900089352426	-0.978669934513178	available
sub-6	beta_MI_power_uV2	2.2457650475996096	1.8399506486824786	-0.405814398917131	available
sub-7	beta_MI_power_uV2	1.8394878279696698	3.1549973404511356	1.3155095124814657	available
sub-8	beta_MI_power_uV2	3.1576824915107338	1.2733948111539368	-1.884287680356797	available
sub-9	beta_MI_power_uV2	12.914578012115626	5.301450053859168	-7.613127958256459	available
sub-10	beta_MI_power_uV2	1.9174575271046814	1.4841475154584238	-0.4333100116462576	available
