session	band	reference	runs	exclude_qc_flagged	status	missing_cells	n_rest	n_MI	MI_minus_rest_log_power_dB	rest_equal_run_arithmetic_power_uV2	MI_equal_run_arithmetic_power_uV2	interpretation	subject	variant
01	mu	CAR	01,02,03,04,05,06	False	available		90	90	-0.7921921148568956	3.269130950945003	2.73547570716457	task_window_contrast_not_baseline_ERD_or_neural_learning	sub-1	all_six_runs_all_trials
01	beta	CAR	01,02,03,04,05,06	False	available		90	90	-0.4684192915412133	1.8267401361437396	1.633863344083654	task_window_contrast_not_baseline_ERD_or_neural_learning	sub-1	all_six_runs_all_trials
02	mu	CAR	01,02,03,04,05,06	False	available		89	90	-1.0579198324051475	5.090670146929536	4.004115774988454	task_window_contrast_not_baseline_ERD_or_neural_learning	sub-1	all_six_runs_all_trials
02	beta	CAR	01,02,03,04,05,06	False	available		89	90	-0.8181305052137944	2.02879906327168	1.6801541965932973	task_window_contrast_not_baseline_ERD_or_neural_learning	sub-1	all_six_runs_all_trials
03	mu	CAR	01,02,03,04,05,06	False	available		90	90	-1.857495466010164	5.793770062152415	3.826580268764896	task_window_contrast_not_baseline_ERD_or_neural_learning	sub-1	all_six_runs_all_trials
03	beta	CAR	01,02,03,04,05,06	False	available		90	90	-1.1610019578490949	2.3234060001213743	1.7851509697370005	task_window_contrast_not_baseline_ERD_or_neural_learning	sub-1	all_six_runs_all_trials
04	mu	CAR	01,02,03,04,05,06	False	available		88	90	-2.197124981935179	6.4780847798095	3.830075266346899	task_window_contrast_not_baseline_ERD_or_neural_learning	sub-1	all_six_runs_all_trials
04	beta	CAR	01,02,03,04,05,06	False	available		88	90	-0.9187687658786814	2.2741123401393892	1.8394878279696698	task_window_contrast_not_baseline_ERD_or_neural_learning	sub-1	all_six_runs_all_trials
01	mu	CAR	03,04,05,06	False	available		60	60	-0.7760329962566637	3.1722395215655617	2.657994112965484	task_window_contrast_not_baseline_ERD_or_neural_learning	sub-1	common_four_runs_all_trials
01	beta	CAR	03,04,05,06	False	available		60	60	-0.49982921770228117	1.8564791945389845	1.6501111131339408	task_window_contrast_not_baseline_ERD_or_neural_learning	sub-1	common_four_runs_all_trials
02	mu	CAR	03,04,05,06	False	available		59	60	-1.1353967050235347	4.909069237829872	3.6477797673428585	task_window_contrast_not_baseline_ERD_or_neural_learning	sub-1	common_four_runs_all_trials
02	beta	CAR	03,04,05,06	False	available		59	60	-0.8807888888421544	2.082232406410081	1.699203493821199	task_window_contrast_not_baseline_ERD_or_neural_learning	sub-1	common_four_runs_all_trials
03	mu	CAR	03,04,05,06	False	available		60	60	-1.8857710551481155	5.205279996485942	3.331183926420763	task_window_contrast_not_baseline_ERD_or_neural_learning	sub-1	common_four_runs_all_trials
03	beta	CAR	03,04,05,06	False	available		60	60	-1.0894729757262667	2.1837979084763313	1.7140255577486267	task_window_contrast_not_baseline_ERD_or_neural_learning	sub-1	common_four_runs_all_trials
04	mu	CAR	03,04,05,06	False	available		59	60	-2.1483433622975667	5.961688668909142	3.57011551575732	task_window_contrast_not_baseline_ERD_or_neural_learning	sub-1	common_four_runs_all_trials
04	beta	CAR	03,04,05,06	False	available		59	60	-0.8182226712078133	2.2284869808177907	1.8484460881189373	task_window_contrast_not_baseline_ERD_or_neural_learning	sub-1	common_four_runs_all_trials
01	mu	CAR	03,04,05,06	True	available		60	60	-0.7760329962566637	3.1722395215655617	2.657994112965484	task_window_contrast_not_baseline_ERD_or_neural_learning	sub-1	common_four_runs_qc_unflagged
01	beta	CAR	03,04,05,06	True	available		60	60	-0.49982921770228117	1.8564791945389845	1.6501111131339408	task_window_contrast_not_baseline_ERD_or_neural_learning	sub-1	common_four_runs_qc_unflagged
02	mu	CAR	03,04,05,06	True	available		59	60	-1.1353967050235347	4.909069237829872	3.6477797673428585	task_window_contrast_not_baseline_ERD_or_neural_learning	sub-1	common_four_runs_qc_unflagged
02	beta	CAR	03,04,05,06	True	available		59	60	-0.8807888888421544	2.082232406410081	1.699203493821199	task_window_contrast_not_baseline_ERD_or_neural_learning	sub-1	common_four_runs_qc_unflagged
03	mu	CAR	03,04,05,06	True	available		60	60	-1.8857710551481155	5.205279996485942	3.331183926420763	task_window_contrast_not_baseline_ERD_or_neural_learning	sub-1	common_four_runs_qc_unflagged
03	beta	CAR	03,04,05,06	True	available		60	60	-1.0894729757262667	2.1837979084763313	1.7140255577486267	task_window_contrast_not_baseline_ERD_or_neural_learning	sub-1	common_four_runs_qc_unflagged
04	mu	CAR	03,04,05,06	True	available		57	58	-2.1573935550560464	5.91430124014976	3.553696629729592	task_window_contrast_not_baseline_ERD_or_neural_learning	sub-1	common_four_runs_qc_unflagged
04	beta	CAR	03,04,05,06	True	available		57	58	-0.8310819406067971	2.234165803303069	1.8455380825955077	task_window_contrast_not_baseline_ERD_or_neural_learning	sub-1	common_four_runs_qc_unflagged
01	mu	source_reference	01,02,03,04,05,06	False	available		90	90	-0.5329700953915761	9.9219539569806	8.937356395423963	task_window_contrast_not_baseline_ERD_or_neural_learning	sub-1	all_six_runs_all_trials
01	beta	source_reference	01,02,03,04,05,06	False	available		90	90	-0.005926195252783373	5.546527063434826	5.541564298594948	task_window_contrast_not_baseline_ERD_or_neural_learning	sub-1	all_six_runs_all_trials
02	mu	source_reference	01,02,03,04,05,06	False	available		89	90	-1.0931946481996846	18.534710060096792	14.350417985448942	task_window_contrast_not_baseline_ERD_or_neural_learning	sub-1	all_six_runs_all_trials
02	beta	source_reference	01,02,03,04,05,06	False	available		89	90	-0.5558047233855845	6.411199236165828	5.656215110949273	task_window_contrast_not_baseline_ERD_or_neural_learning	sub-1	all_six_runs_all_trials
03	mu	source_reference	01,02,03,04,05,06	False	available		90	90	-2.2089040485435874	17.67433394181317	11.066378255049854	task_window_contrast_not_baseline_ERD_or_neural_learning	sub-1	all_six_runs_all_trials
03	beta	source_reference	01,02,03,04,05,06	False	available		90	90	-0.9081045001297205	5.862055140752368	4.77196891972619	task_window_contrast_not_baseline_ERD_or_neural_learning	sub-1	all_six_runs_all_trials
04	mu	source_reference	01,02,03,04,05,06	False	available		88	90	-2.8852665019785384	20.137059768351985	10.328229375526528	task_window_contrast_not_baseline_ERD_or_neural_learning	sub-1	all_six_runs_all_trials
04	beta	source_reference	01,02,03,04,05,06	False	available		88	90	-0.7406660013771749	6.501272531665969	5.492178736038885	task_window_contrast_not_baseline_ERD_or_neural_learning	sub-1	all_six_runs_all_trials
01	mu	source_reference	03,04,05,06	False	available		60	60	-0.4201897581228131	9.125130710979949	8.563478919216038	task_window_contrast_not_baseline_ERD_or_neural_learning	sub-1	common_four_runs_all_trials
01	beta	source_reference	03,04,05,06	False	available		60	60	-0.05893543806896773	5.408425935355907	5.330387317519396	task_window_contrast_not_baseline_ERD_or_neural_learning	sub-1	common_four_runs_all_trials
02	mu	source_reference	03,04,05,06	False	available		59	60	-1.1099889730714274	17.77790629359326	12.97174460830685	task_window_contrast_not_baseline_ERD_or_neural_learning	sub-1	common_four_runs_all_trials
02	beta	source_reference	03,04,05,06	False	available		59	60	-0.7610676385943549	6.478146766654348	5.4474160199601895	task_window_contrast_not_baseline_ERD_or_neural_learning	sub-1	common_four_runs_all_trials
03	mu	source_reference	03,04,05,06	False	available		60	60	-2.2640749801396964	15.425104448616386	9.051013977464685	task_window_contrast_not_baseline_ERD_or_neural_learning	sub-1	common_four_runs_all_trials
03	beta	source_reference	03,04,05,06	False	available		60	60	-0.8108161025773342	5.687442244885272	4.7422937291431335	task_window_contrast_not_baseline_ERD_or_neural_learning	sub-1	common_four_runs_all_trials
04	mu	source_reference	03,04,05,06	False	available		59	60	-2.8178606958982932	18.166826235247257	9.315349601597612	task_window_contrast_not_baseline_ERD_or_neural_learning	sub-1	common_four_runs_all_trials
04	beta	source_reference	03,04,05,06	False	available		59	60	-0.7169586528443439	6.090918570985419	5.184746478957152	task_window_contrast_not_baseline_ERD_or_neural_learning	sub-1	common_four_runs_all_trials
01	mu	source_reference	03,04,05,06	True	available		60	60	-0.4201897581228131	9.125130710979949	8.563478919216038	task_window_contrast_not_baseline_ERD_or_neural_learning	sub-1	common_four_runs_qc_unflagged
01	beta	source_reference	03,04,05,06	True	available		60	60	-0.05893543806896773	5.408425935355907	5.330387317519396	task_window_contrast_not_baseline_ERD_or_neural_learning	sub-1	common_four_runs_qc_unflagged
02	mu	source_reference	03,04,05,06	True	available		59	60	-1.1099889730714274	17.77790629359326	12.97174460830685	task_window_contrast_not_baseline_ERD_or_neural_learning	sub-1	common_four_runs_qc_unflagged
02	beta	source_reference	03,04,05,06	True	available		59	60	-0.7610676385943549	6.478146766654348	5.4474160199601895	task_window_contrast_not_baseline_ERD_or_neural_learning	sub-1	common_four_runs_qc_unflagged
03	mu	source_reference	03,04,05,06	True	available		60	60	-2.2640749801396964	15.425104448616386	9.051013977464685	task_window_contrast_not_baseline_ERD_or_neural_learning	sub-1	common_four_runs_qc_unflagged
03	beta	source_reference	03,04,05,06	True	available		60	60	-0.8108161025773342	5.687442244885272	4.7422937291431335	task_window_contrast_not_baseline_ERD_or_neural_learning	sub-1	common_four_runs_qc_unflagged
04	mu	source_reference	03,04,05,06	True	available		57	58	-2.785152935732107	18.070760498449292	9.348739866386278	task_window_contrast_not_baseline_ERD_or_neural_learning	sub-1	common_four_runs_qc_unflagged
04	beta	source_reference	03,04,05,06	True	available		57	58	-0.7427131875985182	6.130542885120701	5.182361690617555	task_window_contrast_not_baseline_ERD_or_neural_learning	sub-1	common_four_runs_qc_unflagged
01	mu	CAR	01,02,03,04,05,06	False	available		96	96	-0.9540278761326526	5.750801322700215	4.600040965401578	task_window_contrast_not_baseline_ERD_or_neural_learning	sub-2	all_six_runs_all_trials
01	beta	CAR	01,02,03,04,05,06	False	available		96	96	-0.3133816095321329	3.079774572906375	2.8811754421048366	task_window_contrast_not_baseline_ERD_or_neural_learning	sub-2	all_six_runs_all_trials
02	mu	CAR	01,02,03,04,05,06	False	available		96	96	-1.2068916384516193	9.60741484031122	7.624182142781309	task_window_contrast_not_baseline_ERD_or_neural_learning	sub-2	all_six_runs_all_trials
02	beta	CAR	01,02,03,04,05,06	False	available		96	96	-0.2448259492093996	4.2339181187795605	4.028967545538867	task_window_contrast_not_baseline_ERD_or_neural_learning	sub-2	all_six_runs_all_trials
03	mu	CAR	01,02,03,04,05,06	False	available		95	96	-0.3829381533484266	59.91080133598545	55.136391698180404	task_window_contrast_not_baseline_ERD_or_neural_learning	sub-2	all_six_runs_all_trials
03	beta	CAR	01,02,03,04,05,06	False	available		95	96	-0.11319070472689319	26.514609056926364	25.802620422240732	task_window_contrast_not_baseline_ERD_or_neural_learning	sub-2	all_six_runs_all_trials
04	mu	CAR	01,02,03,04,05,06	False	available		96	96	-3.038644118050655	9.781504711008365	4.7797879903639915	task_window_contrast_not_baseline_ERD_or_neural_learning	sub-2	all_six_runs_all_trials
04	beta	CAR	01,02,03,04,05,06	False	available		96	96	-0.9866138862286	3.6463377342911216	2.8981250749573833	task_window_contrast_not_baseline_ERD_or_neural_learning	sub-2	all_six_runs_all_trials
01	mu	CAR	03,04,05,06	False	available		64	64	-1.0859077545561036	6.248401011191454	4.855459905964484	task_window_contrast_not_baseline_ERD_or_neural_learning	sub-2	common_four_runs_all_trials
01	beta	CAR	03,04,05,06	False	available		64	64	-0.18658311476876577	3.0887059350764026	2.9733069621094845	task_window_contrast_not_baseline_ERD_or_neural_learning	sub-2	common_four_runs_all_trials
02	mu	CAR	03,04,05,06	False	available		64	64	-1.4833072742958286	6.279070726016304	4.561785327203765	task_window_contrast_not_baseline_ERD_or_neural_learning	sub-2	common_four_runs_all_trials
02	beta	CAR	03,04,05,06	False	available		64	64	-0.2485904669987704	3.0782508636408075	2.936756851987999	task_window_contrast_not_baseline_ERD_or_neural_learning	sub-2	common_four_runs_all_trials
03	mu	CAR	03,04,05,06	False	available		63	64	-0.5429504188578171	55.61768900064964	48.8891210574575	task_window_contrast_not_baseline_ERD_or_neural_learning	sub-2	common_four_runs_all_trials
03	beta	CAR	03,04,05,06	False	available		63	64	-0.16326335653825907	27.63587850869525	26.58141807801102	task_window_contrast_not_baseline_ERD_or_neural_learning	sub-2	common_four_runs_all_trials
04	mu	CAR	03,04,05,06	False	available		64	64	-3.3308072132216715	10.585764930501695	4.88921647779361	task_window_contrast_not_baseline_ERD_or_neural_learning	sub-2	common_four_runs_all_trials
04	beta	CAR	03,04,05,06	False	available		64	64	-1.0564664102994392	3.7875116255398615	2.9636614253158644	task_window_contrast_not_baseline_ERD_or_neural_learning	sub-2	common_four_runs_all_trials
01	mu	CAR	03,04,05,06	True	available		64	64	-1.0859077545561036	6.248401011191454	4.855459905964484	task_window_contrast_not_baseline_ERD_or_neural_learning	sub-2	common_four_runs_qc_unflagged
01	beta	CAR	03,04,05,06	True	available		64	64	-0.18658311476876577	3.0887059350764026	2.9733069621094845	task_window_contrast_not_baseline_ERD_or_neural_learning	sub-2	common_four_runs_qc_unflagged
02	mu	CAR	03,04,05,06	True	available		64	64	-1.4833072742958286	6.279070726016304	4.561785327203765	task_window_contrast_not_baseline_ERD_or_neural_learning	sub-2	common_four_runs_qc_unflagged
02	beta	CAR	03,04,05,06	True	available		64	64	-0.2485904669987704	3.0782508636408075	2.936756851987999	task_window_contrast_not_baseline_ERD_or_neural_learning	sub-2	common_four_runs_qc_unflagged
03	mu	CAR	03,04,05,06	True	available		63	64	-0.5429504188578171	55.61768900064964	48.8891210574575	task_window_contrast_not_baseline_ERD_or_neural_learning	sub-2	common_four_runs_qc_unflagged
03	beta	CAR	03,04,05,06	True	available		63	64	-0.16326335653825907	27.63587850869525	26.58141807801102	task_window_contrast_not_baseline_ERD_or_neural_learning	sub-2	common_four_runs_qc_unflagged
04	mu	CAR	03,04,05,06	True	available		64	64	-3.3308072132216715	10.585764930501695	4.88921647779361	task_window_contrast_not_baseline_ERD_or_neural_learning	sub-2	common_four_runs_qc_unflagged
04	beta	CAR	03,04,05,06	True	available		64	64	-1.0564664102994392	3.7875116255398615	2.9636614253158644	task_window_contrast_not_baseline_ERD_or_neural_learning	sub-2	common_four_runs_qc_unflagged
01	mu	source_reference	01,02,03,04,05,06	False	available		96	96	-0.3954046245715226	17.21041875065986	15.351367132375183	task_window_contrast_not_baseline_ERD_or_neural_learning	sub-2	all_six_runs_all_trials
01	beta	source_reference	01,02,03,04,05,06	False	available		96	96	-0.05033967190119171	9.717193488663035	9.55381885469286	task_window_contrast_not_baseline_ERD_or_neural_learning	sub-2	all_six_runs_all_trials
02	mu	source_reference	01,02,03,04,05,06	False	available		96	96	-0.6851885906235111	21.198206782510642	17.835833402361672	task_window_contrast_not_baseline_ERD_or_neural_learning	sub-2	all_six_runs_all_trials
02	beta	source_reference	01,02,03,04,05,06	False	available		96	96	-0.07303663103485292	9.292132304185296	9.170883037654168	task_window_contrast_not_baseline_ERD_or_neural_learning	sub-2	all_six_runs_all_trials
03	mu	source_reference	01,02,03,04,05,06	False	available		95	96	-2.2786997613656723	31.723813599858516	18.28735703093201	task_window_contrast_not_baseline_ERD_or_neural_learning	sub-2	all_six_runs_all_trials
03	beta	source_reference	01,02,03,04,05,06	False	available		95	96	-0.8409697422803042	9.450054101319115	7.785750712587766	task_window_contrast_not_baseline_ERD_or_neural_learning	sub-2	all_six_runs_all_trials
04	mu	source_reference	01,02,03,04,05,06	False	available		96	96	-2.816516419325854	35.04202236163829	17.40836175580811	task_window_contrast_not_baseline_ERD_or_neural_learning	sub-2	all_six_runs_all_trials
04	beta	source_reference	01,02,03,04,05,06	False	available		96	96	-0.8482377829481358	11.93894587722564	9.827526086644646	task_window_contrast_not_baseline_ERD_or_neural_learning	sub-2	all_six_runs_all_trials
01	mu	source_reference	03,04,05,06	False	available		64	64	-0.4946820798475571	18.811047782955338	16.246775769184318	task_window_contrast_not_baseline_ERD_or_neural_learning	sub-2	common_four_runs_all_trials
01	beta	source_reference	03,04,05,06	False	available		64	64	0.07591785977405507	9.98105773014907	10.04733081825978	task_window_contrast_not_baseline_ERD_or_neural_learning	sub-2	common_four_runs_all_trials
02	mu	source_reference	03,04,05,06	False	available		64	64	-0.7770180663186999	20.885906243577026	17.371223856743278	task_window_contrast_not_baseline_ERD_or_neural_learning	sub-2	common_four_runs_all_trials
02	beta	source_reference	03,04,05,06	False	available		64	64	-0.003064777067063318	9.584077517990803	9.660701663128107	task_window_contrast_not_baseline_ERD_or_neural_learning	sub-2	common_four_runs_all_trials
03	mu	source_reference	03,04,05,06	False	available		63	64	-2.8562595129552903	36.31736083268831	18.458582850578924	task_window_contrast_not_baseline_ERD_or_neural_learning	sub-2	common_four_runs_all_trials
03	beta	source_reference	03,04,05,06	False	available		63	64	-0.984919019904833	10.210324365166604	8.104560927460518	task_window_contrast_not_baseline_ERD_or_neural_learning	sub-2	common_four_runs_all_trials
04	mu	source_reference	03,04,05,06	False	available		64	64	-3.4294709023774317	40.39279376814318	17.933718435830514	task_window_contrast_not_baseline_ERD_or_neural_learning	sub-2	common_four_runs_all_trials
04	beta	source_reference	03,04,05,06	False	available		64	64	-1.1252528373181647	12.543626549086014	9.740143724738054	task_window_contrast_not_baseline_ERD_or_neural_learning	sub-2	common_four_runs_all_trials
01	mu	source_reference	03,04,05,06	True	available		64	64	-0.4946820798475571	18.811047782955338	16.246775769184318	task_window_contrast_not_baseline_ERD_or_neural_learning	sub-2	common_four_runs_qc_unflagged
01	beta	source_reference	03,04,05,06	True	available		64	64	0.07591785977405507	9.98105773014907	10.04733081825978	task_window_contrast_not_baseline_ERD_or_neural_learning	sub-2	common_four_runs_qc_unflagged
02	mu	source_reference	03,04,05,06	True	available		64	64	-0.7770180663186999	20.885906243577026	17.371223856743278	task_window_contrast_not_baseline_ERD_or_neural_learning	sub-2	common_four_runs_qc_unflagged
02	beta	source_reference	03,04,05,06	True	available		64	64	-0.003064777067063318	9.584077517990803	9.660701663128107	task_window_contrast_not_baseline_ERD_or_neural_learning	sub-2	common_four_runs_qc_unflagged
03	mu	source_reference	03,04,05,06	True	available		63	64	-2.8562595129552903	36.31736083268831	18.458582850578924	task_window_contrast_not_baseline_ERD_or_neural_learning	sub-2	common_four_runs_qc_unflagged
03	beta	source_reference	03,04,05,06	True	available		63	64	-0.984919019904833	10.210324365166604	8.104560927460518	task_window_contrast_not_baseline_ERD_or_neural_learning	sub-2	common_four_runs_qc_unflagged
04	mu	source_reference	03,04,05,06	True	available		64	64	-3.4294709023774317	40.39279376814318	17.933718435830514	task_window_contrast_not_baseline_ERD_or_neural_learning	sub-2	common_four_runs_qc_unflagged
04	beta	source_reference	03,04,05,06	True	available		64	64	-1.1252528373181647	12.543626549086014	9.740143724738054	task_window_contrast_not_baseline_ERD_or_neural_learning	sub-2	common_four_runs_qc_unflagged
01	mu	CAR	01,02,03,04,05,06	False	available		95	95	-0.23320879194182353	9.995610950111615	10.143991337812796	task_window_contrast_not_baseline_ERD_or_neural_learning	sub-3	all_six_runs_all_trials
01	beta	CAR	01,02,03,04,05,06	False	available		95	95	-0.19377814977092456	15.25097540927583	15.273001236335501	task_window_contrast_not_baseline_ERD_or_neural_learning	sub-3	all_six_runs_all_trials
02	mu	CAR	01,02,03,04,05,06	False	available		96	96	0.36662651901011145	4.545485841659738	4.866981135726132	task_window_contrast_not_baseline_ERD_or_neural_learning	sub-3	all_six_runs_all_trials
02	beta	CAR	01,02,03,04,05,06	False	available		96	96	-0.00834647345158146	4.317657114803677	4.396736089679497	task_window_contrast_not_baseline_ERD_or_neural_learning	sub-3	all_six_runs_all_trials
03	mu	CAR	01,02,03,04,05,06	False	available		95	96	-0.37895751459570803	1.6147619782552198	1.4671398218067868	task_window_contrast_not_baseline_ERD_or_neural_learning	sub-3	all_six_runs_all_trials
03	beta	CAR	01,02,03,04,05,06	False	available		95	96	0.018459019730201476	0.9616481308080389	0.9664689408228228	task_window_contrast_not_baseline_ERD_or_neural_learning	sub-3	all_six_runs_all_trials
04	mu	CAR	01,02,03,04,05,06	False	available		95	96	-0.18316047482977993	2.4260098195443387	2.341361181295429	task_window_contrast_not_baseline_ERD_or_neural_learning	sub-3	all_six_runs_all_trials
04	beta	CAR	01,02,03,04,05,06	False	available		95	96	-0.16163827086096205	1.4612055057426199	1.8838541828352098	task_window_contrast_not_baseline_ERD_or_neural_learning	sub-3	all_six_runs_all_trials
01	mu	CAR	03,04,05,06	False	available		63	63	-0.2717002635594845	5.558345604316296	5.767649126971587	task_window_contrast_not_baseline_ERD_or_neural_learning	sub-3	common_four_runs_all_trials
01	beta	CAR	03,04,05,06	False	available		63	63	-0.28346418189254763	5.0001723358656704	5.0969601502244934	task_window_contrast_not_baseline_ERD_or_neural_learning	sub-3	common_four_runs_all_trials
02	mu	CAR	03,04,05,06	False	available		64	64	0.2919144525716355	3.4896087082117564	3.6338951396591925	task_window_contrast_not_baseline_ERD_or_neural_learning	sub-3	common_four_runs_all_trials
02	beta	CAR	03,04,05,06	False	available		64	64	-0.027458860196389878	3.585401039624798	3.5824288380170968	task_window_contrast_not_baseline_ERD_or_neural_learning	sub-3	common_four_runs_all_trials
03	mu	CAR	03,04,05,06	False	available		64	64	-0.3747469076490084	1.5754812751840586	1.4432910284297382	task_window_contrast_not_baseline_ERD_or_neural_learning	sub-3	common_four_runs_all_trials
03	beta	CAR	03,04,05,06	False	available		64	64	-0.0019591524127449134	0.9533592942995579	0.9538724875819897	task_window_contrast_not_baseline_ERD_or_neural_learning	sub-3	common_four_runs_all_trials
04	mu	CAR	03,04,05,06	False	available		63	64	-0.24724337624952852	2.5204966690490784	2.4102031933237384	task_window_contrast_not_baseline_ERD_or_neural_learning	sub-3	common_four_runs_all_trials
04	beta	CAR	03,04,05,06	False	available		63	64	-0.2262688440804439	1.575877839556568	2.2130883407508986	task_window_contrast_not_baseline_ERD_or_neural_learning	sub-3	common_four_runs_all_trials
01	mu	CAR	03,04,05,06	True	available		63	63	-0.2717002635594845	5.558345604316296	5.767649126971587	task_window_contrast_not_baseline_ERD_or_neural_learning	sub-3	common_four_runs_qc_unflagged
01	beta	CAR	03,04,05,06	True	available		63	63	-0.28346418189254763	5.0001723358656704	5.0969601502244934	task_window_contrast_not_baseline_ERD_or_neural_learning	sub-3	common_four_runs_qc_unflagged
02	mu	CAR	03,04,05,06	True	available		63	63	0.3177862155545874	3.4391463435544334	3.6133360724032046	task_window_contrast_not_baseline_ERD_or_neural_learning	sub-3	common_four_runs_qc_unflagged
02	beta	CAR	03,04,05,06	True	available		63	63	0.01150062443739941	3.4864155577618456	3.5546585078416415	task_window_contrast_not_baseline_ERD_or_neural_learning	sub-3	common_four_runs_qc_unflagged
03	mu	CAR	03,04,05,06	True	available		64	64	-0.3747469076490084	1.5754812751840586	1.4432910284297382	task_window_contrast_not_baseline_ERD_or_neural_learning	sub-3	common_four_runs_qc_unflagged
03	beta	CAR	03,04,05,06	True	available		64	64	-0.0019591524127449134	0.9533592942995579	0.9538724875819897	task_window_contrast_not_baseline_ERD_or_neural_learning	sub-3	common_four_runs_qc_unflagged
04	mu	CAR	03,04,05,06	True	available		63	64	-0.24724337624952852	2.5204966690490784	2.4102031933237384	task_window_contrast_not_baseline_ERD_or_neural_learning	sub-3	common_four_runs_qc_unflagged
04	beta	CAR	03,04,05,06	True	available		63	64	-0.2262688440804439	1.575877839556568	2.2130883407508986	task_window_contrast_not_baseline_ERD_or_neural_learning	sub-3	common_four_runs_qc_unflagged
01	mu	source_reference	01,02,03,04,05,06	False	available		95	95	-0.03791094308503773	5.991794677785502	5.91404217885123	task_window_contrast_not_baseline_ERD_or_neural_learning	sub-3	all_six_runs_all_trials
01	beta	source_reference	01,02,03,04,05,06	False	available		95	95	0.1272917315458244	4.046488001970363	4.10168026220414	task_window_contrast_not_baseline_ERD_or_neural_learning	sub-3	all_six_runs_all_trials
02	mu	source_reference	01,02,03,04,05,06	False	available		96	96	0.3580552564485018	10.21273094965938	11.254528927170655	task_window_contrast_not_baseline_ERD_or_neural_learning	sub-3	all_six_runs_all_trials
02	beta	source_reference	01,02,03,04,05,06	False	available		96	96	-0.2522467551165164	7.918007435969855	7.538090193529659	task_window_contrast_not_baseline_ERD_or_neural_learning	sub-3	all_six_runs_all_trials
03	mu	source_reference	01,02,03,04,05,06	False	available		95	96	-0.17993484025739193	6.264056308547548	5.950801520770384	task_window_contrast_not_baseline_ERD_or_neural_learning	sub-3	all_six_runs_all_trials
03	beta	source_reference	01,02,03,04,05,06	False	available		95	96	0.05615719779092032	3.812861406563862	3.8645532917417733	task_window_contrast_not_baseline_ERD_or_neural_learning	sub-3	all_six_runs_all_trials
04	mu	source_reference	01,02,03,04,05,06	False	available		95	96	-0.07999096210820511	7.751812406249766	7.6821209862347075	task_window_contrast_not_baseline_ERD_or_neural_learning	sub-3	all_six_runs_all_trials
04	beta	source_reference	01,02,03,04,05,06	False	available		95	96	-0.20719426032620447	4.120019362145909	5.5745046710539965	task_window_contrast_not_baseline_ERD_or_neural_learning	sub-3	all_six_runs_all_trials
01	mu	source_reference	03,04,05,06	False	available		63	63	-0.09756082741249728	6.112257529163579	5.9549510420134535	task_window_contrast_not_baseline_ERD_or_neural_learning	sub-3	common_four_runs_all_trials
01	beta	source_reference	03,04,05,06	False	available		63	63	-0.0018734841253653656	4.151070321951897	4.058912163922445	task_window_contrast_not_baseline_ERD_or_neural_learning	sub-3	common_four_runs_all_trials
02	mu	source_reference	03,04,05,06	False	available		64	64	0.5091104990343709	10.799887023295963	12.249744166686511	task_window_contrast_not_baseline_ERD_or_neural_learning	sub-3	common_four_runs_all_trials
02	beta	source_reference	03,04,05,06	False	available		64	64	-0.20524533110215515	9.154435074375899	8.835579399030209	task_window_contrast_not_baseline_ERD_or_neural_learning	sub-3	common_four_runs_all_trials
03	mu	source_reference	03,04,05,06	False	available		64	64	-0.23308567294485272	6.1865864499575896	5.83678741634445	task_window_contrast_not_baseline_ERD_or_neural_learning	sub-3	common_four_runs_all_trials
03	beta	source_reference	03,04,05,06	False	available		64	64	-0.0258316876361242	3.8381577539241123	3.812276521146666	task_window_contrast_not_baseline_ERD_or_neural_learning	sub-3	common_four_runs_all_trials
04	mu	source_reference	03,04,05,06	False	available		63	64	-0.03339649856670235	8.028481842653884	8.072425936890427	task_window_contrast_not_baseline_ERD_or_neural_learning	sub-3	common_four_runs_all_trials
04	beta	source_reference	03,04,05,06	False	available		63	64	-0.16933563178284317	4.2545690413679	6.553884475575242	task_window_contrast_not_baseline_ERD_or_neural_learning	sub-3	common_four_runs_all_trials
01	mu	source_reference	03,04,05,06	True	available		63	63	-0.09756082741249728	6.112257529163579	5.9549510420134535	task_window_contrast_not_baseline_ERD_or_neural_learning	sub-3	common_four_runs_qc_unflagged
01	beta	source_reference	03,04,05,06	True	available		63	63	-0.0018734841253653656	4.151070321951897	4.058912163922445	task_window_contrast_not_baseline_ERD_or_neural_learning	sub-3	common_four_runs_qc_unflagged
02	mu	source_reference	03,04,05,06	True	available		63	63	0.5627765377429839	10.741463315451375	12.3103417884939	task_window_contrast_not_baseline_ERD_or_neural_learning	sub-3	common_four_runs_qc_unflagged
02	beta	source_reference	03,04,05,06	True	available		63	63	-0.15212759565409684	9.085209484282029	8.860593616459083	task_window_contrast_not_baseline_ERD_or_neural_learning	sub-3	common_four_runs_qc_unflagged
03	mu	source_reference	03,04,05,06	True	available		64	64	-0.23308567294485272	6.1865864499575896	5.83678741634445	task_window_contrast_not_baseline_ERD_or_neural_learning	sub-3	common_four_runs_qc_unflagged
03	beta	source_reference	03,04,05,06	True	available		64	64	-0.0258316876361242	3.8381577539241123	3.812276521146666	task_window_contrast_not_baseline_ERD_or_neural_learning	sub-3	common_four_runs_qc_unflagged
04	mu	source_reference	03,04,05,06	True	available		63	64	-0.03339649856670235	8.028481842653884	8.072425936890427	task_window_contrast_not_baseline_ERD_or_neural_learning	sub-3	common_four_runs_qc_unflagged
04	beta	source_reference	03,04,05,06	True	available		63	64	-0.16933563178284317	4.2545690413679	6.553884475575242	task_window_contrast_not_baseline_ERD_or_neural_learning	sub-3	common_four_runs_qc_unflagged
01	mu	CAR	01,02,03,04,05,06	False	available		96	96	-0.28044186789218273	2.717395420261138	2.5327940294858204	task_window_contrast_not_baseline_ERD_or_neural_learning	sub-4	all_six_runs_all_trials
01	beta	CAR	01,02,03,04,05,06	False	available		96	96	0.28404338114995653	5.492414754715412	5.458210569321463	task_window_contrast_not_baseline_ERD_or_neural_learning	sub-4	all_six_runs_all_trials
02	mu	CAR	01,02,03,04,05,06	False	available		96	96	-0.3135540883447874	3.076888757809337	2.921858630881442	task_window_contrast_not_baseline_ERD_or_neural_learning	sub-4	all_six_runs_all_trials
02	beta	CAR	01,02,03,04,05,06	False	available		96	96	0.7028257377905511	5.4852170959233675	6.187297844494687	task_window_contrast_not_baseline_ERD_or_neural_learning	sub-4	all_six_runs_all_trials
03	mu	CAR	01,02,03,04,05,06	False	available		96	96	-0.6656310125374709	2.583582892813109	2.277350804888228	task_window_contrast_not_baseline_ERD_or_neural_learning	sub-4	all_six_runs_all_trials
03	beta	CAR	01,02,03,04,05,06	False	available		96	96	1.2370285167451733	2.2425392439746923	2.945816952263701	task_window_contrast_not_baseline_ERD_or_neural_learning	sub-4	all_six_runs_all_trials
04	mu	CAR	01,02,03,04,05,06	False	available		96	96	-0.03170945748227183	2.2319548060277388	2.2434773384979665	task_window_contrast_not_baseline_ERD_or_neural_learning	sub-4	all_six_runs_all_trials
04	beta	CAR	01,02,03,04,05,06	False	available		96	96	1.0640848644137613	3.7698184512293627	4.925330134722948	task_window_contrast_not_baseline_ERD_or_neural_learning	sub-4	all_six_runs_all_trials
01	mu	CAR	03,04,05,06	False	available		64	64	-0.5244714459320576	3.0268400420458	2.6937183548559185	task_window_contrast_not_baseline_ERD_or_neural_learning	sub-4	common_four_runs_all_trials
01	beta	CAR	03,04,05,06	False	available		64	64	0.45914397234284365	5.61887679745382	5.748278124398807	task_window_contrast_not_baseline_ERD_or_neural_learning	sub-4	common_four_runs_all_trials
02	mu	CAR	03,04,05,06	False	available		64	64	-0.12211936912985166	3.3085720253752715	3.2751973704382324	task_window_contrast_not_baseline_ERD_or_neural_learning	sub-4	common_four_runs_all_trials
02	beta	CAR	03,04,05,06	False	available		64	64	0.48620885421565063	6.08797826211193	6.544678134080888	task_window_contrast_not_baseline_ERD_or_neural_learning	sub-4	common_four_runs_all_trials
03	mu	CAR	03,04,05,06	False	available		64	64	-0.6333733961477606	2.7325054787885175	2.4145017795790507	task_window_contrast_not_baseline_ERD_or_neural_learning	sub-4	common_four_runs_all_trials
03	beta	CAR	03,04,05,06	False	available		64	64	1.1146498908879998	2.4217313945194743	3.09503565070575	task_window_contrast_not_baseline_ERD_or_neural_learning	sub-4	common_four_runs_all_trials
04	mu	CAR	03,04,05,06	False	available		64	64	-0.023263174391807695	2.359160705281402	2.376156908134048	task_window_contrast_not_baseline_ERD_or_neural_learning	sub-4	common_four_runs_all_trials
04	beta	CAR	03,04,05,06	False	available		64	64	1.3371668192966268	4.175444069652534	5.756572438738088	task_window_contrast_not_baseline_ERD_or_neural_learning	sub-4	common_four_runs_all_trials
01	mu	CAR	03,04,05,06	True	available		64	64	-0.5244714459320576	3.0268400420458	2.6937183548559185	task_window_contrast_not_baseline_ERD_or_neural_learning	sub-4	common_four_runs_qc_unflagged
01	beta	CAR	03,04,05,06	True	available		64	64	0.45914397234284365	5.61887679745382	5.748278124398807	task_window_contrast_not_baseline_ERD_or_neural_learning	sub-4	common_four_runs_qc_unflagged
02	mu	CAR	03,04,05,06	True	available		64	64	-0.12211936912985166	3.3085720253752715	3.2751973704382324	task_window_contrast_not_baseline_ERD_or_neural_learning	sub-4	common_four_runs_qc_unflagged
02	beta	CAR	03,04,05,06	True	available		64	64	0.48620885421565063	6.08797826211193	6.544678134080888	task_window_contrast_not_baseline_ERD_or_neural_learning	sub-4	common_four_runs_qc_unflagged
03	mu	CAR	03,04,05,06	True	available		64	64	-0.6333733961477606	2.7325054787885175	2.4145017795790507	task_window_contrast_not_baseline_ERD_or_neural_learning	sub-4	common_four_runs_qc_unflagged
03	beta	CAR	03,04,05,06	True	available		64	64	1.1146498908879998	2.4217313945194743	3.09503565070575	task_window_contrast_not_baseline_ERD_or_neural_learning	sub-4	common_four_runs_qc_unflagged
04	mu	CAR	03,04,05,06	True	available		64	64	-0.023263174391807695	2.359160705281402	2.376156908134048	task_window_contrast_not_baseline_ERD_or_neural_learning	sub-4	common_four_runs_qc_unflagged
04	beta	CAR	03,04,05,06	True	available		64	64	1.3371668192966268	4.175444069652534	5.756572438738088	task_window_contrast_not_baseline_ERD_or_neural_learning	sub-4	common_four_runs_qc_unflagged
01	mu	source_reference	01,02,03,04,05,06	False	available		96	96	-0.28021142531962084	11.88316232699936	11.248689054661861	task_window_contrast_not_baseline_ERD_or_neural_learning	sub-4	all_six_runs_all_trials
01	beta	source_reference	01,02,03,04,05,06	False	available		96	96	0.2901626341372321	11.05416485201688	11.531183233136312	task_window_contrast_not_baseline_ERD_or_neural_learning	sub-4	all_six_runs_all_trials
02	mu	source_reference	01,02,03,04,05,06	False	available		96	96	0.15605419286337963	13.933260357202714	14.516591765168043	task_window_contrast_not_baseline_ERD_or_neural_learning	sub-4	all_six_runs_all_trials
02	beta	source_reference	01,02,03,04,05,06	False	available		96	96	0.7408293315547532	11.392992254891434	13.216770579016119	task_window_contrast_not_baseline_ERD_or_neural_learning	sub-4	all_six_runs_all_trials
03	mu	source_reference	01,02,03,04,05,06	False	available		96	96	0.11132189850313168	11.218670264808077	11.784652943197967	task_window_contrast_not_baseline_ERD_or_neural_learning	sub-4	all_six_runs_all_trials
03	beta	source_reference	01,02,03,04,05,06	False	available		96	96	1.2380936758152572	7.312054949797275	9.716602741371346	task_window_contrast_not_baseline_ERD_or_neural_learning	sub-4	all_six_runs_all_trials
04	mu	source_reference	01,02,03,04,05,06	False	available		96	96	0.9445056095609417	10.27887078831032	12.875396125344928	task_window_contrast_not_baseline_ERD_or_neural_learning	sub-4	all_six_runs_all_trials
04	beta	source_reference	01,02,03,04,05,06	False	available		96	96	1.251505147571912	8.82537138979112	11.864280317481372	task_window_contrast_not_baseline_ERD_or_neural_learning	sub-4	all_six_runs_all_trials
01	mu	source_reference	03,04,05,06	False	available		64	64	-0.5082829915934362	13.365966973525646	12.057736636782955	task_window_contrast_not_baseline_ERD_or_neural_learning	sub-4	common_four_runs_all_trials
01	beta	source_reference	03,04,05,06	False	available		64	64	0.4602521950332772	11.323762756148376	12.185199227161881	task_window_contrast_not_baseline_ERD_or_neural_learning	sub-4	common_four_runs_all_trials
02	mu	source_reference	03,04,05,06	False	available		64	64	0.3467289352368219	15.323169756916197	16.62648569464364	task_window_contrast_not_baseline_ERD_or_neural_learning	sub-4	common_four_runs_all_trials
02	beta	source_reference	03,04,05,06	False	available		64	64	0.6700420328528445	12.194313929429796	13.87970988112558	task_window_contrast_not_baseline_ERD_or_neural_learning	sub-4	common_four_runs_all_trials
03	mu	source_reference	03,04,05,06	False	available		64	64	0.08584376112549919	11.989260140318171	12.393762216461534	task_window_contrast_not_baseline_ERD_or_neural_learning	sub-4	common_four_runs_all_trials
03	beta	source_reference	03,04,05,06	False	available		64	64	1.1459075541725383	7.4034488783656185	9.635341294434543	task_window_contrast_not_baseline_ERD_or_neural_learning	sub-4	common_four_runs_all_trials
04	mu	source_reference	03,04,05,06	False	available		64	64	0.962696378177057	10.85955237782033	13.686969661881243	task_window_contrast_not_baseline_ERD_or_neural_learning	sub-4	common_four_runs_all_trials
04	beta	source_reference	03,04,05,06	False	available		64	64	1.3967577434474698	9.149849001347896	12.73551420675539	task_window_contrast_not_baseline_ERD_or_neural_learning	sub-4	common_four_runs_all_trials
01	mu	source_reference	03,04,05,06	True	available		64	64	-0.5082829915934362	13.365966973525646	12.057736636782955	task_window_contrast_not_baseline_ERD_or_neural_learning	sub-4	common_four_runs_qc_unflagged
01	beta	source_reference	03,04,05,06	True	available		64	64	0.4602521950332772	11.323762756148376	12.185199227161881	task_window_contrast_not_baseline_ERD_or_neural_learning	sub-4	common_four_runs_qc_unflagged
02	mu	source_reference	03,04,05,06	True	available		64	64	0.3467289352368219	15.323169756916197	16.62648569464364	task_window_contrast_not_baseline_ERD_or_neural_learning	sub-4	common_four_runs_qc_unflagged
02	beta	source_reference	03,04,05,06	True	available		64	64	0.6700420328528445	12.194313929429796	13.87970988112558	task_window_contrast_not_baseline_ERD_or_neural_learning	sub-4	common_four_runs_qc_unflagged
03	mu	source_reference	03,04,05,06	True	available		64	64	0.08584376112549919	11.989260140318171	12.393762216461534	task_window_contrast_not_baseline_ERD_or_neural_learning	sub-4	common_four_runs_qc_unflagged
03	beta	source_reference	03,04,05,06	True	available		64	64	1.1459075541725383	7.4034488783656185	9.635341294434543	task_window_contrast_not_baseline_ERD_or_neural_learning	sub-4	common_four_runs_qc_unflagged
04	mu	source_reference	03,04,05,06	True	available		64	64	0.962696378177057	10.85955237782033	13.686969661881243	task_window_contrast_not_baseline_ERD_or_neural_learning	sub-4	common_four_runs_qc_unflagged
04	beta	source_reference	03,04,05,06	True	available		64	64	1.3967577434474698	9.149849001347896	12.73551420675539	task_window_contrast_not_baseline_ERD_or_neural_learning	sub-4	common_four_runs_qc_unflagged
01	mu	CAR	01,02,03,04,05,06	False	available		95	96	0.17758655254011657	2.4953045711543966	2.623915042469091	task_window_contrast_not_baseline_ERD_or_neural_learning	sub-5	all_six_runs_all_trials
01	beta	CAR	01,02,03,04,05,06	False	available		95	96	0.5038905980896935	3.355945929951942	3.7721599434484205	task_window_contrast_not_baseline_ERD_or_neural_learning	sub-5	all_six_runs_all_trials
02	mu	CAR	01,02,03,04,05,06	False	available		96	94	0.11852272967812993	2.5783731616621095	2.7301251038384002	task_window_contrast_not_baseline_ERD_or_neural_learning	sub-5	all_six_runs_all_trials
02	beta	CAR	01,02,03,04,05,06	False	available		96	94	-0.08945751858085771	2.5400260661735756	2.4788156066848095	task_window_contrast_not_baseline_ERD_or_neural_learning	sub-5	all_six_runs_all_trials
03	mu	CAR	01,02,03,04,05,06	False	available		96	96	-0.9800678068081048	3.3991241945452573	2.629919381096418	task_window_contrast_not_baseline_ERD_or_neural_learning	sub-5	all_six_runs_all_trials
03	beta	CAR	01,02,03,04,05,06	False	available		96	96	-0.38331939197846054	2.8847472063149624	2.6401998345214506	task_window_contrast_not_baseline_ERD_or_neural_learning	sub-5	all_six_runs_all_trials
04	mu	CAR	01,02,03,04,05,06	False	available		96	96	-1.1417212866633442	3.990015610458641	2.8145469248385377	task_window_contrast_not_baseline_ERD_or_neural_learning	sub-5	all_six_runs_all_trials
04	beta	CAR	01,02,03,04,05,06	False	available		96	96	-0.6610610584232823	3.2907736655247013	2.7934900089352426	task_window_contrast_not_baseline_ERD_or_neural_learning	sub-5	all_six_runs_all_trials
01	mu	CAR	03,04,05,06	False	available		63	64	0.19605833625167435	2.3079412338296668	2.4268951415260807	task_window_contrast_not_baseline_ERD_or_neural_learning	sub-5	common_four_runs_all_trials
01	beta	CAR	03,04,05,06	False	available		63	64	0.5354258705889059	3.301963669729185	3.7500484300563075	task_window_contrast_not_baseline_ERD_or_neural_learning	sub-5	common_four_runs_all_trials
02	mu	CAR	03,04,05,06	False	available		64	63	0.1617285480687336	2.7241783822743955	2.9451496979567877	task_window_contrast_not_baseline_ERD_or_neural_learning	sub-5	common_four_runs_all_trials
02	beta	CAR	03,04,05,06	False	available		64	63	-0.15904188513180983	2.588406162205385	2.4861962544001486	task_window_contrast_not_baseline_ERD_or_neural_learning	sub-5	common_four_runs_all_trials
03	mu	CAR	03,04,05,06	False	available		64	64	-1.260663401113824	3.611641663554078	2.610877195210816	task_window_contrast_not_baseline_ERD_or_neural_learning	sub-5	common_four_runs_all_trials
03	beta	CAR	03,04,05,06	False	available		64	64	-0.5511816124672109	2.8519111101472117	2.4974774319104642	task_window_contrast_not_baseline_ERD_or_neural_learning	sub-5	common_four_runs_all_trials
04	mu	CAR	03,04,05,06	False	available		64	64	-1.462491059709663	4.428571771784589	2.9274108615562415	task_window_contrast_not_baseline_ERD_or_neural_learning	sub-5	common_four_runs_all_trials
04	beta	CAR	03,04,05,06	False	available		64	64	-0.8694699174220943	3.545970121991056	2.881844319449973	task_window_contrast_not_baseline_ERD_or_neural_learning	sub-5	common_four_runs_all_trials
01	mu	CAR	03,04,05,06	True	available		63	64	0.19605833625167435	2.3079412338296668	2.4268951415260807	task_window_contrast_not_baseline_ERD_or_neural_learning	sub-5	common_four_runs_qc_unflagged
01	beta	CAR	03,04,05,06	True	available		63	64	0.5354258705889059	3.301963669729185	3.7500484300563075	task_window_contrast_not_baseline_ERD_or_neural_learning	sub-5	common_four_runs_qc_unflagged
02	mu	CAR	03,04,05,06	True	available		64	63	0.1617285480687336	2.7241783822743955	2.9451496979567877	task_window_contrast_not_baseline_ERD_or_neural_learning	sub-5	common_four_runs_qc_unflagged
02	beta	CAR	03,04,05,06	True	available		64	63	-0.15904188513180983	2.588406162205385	2.4861962544001486	task_window_contrast_not_baseline_ERD_or_neural_learning	sub-5	common_four_runs_qc_unflagged
03	mu	CAR	03,04,05,06	True	available		61	64	-1.2896887998907758	3.6543320087776294	2.610877195210816	task_window_contrast_not_baseline_ERD_or_neural_learning	sub-5	common_four_runs_qc_unflagged
03	beta	CAR	03,04,05,06	True	available		61	64	-0.5721095587960789	2.865463355900552	2.4974774319104642	task_window_contrast_not_baseline_ERD_or_neural_learning	sub-5	common_four_runs_qc_unflagged
04	mu	CAR	03,04,05,06	True	available		63	63	-1.401847845381674	4.15325741588134	2.8734158207621663	task_window_contrast_not_baseline_ERD_or_neural_learning	sub-5	common_four_runs_qc_unflagged
04	beta	CAR	03,04,05,06	True	available		63	63	-0.8389823054968204	3.438858015965909	2.847882184312854	task_window_contrast_not_baseline_ERD_or_neural_learning	sub-5	common_four_runs_qc_unflagged
01	mu	source_reference	01,02,03,04,05,06	False	available		95	96	0.5551232919926896	8.008845695381053	9.19881715855179	task_window_contrast_not_baseline_ERD_or_neural_learning	sub-5	all_six_runs_all_trials
01	beta	source_reference	01,02,03,04,05,06	False	available		95	96	0.5065684079857391	8.009405339669616	9.030102445369574	task_window_contrast_not_baseline_ERD_or_neural_learning	sub-5	all_six_runs_all_trials
02	mu	source_reference	01,02,03,04,05,06	False	available		96	94	0.007893795356892497	8.31321129177433	8.48604756446421	task_window_contrast_not_baseline_ERD_or_neural_learning	sub-5	all_six_runs_all_trials
02	beta	source_reference	01,02,03,04,05,06	False	available		96	94	0.10154970287928222	6.8939638225788045	7.023756860353816	task_window_contrast_not_baseline_ERD_or_neural_learning	sub-5	all_six_runs_all_trials
03	mu	source_reference	01,02,03,04,05,06	False	available		96	96	-1.0805527861898057	11.682916161759605	8.775857744371862	task_window_contrast_not_baseline_ERD_or_neural_learning	sub-5	all_six_runs_all_trials
03	beta	source_reference	01,02,03,04,05,06	False	available		96	96	-0.4119915970928467	8.022378991708996	7.264432312880742	task_window_contrast_not_baseline_ERD_or_neural_learning	sub-5	all_six_runs_all_trials
04	mu	source_reference	01,02,03,04,05,06	False	available		96	96	-1.2141154083655081	12.536409501613749	8.581369238940649	task_window_contrast_not_baseline_ERD_or_neural_learning	sub-5	all_six_runs_all_trials
04	beta	source_reference	01,02,03,04,05,06	False	available		96	96	-0.6876487559883593	8.419132765997121	7.148975684284899	task_window_contrast_not_baseline_ERD_or_neural_learning	sub-5	all_six_runs_all_trials
01	mu	source_reference	03,04,05,06	False	available		63	64	0.483859065984813	7.652233535499604	8.634751967342563	task_window_contrast_not_baseline_ERD_or_neural_learning	sub-5	common_four_runs_all_trials
01	beta	source_reference	03,04,05,06	False	available		63	64	0.4677699411041658	7.9634412686259335	8.906590142641276	task_window_contrast_not_baseline_ERD_or_neural_learning	sub-5	common_four_runs_all_trials
02	mu	source_reference	03,04,05,06	False	available		64	63	0.034852507596436766	8.613828846779867	8.92647872169303	task_window_contrast_not_baseline_ERD_or_neural_learning	sub-5	common_four_runs_all_trials
02	beta	source_reference	03,04,05,06	False	available		64	63	0.07142894259596133	7.0206888661342255	7.092186656174693	task_window_contrast_not_baseline_ERD_or_neural_learning	sub-5	common_four_runs_all_trials
03	mu	source_reference	03,04,05,06	False	available		64	64	-1.3278572997472438	12.240010790281989	8.81779228792605	task_window_contrast_not_baseline_ERD_or_neural_learning	sub-5	common_four_runs_all_trials
03	beta	source_reference	03,04,05,06	False	available		64	64	-0.6129084268647134	8.238708735015098	7.12515712176353	task_window_contrast_not_baseline_ERD_or_neural_learning	sub-5	common_four_runs_all_trials
04	mu	source_reference	03,04,05,06	False	available		64	64	-1.443062197510585	13.556581813466348	8.955179380846367	task_window_contrast_not_baseline_ERD_or_neural_learning	sub-5	common_four_runs_all_trials
04	beta	source_reference	03,04,05,06	False	available		64	64	-0.8392432043840437	8.816993749265096	7.246362618747327	task_window_contrast_not_baseline_ERD_or_neural_learning	sub-5	common_four_runs_all_trials
01	mu	source_reference	03,04,05,06	True	available		63	64	0.483859065984813	7.652233535499604	8.634751967342563	task_window_contrast_not_baseline_ERD_or_neural_learning	sub-5	common_four_runs_qc_unflagged
01	beta	source_reference	03,04,05,06	True	available		63	64	0.4677699411041658	7.9634412686259335	8.906590142641276	task_window_contrast_not_baseline_ERD_or_neural_learning	sub-5	common_four_runs_qc_unflagged
02	mu	source_reference	03,04,05,06	True	available		64	63	0.034852507596436766	8.613828846779867	8.92647872169303	task_window_contrast_not_baseline_ERD_or_neural_learning	sub-5	common_four_runs_qc_unflagged
02	beta	source_reference	03,04,05,06	True	available		64	63	0.07142894259596133	7.0206888661342255	7.092186656174693	task_window_contrast_not_baseline_ERD_or_neural_learning	sub-5	common_four_runs_qc_unflagged
03	mu	source_reference	03,04,05,06	True	available		61	64	-1.3482667237219204	12.372039953752752	8.81779228792605	task_window_contrast_not_baseline_ERD_or_neural_learning	sub-5	common_four_runs_qc_unflagged
03	beta	source_reference	03,04,05,06	True	available		61	64	-0.6110067450745937	8.240500981149372	7.12515712176353	task_window_contrast_not_baseline_ERD_or_neural_learning	sub-5	common_four_runs_qc_unflagged
04	mu	source_reference	03,04,05,06	True	available		63	63	-1.408226751296091	13.33065757017523	8.894928726075921	task_window_contrast_not_baseline_ERD_or_neural_learning	sub-5	common_four_runs_qc_unflagged
04	beta	source_reference	03,04,05,06	True	available		63	63	-0.8213251252081832	8.698048552400726	7.202500347497579	task_window_contrast_not_baseline_ERD_or_neural_learning	sub-5	common_four_runs_qc_unflagged
01	mu	CAR	01,02,03,04,05,06	False	available		96	96	0.7867467341051437	3.496704012297174	4.280507497183797	task_window_contrast_not_baseline_ERD_or_neural_learning	sub-6	all_six_runs_all_trials
01	beta	CAR	01,02,03,04,05,06	False	available		96	96	-0.4006747950753109	2.433598131823761	2.2457650475996096	task_window_contrast_not_baseline_ERD_or_neural_learning	sub-6	all_six_runs_all_trials
02	mu	CAR	01,02,03,04,05,06	False	available		96	96	1.1222555349585939	3.873126794861163	5.140858551013172	task_window_contrast_not_baseline_ERD_or_neural_learning	sub-6	all_six_runs_all_trials
02	beta	CAR	01,02,03,04,05,06	False	available		96	96	-0.870476056859566	3.035541249838637	2.400372218796823	task_window_contrast_not_baseline_ERD_or_neural_learning	sub-6	all_six_runs_all_trials
03	mu	CAR	01,02,03,04,05,06	False	available		96	96	0.023275303309695516	3.1279738529207535	3.2116399496101455	task_window_contrast_not_baseline_ERD_or_neural_learning	sub-6	all_six_runs_all_trials
03	beta	CAR	01,02,03,04,05,06	False	available		96	96	-1.4256720181147564	2.8023654026186953	1.9396336386192228	task_window_contrast_not_baseline_ERD_or_neural_learning	sub-6	all_six_runs_all_trials
04	mu	CAR	01,02,03,04,05,06	False	available		96	96	-0.40835674177602144	3.654392505437364	3.354242989582102	task_window_contrast_not_baseline_ERD_or_neural_learning	sub-6	all_six_runs_all_trials
04	beta	CAR	01,02,03,04,05,06	False	available		96	96	-1.3288458595488173	2.509417097236084	1.8399506486824786	task_window_contrast_not_baseline_ERD_or_neural_learning	sub-6	all_six_runs_all_trials
01	mu	CAR	03,04,05,06	False	available		64	64	0.9886963441255325	3.4996195003782082	4.492008103814866	task_window_contrast_not_baseline_ERD_or_neural_learning	sub-6	common_four_runs_all_trials
01	beta	CAR	03,04,05,06	False	available		64	64	-0.3006771958422405	2.5542743767874594	2.4347788672115565	task_window_contrast_not_baseline_ERD_or_neural_learning	sub-6	common_four_runs_all_trials
02	mu	CAR	03,04,05,06	False	available		64	64	1.1306466586168362	3.633736312294254	4.8025330498241185	task_window_contrast_not_baseline_ERD_or_neural_learning	sub-6	common_four_runs_all_trials
02	beta	CAR	03,04,05,06	False	available		64	64	-0.9339877694379695	3.15014874271004	2.4047233426865917	task_window_contrast_not_baseline_ERD_or_neural_learning	sub-6	common_four_runs_all_trials
03	mu	CAR	03,04,05,06	False	available		64	64	-0.04396626482749966	3.1852307128467254	3.2439986562825553	task_window_contrast_not_baseline_ERD_or_neural_learning	sub-6	common_four_runs_all_trials
03	beta	CAR	03,04,05,06	False	available		64	64	-0.9946156190260425	2.3627396777034306	1.8915834554786533	task_window_contrast_not_baseline_ERD_or_neural_learning	sub-6	common_four_runs_all_trials
04	mu	CAR	03,04,05,06	False	available		64	64	-0.33490015310409404	3.5855881638561877	3.344752938468081	task_window_contrast_not_baseline_ERD_or_neural_learning	sub-6	common_four_runs_all_trials
04	beta	CAR	03,04,05,06	False	available		64	64	-1.116652766812578	2.4739424907635743	1.9050601801215532	task_window_contrast_not_baseline_ERD_or_neural_learning	sub-6	common_four_runs_all_trials
01	mu	CAR	03,04,05,06	True	available		64	63	0.9460839899547402	3.4996195003782082	4.44669340091249	task_window_contrast_not_baseline_ERD_or_neural_learning	sub-6	common_four_runs_qc_unflagged
01	beta	CAR	03,04,05,06	True	available		64	63	-0.3136035480585164	2.5542743767874594	2.4286779066728874	task_window_contrast_not_baseline_ERD_or_neural_learning	sub-6	common_four_runs_qc_unflagged
02	mu	CAR	03,04,05,06	True	available		64	63	1.1137910132818263	3.633736312294254	4.781502632879682	task_window_contrast_not_baseline_ERD_or_neural_learning	sub-6	common_four_runs_qc_unflagged
02	beta	CAR	03,04,05,06	True	available		64	63	-0.9560324286569788	3.15014874271004	2.3922430813112343	task_window_contrast_not_baseline_ERD_or_neural_learning	sub-6	common_four_runs_qc_unflagged
03	mu	CAR	03,04,05,06	True	available		64	64	-0.04396626482749966	3.1852307128467254	3.2439986562825553	task_window_contrast_not_baseline_ERD_or_neural_learning	sub-6	common_four_runs_qc_unflagged
03	beta	CAR	03,04,05,06	True	available		64	64	-0.9946156190260425	2.3627396777034306	1.8915834554786533	task_window_contrast_not_baseline_ERD_or_neural_learning	sub-6	common_four_runs_qc_unflagged
04	mu	CAR	03,04,05,06	True	available		64	64	-0.33490015310409404	3.5855881638561877	3.344752938468081	task_window_contrast_not_baseline_ERD_or_neural_learning	sub-6	common_four_runs_qc_unflagged
04	beta	CAR	03,04,05,06	True	available		64	64	-1.116652766812578	2.4739424907635743	1.9050601801215532	task_window_contrast_not_baseline_ERD_or_neural_learning	sub-6	common_four_runs_qc_unflagged
01	mu	source_reference	01,02,03,04,05,06	False	available		96	96	0.9862493401985439	11.062626676390906	14.140189281907515	task_window_contrast_not_baseline_ERD_or_neural_learning	sub-6	all_six_runs_all_trials
01	beta	source_reference	01,02,03,04,05,06	False	available		96	96	-0.06248977806015077	6.456972467863348	6.442929878499094	task_window_contrast_not_baseline_ERD_or_neural_learning	sub-6	all_six_runs_all_trials
02	mu	source_reference	01,02,03,04,05,06	False	available		96	96	1.5187559848806487	11.446811551498469	16.736927136234925	task_window_contrast_not_baseline_ERD_or_neural_learning	sub-6	all_six_runs_all_trials
02	beta	source_reference	01,02,03,04,05,06	False	available		96	96	-0.2543825994693272	7.601907781655542	7.146154765636378	task_window_contrast_not_baseline_ERD_or_neural_learning	sub-6	all_six_runs_all_trials
03	mu	source_reference	01,02,03,04,05,06	False	available		96	96	0.13267446600652377	9.299176532437771	9.8980735801491	task_window_contrast_not_baseline_ERD_or_neural_learning	sub-6	all_six_runs_all_trials
03	beta	source_reference	01,02,03,04,05,06	False	available		96	96	-0.8618197470229916	7.001603060284533	5.681977602927989	task_window_contrast_not_baseline_ERD_or_neural_learning	sub-6	all_six_runs_all_trials
04	mu	source_reference	01,02,03,04,05,06	False	available		96	96	-0.34118500852690303	12.052740305973055	10.956302072449846	task_window_contrast_not_baseline_ERD_or_neural_learning	sub-6	all_six_runs_all_trials
04	beta	source_reference	01,02,03,04,05,06	False	available		96	96	-0.6676316430378826	6.971566752688868	5.996558514435144	task_window_contrast_not_baseline_ERD_or_neural_learning	sub-6	all_six_runs_all_trials
01	mu	source_reference	03,04,05,06	False	available		64	64	1.4249962570869634	10.291459706242764	14.869816563205662	task_window_contrast_not_baseline_ERD_or_neural_learning	sub-6	common_four_runs_all_trials
01	beta	source_reference	03,04,05,06	False	available		64	64	0.14684152605214607	6.599475541168605	6.936810140313815	task_window_contrast_not_baseline_ERD_or_neural_learning	sub-6	common_four_runs_all_trials
02	mu	source_reference	03,04,05,06	False	available		64	64	1.3841015719377658	10.735845737493563	15.210457059963334	task_window_contrast_not_baseline_ERD_or_neural_learning	sub-6	common_four_runs_all_trials
02	beta	source_reference	03,04,05,06	False	available		64	64	-0.30874158812768115	7.854715779746892	7.2336643147497135	task_window_contrast_not_baseline_ERD_or_neural_learning	sub-6	common_four_runs_all_trials
03	mu	source_reference	03,04,05,06	False	available		64	64	0.09424593798355474	9.448116361951985	10.060579314555836	task_window_contrast_not_baseline_ERD_or_neural_learning	sub-6	common_four_runs_all_trials
03	beta	source_reference	03,04,05,06	False	available		64	64	-0.697757530882015	6.558897970416888	5.636357006495778	task_window_contrast_not_baseline_ERD_or_neural_learning	sub-6	common_four_runs_all_trials
04	mu	source_reference	03,04,05,06	False	available		64	64	-0.24221787470281697	11.52291573151054	10.822011435935643	task_window_contrast_not_baseline_ERD_or_neural_learning	sub-6	common_four_runs_all_trials
04	beta	source_reference	03,04,05,06	False	available		64	64	-0.48802471481364407	7.062264298537279	6.316364278041403	task_window_contrast_not_baseline_ERD_or_neural_learning	sub-6	common_four_runs_all_trials
01	mu	source_reference	03,04,05,06	True	available		64	63	1.379459063170625	10.291459706242764	14.706250051256758	task_window_contrast_not_baseline_ERD_or_neural_learning	sub-6	common_four_runs_qc_unflagged
01	beta	source_reference	03,04,05,06	True	available		64	63	0.14155989146239278	6.599475541168605	6.931498329048926	task_window_contrast_not_baseline_ERD_or_neural_learning	sub-6	common_four_runs_qc_unflagged
02	mu	source_reference	03,04,05,06	True	available		64	63	1.375416204857931	10.735845737493563	15.188478000930308	task_window_contrast_not_baseline_ERD_or_neural_learning	sub-6	common_four_runs_qc_unflagged
02	beta	source_reference	03,04,05,06	True	available		64	63	-0.33714442597897687	7.854715779746892	7.183253624610124	task_window_contrast_not_baseline_ERD_or_neural_learning	sub-6	common_four_runs_qc_unflagged
03	mu	source_reference	03,04,05,06	True	available		64	64	0.09424593798355474	9.448116361951985	10.060579314555836	task_window_contrast_not_baseline_ERD_or_neural_learning	sub-6	common_four_runs_qc_unflagged
03	beta	source_reference	03,04,05,06	True	available		64	64	-0.697757530882015	6.558897970416888	5.636357006495778	task_window_contrast_not_baseline_ERD_or_neural_learning	sub-6	common_four_runs_qc_unflagged
04	mu	source_reference	03,04,05,06	True	available		64	64	-0.24221787470281697	11.52291573151054	10.822011435935643	task_window_contrast_not_baseline_ERD_or_neural_learning	sub-6	common_four_runs_qc_unflagged
04	beta	source_reference	03,04,05,06	True	available		64	64	-0.48802471481364407	7.062264298537279	6.316364278041403	task_window_contrast_not_baseline_ERD_or_neural_learning	sub-6	common_four_runs_qc_unflagged
01	mu	CAR	01,02,03,04,05,06	False	available		88	90	-2.197124981935179	6.4780847798095	3.830075266346899	task_window_contrast_not_baseline_ERD_or_neural_learning	sub-7	all_six_runs_all_trials
01	beta	CAR	01,02,03,04,05,06	False	available		88	90	-0.9187687658786814	2.2741123401393892	1.8394878279696698	task_window_contrast_not_baseline_ERD_or_neural_learning	sub-7	all_six_runs_all_trials
02	mu	CAR	01,02,03,04,05,06	False	available		88	90	-2.197124981935179	6.4780847798095	3.830075266346899	task_window_contrast_not_baseline_ERD_or_neural_learning	sub-7	all_six_runs_all_trials
02	beta	CAR	01,02,03,04,05,06	False	available		88	90	-0.9187687658786814	2.2741123401393892	1.8394878279696698	task_window_contrast_not_baseline_ERD_or_neural_learning	sub-7	all_six_runs_all_trials
03	mu	CAR	01,02,03,04,05,06	False	available		88	90	-2.197124981935179	6.4780847798095	3.830075266346899	task_window_contrast_not_baseline_ERD_or_neural_learning	sub-7	all_six_runs_all_trials
03	beta	CAR	01,02,03,04,05,06	False	available		88	90	-0.9187687658786814	2.2741123401393892	1.8394878279696698	task_window_contrast_not_baseline_ERD_or_neural_learning	sub-7	all_six_runs_all_trials
04	mu	CAR	01,02,03,04,05,06	False	available		96	96	0.5328752740847342	15.562903908359653	16.777098201921905	task_window_contrast_not_baseline_ERD_or_neural_learning	sub-7	all_six_runs_all_trials
04	beta	CAR	01,02,03,04,05,06	False	available		96	96	-0.11486688102374742	3.2595283381628604	3.1549973404511356	task_window_contrast_not_baseline_ERD_or_neural_learning	sub-7	all_six_runs_all_trials
01	mu	CAR	03,04,05,06	False	available		59	60	-2.1483433622975667	5.961688668909142	3.57011551575732	task_window_contrast_not_baseline_ERD_or_neural_learning	sub-7	common_four_runs_all_trials
01	beta	CAR	03,04,05,06	False	available		59	60	-0.8182226712078133	2.2284869808177907	1.8484460881189373	task_window_contrast_not_baseline_ERD_or_neural_learning	sub-7	common_four_runs_all_trials
02	mu	CAR	03,04,05,06	False	available		59	60	-2.1483433622975667	5.961688668909142	3.57011551575732	task_window_contrast_not_baseline_ERD_or_neural_learning	sub-7	common_four_runs_all_trials
02	beta	CAR	03,04,05,06	False	available		59	60	-0.8182226712078133	2.2284869808177907	1.8484460881189373	task_window_contrast_not_baseline_ERD_or_neural_learning	sub-7	common_four_runs_all_trials
03	mu	CAR	03,04,05,06	False	available		59	60	-2.1483433622975667	5.961688668909142	3.57011551575732	task_window_contrast_not_baseline_ERD_or_neural_learning	sub-7	common_four_runs_all_trials
03	beta	CAR	03,04,05,06	False	available		59	60	-0.8182226712078133	2.2284869808177907	1.8484460881189373	task_window_contrast_not_baseline_ERD_or_neural_learning	sub-7	common_four_runs_all_trials
04	mu	CAR	03,04,05,06	False	available		64	64	0.38702590983790586	16.21372670982057	17.123697902892264	task_window_contrast_not_baseline_ERD_or_neural_learning	sub-7	common_four_runs_all_trials
04	beta	CAR	03,04,05,06	False	available		64	64	-0.08531544517646594	3.2731997123863463	3.1985015661530363	task_window_contrast_not_baseline_ERD_or_neural_learning	sub-7	common_four_runs_all_trials
01	mu	CAR	03,04,05,06	True	available		59	60	-2.1483433622975667	5.961688668909142	3.57011551575732	task_window_contrast_not_baseline_ERD_or_neural_learning	sub-7	common_four_runs_qc_unflagged
01	beta	CAR	03,04,05,06	True	available		59	60	-0.8182226712078133	2.2284869808177907	1.8484460881189373	task_window_contrast_not_baseline_ERD_or_neural_learning	sub-7	common_four_runs_qc_unflagged
02	mu	CAR	03,04,05,06	True	available		59	60	-2.1483433622975667	5.961688668909142	3.57011551575732	task_window_contrast_not_baseline_ERD_or_neural_learning	sub-7	common_four_runs_qc_unflagged
02	beta	CAR	03,04,05,06	True	available		59	60	-0.8182226712078133	2.2284869808177907	1.8484460881189373	task_window_contrast_not_baseline_ERD_or_neural_learning	sub-7	common_four_runs_qc_unflagged
03	mu	CAR	03,04,05,06	True	available		59	60	-2.1483433622975667	5.961688668909142	3.57011551575732	task_window_contrast_not_baseline_ERD_or_neural_learning	sub-7	common_four_runs_qc_unflagged
03	beta	CAR	03,04,05,06	True	available		59	60	-0.8182226712078133	2.2284869808177907	1.8484460881189373	task_window_contrast_not_baseline_ERD_or_neural_learning	sub-7	common_four_runs_qc_unflagged
04	mu	CAR	03,04,05,06	True	available		64	64	0.38702590983790586	16.21372670982057	17.123697902892264	task_window_contrast_not_baseline_ERD_or_neural_learning	sub-7	common_four_runs_qc_unflagged
04	beta	CAR	03,04,05,06	True	available		64	64	-0.08531544517646594	3.2731997123863463	3.1985015661530363	task_window_contrast_not_baseline_ERD_or_neural_learning	sub-7	common_four_runs_qc_unflagged
01	mu	source_reference	01,02,03,04,05,06	False	available		88	90	-2.8852665019785384	20.137059768351985	10.328229375526528	task_window_contrast_not_baseline_ERD_or_neural_learning	sub-7	all_six_runs_all_trials
01	beta	source_reference	01,02,03,04,05,06	False	available		88	90	-0.7406660013771749	6.501272531665969	5.492178736038885	task_window_contrast_not_baseline_ERD_or_neural_learning	sub-7	all_six_runs_all_trials
02	mu	source_reference	01,02,03,04,05,06	False	available		88	90	-2.8852665019785384	20.137059768351985	10.328229375526528	task_window_contrast_not_baseline_ERD_or_neural_learning	sub-7	all_six_runs_all_trials
02	beta	source_reference	01,02,03,04,05,06	False	available		88	90	-0.7406660013771749	6.501272531665969	5.492178736038885	task_window_contrast_not_baseline_ERD_or_neural_learning	sub-7	all_six_runs_all_trials
03	mu	source_reference	01,02,03,04,05,06	False	available		88	90	-2.8852665019785384	20.137059768351985	10.328229375526528	task_window_contrast_not_baseline_ERD_or_neural_learning	sub-7	all_six_runs_all_trials
03	beta	source_reference	01,02,03,04,05,06	False	available		88	90	-0.7406660013771749	6.501272531665969	5.492178736038885	task_window_contrast_not_baseline_ERD_or_neural_learning	sub-7	all_six_runs_all_trials
04	mu	source_reference	01,02,03,04,05,06	False	available		96	96	0.6745427978255236	67.6146356022778	75.4806305319796	task_window_contrast_not_baseline_ERD_or_neural_learning	sub-7	all_six_runs_all_trials
04	beta	source_reference	01,02,03,04,05,06	False	available		96	96	0.03451529029735667	8.971174551123541	8.965613424006975	task_window_contrast_not_baseline_ERD_or_neural_learning	sub-7	all_six_runs_all_trials
01	mu	source_reference	03,04,05,06	False	available		59	60	-2.8178606958982932	18.166826235247257	9.315349601597612	task_window_contrast_not_baseline_ERD_or_neural_learning	sub-7	common_four_runs_all_trials
01	beta	source_reference	03,04,05,06	False	available		59	60	-0.7169586528443439	6.090918570985419	5.184746478957152	task_window_contrast_not_baseline_ERD_or_neural_learning	sub-7	common_four_runs_all_trials
02	mu	source_reference	03,04,05,06	False	available		59	60	-2.8178606958982932	18.166826235247257	9.315349601597612	task_window_contrast_not_baseline_ERD_or_neural_learning	sub-7	common_four_runs_all_trials
02	beta	source_reference	03,04,05,06	False	available		59	60	-0.7169586528443439	6.090918570985419	5.184746478957152	task_window_contrast_not_baseline_ERD_or_neural_learning	sub-7	common_four_runs_all_trials
03	mu	source_reference	03,04,05,06	False	available		59	60	-2.8178606958982932	18.166826235247257	9.315349601597612	task_window_contrast_not_baseline_ERD_or_neural_learning	sub-7	common_four_runs_all_trials
03	beta	source_reference	03,04,05,06	False	available		59	60	-0.7169586528443439	6.090918570985419	5.184746478957152	task_window_contrast_not_baseline_ERD_or_neural_learning	sub-7	common_four_runs_all_trials
04	mu	source_reference	03,04,05,06	False	available		64	64	0.3857800086076679	72.55358535630299	76.14627639549175	task_window_contrast_not_baseline_ERD_or_neural_learning	sub-7	common_four_runs_all_trials
04	beta	source_reference	03,04,05,06	False	available		64	64	-0.015626799750556586	9.166689572869837	9.069915061983208	task_window_contrast_not_baseline_ERD_or_neural_learning	sub-7	common_four_runs_all_trials
01	mu	source_reference	03,04,05,06	True	available		59	60	-2.8178606958982932	18.166826235247257	9.315349601597612	task_window_contrast_not_baseline_ERD_or_neural_learning	sub-7	common_four_runs_qc_unflagged
01	beta	source_reference	03,04,05,06	True	available		59	60	-0.7169586528443439	6.090918570985419	5.184746478957152	task_window_contrast_not_baseline_ERD_or_neural_learning	sub-7	common_four_runs_qc_unflagged
02	mu	source_reference	03,04,05,06	True	available		59	60	-2.8178606958982932	18.166826235247257	9.315349601597612	task_window_contrast_not_baseline_ERD_or_neural_learning	sub-7	common_four_runs_qc_unflagged
02	beta	source_reference	03,04,05,06	True	available		59	60	-0.7169586528443439	6.090918570985419	5.184746478957152	task_window_contrast_not_baseline_ERD_or_neural_learning	sub-7	common_four_runs_qc_unflagged
03	mu	source_reference	03,04,05,06	True	available		59	60	-2.8178606958982932	18.166826235247257	9.315349601597612	task_window_contrast_not_baseline_ERD_or_neural_learning	sub-7	common_four_runs_qc_unflagged
03	beta	source_reference	03,04,05,06	True	available		59	60	-0.7169586528443439	6.090918570985419	5.184746478957152	task_window_contrast_not_baseline_ERD_or_neural_learning	sub-7	common_four_runs_qc_unflagged
04	mu	source_reference	03,04,05,06	True	available		64	64	0.3857800086076679	72.55358535630299	76.14627639549175	task_window_contrast_not_baseline_ERD_or_neural_learning	sub-7	common_four_runs_qc_unflagged
04	beta	source_reference	03,04,05,06	True	available		64	64	-0.015626799750556586	9.166689572869837	9.069915061983208	task_window_contrast_not_baseline_ERD_or_neural_learning	sub-7	common_four_runs_qc_unflagged
01	mu	CAR	01,02,03,04,05,06	False	available		95	96	-1.1252416912715724	8.38747448998989	4.442237895103517	task_window_contrast_not_baseline_ERD_or_neural_learning	sub-8	all_six_runs_all_trials
01	beta	CAR	01,02,03,04,05,06	False	available		95	96	-1.1801412224268404	5.608376676453672	3.1576824915107338	task_window_contrast_not_baseline_ERD_or_neural_learning	sub-8	all_six_runs_all_trials
02	mu	CAR	01,02,03,04,05,06	False	available		96	96	-0.31625859562771197	1.9127136907162854	1.7801371213758534	task_window_contrast_not_baseline_ERD_or_neural_learning	sub-8	all_six_runs_all_trials
02	beta	CAR	01,02,03,04,05,06	False	available		96	96	0.09540732212956371	1.5031668271670335	1.5379615061924674	task_window_contrast_not_baseline_ERD_or_neural_learning	sub-8	all_six_runs_all_trials
03	mu	CAR	01,02,03,04,05,06	False	available		95	96	-0.6596841475169946	1.7015306785352007	1.447134450922354	task_window_contrast_not_baseline_ERD_or_neural_learning	sub-8	all_six_runs_all_trials
03	beta	CAR	01,02,03,04,05,06	False	available		95	96	-0.9770111161126493	1.906211919903167	1.443721082877597	task_window_contrast_not_baseline_ERD_or_neural_learning	sub-8	all_six_runs_all_trials
04	mu	CAR	01,02,03,04,05,06	False	available		96	96	-0.8779670255207428	1.6027199984844758	1.2931313674085994	task_window_contrast_not_baseline_ERD_or_neural_learning	sub-8	all_six_runs_all_trials
04	beta	CAR	01,02,03,04,05,06	False	available		96	96	-0.040116092019335525	1.287885414399776	1.2733948111539368	task_window_contrast_not_baseline_ERD_or_neural_learning	sub-8	all_six_runs_all_trials
01	mu	CAR	03,04,05,06	False	available		63	64	-1.6150583017743436	8.899514978276065	3.7093181920426717	task_window_contrast_not_baseline_ERD_or_neural_learning	sub-8	common_four_runs_all_trials
01	beta	CAR	03,04,05,06	False	available		63	64	-1.8170137202236702	6.004902510208766	2.5659211671162545	task_window_contrast_not_baseline_ERD_or_neural_learning	sub-8	common_four_runs_all_trials
02	mu	CAR	03,04,05,06	False	available		64	64	-0.33869662302626224	1.827045426482332	1.6990226492685085	task_window_contrast_not_baseline_ERD_or_neural_learning	sub-8	common_four_runs_all_trials
02	beta	CAR	03,04,05,06	False	available		64	64	0.04312573572750722	1.4770242687423856	1.4877562731567562	task_window_contrast_not_baseline_ERD_or_neural_learning	sub-8	common_four_runs_all_trials
03	mu	CAR	03,04,05,06	False	available		63	64	-0.7079803008794094	1.7184046326037965	1.4434958710946768	task_window_contrast_not_baseline_ERD_or_neural_learning	sub-8	common_four_runs_all_trials
03	beta	CAR	03,04,05,06	False	available		63	64	-1.0612660727612067	1.9161560926516192	1.4164624155364196	task_window_contrast_not_baseline_ERD_or_neural_learning	sub-8	common_four_runs_all_trials
04	mu	CAR	03,04,05,06	False	available		64	64	-0.8159322266716096	1.5696123638871797	1.2801548095952395	task_window_contrast_not_baseline_ERD_or_neural_learning	sub-8	common_four_runs_all_trials
04	beta	CAR	03,04,05,06	False	available		64	64	0.05225523678168642	1.2566687297541828	1.269604849912377	task_window_contrast_not_baseline_ERD_or_neural_learning	sub-8	common_four_runs_all_trials
01	mu	CAR	03,04,05,06	True	available		49	62	-0.09532927508390188	3.729416079355998	3.648961438735789	task_window_contrast_not_baseline_ERD_or_neural_learning	sub-8	common_four_runs_qc_unflagged
01	beta	CAR	03,04,05,06	True	available		49	62	-0.4246079916672407	2.8745936097576537	2.5541067744099206	task_window_contrast_not_baseline_ERD_or_neural_learning	sub-8	common_four_runs_qc_unflagged
02	mu	CAR	03,04,05,06	True	available		64	64	-0.33869662302626224	1.827045426482332	1.6990226492685085	task_window_contrast_not_baseline_ERD_or_neural_learning	sub-8	common_four_runs_qc_unflagged
02	beta	CAR	03,04,05,06	True	available		64	64	0.04312573572750722	1.4770242687423856	1.4877562731567562	task_window_contrast_not_baseline_ERD_or_neural_learning	sub-8	common_four_runs_qc_unflagged
03	mu	CAR	03,04,05,06	True	available		62	64	-0.6882742042849443	1.7107405330410153	1.4434958710946768	task_window_contrast_not_baseline_ERD_or_neural_learning	sub-8	common_four_runs_qc_unflagged
03	beta	CAR	03,04,05,06	True	available		62	64	-1.0209065413108576	1.8966608421319346	1.4164624155364196	task_window_contrast_not_baseline_ERD_or_neural_learning	sub-8	common_four_runs_qc_unflagged
04	mu	CAR	03,04,05,06	True	available		64	64	-0.8159322266716096	1.5696123638871797	1.2801548095952395	task_window_contrast_not_baseline_ERD_or_neural_learning	sub-8	common_four_runs_qc_unflagged
04	beta	CAR	03,04,05,06	True	available		64	64	0.05225523678168642	1.2566687297541828	1.269604849912377	task_window_contrast_not_baseline_ERD_or_neural_learning	sub-8	common_four_runs_qc_unflagged
01	mu	source_reference	01,02,03,04,05,06	False	available		95	96	-0.29288340386967704	11.500291129187872	10.348194315167186	task_window_contrast_not_baseline_ERD_or_neural_learning	sub-8	all_six_runs_all_trials
01	beta	source_reference	01,02,03,04,05,06	False	available		95	96	-0.22701909752404603	6.973118418283955	6.3803429170547625	task_window_contrast_not_baseline_ERD_or_neural_learning	sub-8	all_six_runs_all_trials
02	mu	source_reference	01,02,03,04,05,06	False	available		96	96	-0.3608445914108849	7.9462253269111125	7.289964643368177	task_window_contrast_not_baseline_ERD_or_neural_learning	sub-8	all_six_runs_all_trials
02	beta	source_reference	01,02,03,04,05,06	False	available		96	96	0.17134963085412735	5.1141231790809965	5.309505509072546	task_window_contrast_not_baseline_ERD_or_neural_learning	sub-8	all_six_runs_all_trials
03	mu	source_reference	01,02,03,04,05,06	False	available		95	96	-0.5136714695549571	6.61282485860377	5.798381582762072	task_window_contrast_not_baseline_ERD_or_neural_learning	sub-8	all_six_runs_all_trials
03	beta	source_reference	01,02,03,04,05,06	False	available		95	96	-0.57277149547037	5.397396963402929	4.623805839023508	task_window_contrast_not_baseline_ERD_or_neural_learning	sub-8	all_six_runs_all_trials
04	mu	source_reference	01,02,03,04,05,06	False	available		96	96	-0.8432175030262812	6.715819933029857	5.472008496880342	task_window_contrast_not_baseline_ERD_or_neural_learning	sub-8	all_six_runs_all_trials
04	beta	source_reference	01,02,03,04,05,06	False	available		96	96	0.11844052728230636	4.382845282313085	4.500385565508351	task_window_contrast_not_baseline_ERD_or_neural_learning	sub-8	all_six_runs_all_trials
01	mu	source_reference	03,04,05,06	False	available		63	64	-0.3067580483264898	10.737303238234267	9.914697164812369	task_window_contrast_not_baseline_ERD_or_neural_learning	sub-8	common_four_runs_all_trials
01	beta	source_reference	03,04,05,06	False	available		63	64	-0.44728673771993854	6.489254125702711	5.714568270786671	task_window_contrast_not_baseline_ERD_or_neural_learning	sub-8	common_four_runs_all_trials
02	mu	source_reference	03,04,05,06	False	available		64	64	-0.3698265422345415	7.635599085809984	6.973391923094365	task_window_contrast_not_baseline_ERD_or_neural_learning	sub-8	common_four_runs_all_trials
02	beta	source_reference	03,04,05,06	False	available		64	64	0.20097078261054335	5.0543318856352055	5.2461397841292605	task_window_contrast_not_baseline_ERD_or_neural_learning	sub-8	common_four_runs_all_trials
03	mu	source_reference	03,04,05,06	False	available		63	64	-0.4810335549889011	6.698763803755986	5.894906055696715	task_window_contrast_not_baseline_ERD_or_neural_learning	sub-8	common_four_runs_all_trials
03	beta	source_reference	03,04,05,06	False	available		63	64	-0.626517143248666	5.420649535451106	4.592743336030698	task_window_contrast_not_baseline_ERD_or_neural_learning	sub-8	common_four_runs_all_trials
04	mu	source_reference	03,04,05,06	False	available		64	64	-0.8968659537863566	6.670312257850128	5.330363387281676	task_window_contrast_not_baseline_ERD_or_neural_learning	sub-8	common_four_runs_all_trials
04	beta	source_reference	03,04,05,06	False	available		64	64	0.11176507593587459	4.375746662846669	4.480767279451907	task_window_contrast_not_baseline_ERD_or_neural_learning	sub-8	common_four_runs_all_trials
01	mu	source_reference	03,04,05,06	True	available		49	62	-0.2887616136640503	10.52716707207053	9.898024105486789	task_window_contrast_not_baseline_ERD_or_neural_learning	sub-8	common_four_runs_qc_unflagged
01	beta	source_reference	03,04,05,06	True	available		49	62	-0.3729046882571474	6.262665356530654	5.702577335816542	task_window_contrast_not_baseline_ERD_or_neural_learning	sub-8	common_four_runs_qc_unflagged
02	mu	source_reference	03,04,05,06	True	available		64	64	-0.3698265422345415	7.635599085809984	6.973391923094365	task_window_contrast_not_baseline_ERD_or_neural_learning	sub-8	common_four_runs_qc_unflagged
02	beta	source_reference	03,04,05,06	True	available		64	64	0.20097078261054335	5.0543318856352055	5.2461397841292605	task_window_contrast_not_baseline_ERD_or_neural_learning	sub-8	common_four_runs_qc_unflagged
03	mu	source_reference	03,04,05,06	True	available		62	64	-0.5066203816151216	6.736971343742922	5.894906055696715	task_window_contrast_not_baseline_ERD_or_neural_learning	sub-8	common_four_runs_qc_unflagged
03	beta	source_reference	03,04,05,06	True	available		62	64	-0.5908475508635114	5.368225303139184	4.592743336030698	task_window_contrast_not_baseline_ERD_or_neural_learning	sub-8	common_four_runs_qc_unflagged
04	mu	source_reference	03,04,05,06	True	available		64	64	-0.8968659537863566	6.670312257850128	5.330363387281676	task_window_contrast_not_baseline_ERD_or_neural_learning	sub-8	common_four_runs_qc_unflagged
04	beta	source_reference	03,04,05,06	True	available		64	64	0.11176507593587459	4.375746662846669	4.480767279451907	task_window_contrast_not_baseline_ERD_or_neural_learning	sub-8	common_four_runs_qc_unflagged
01	mu	CAR	01,02,03,04,05,06	False	available		96	96	-0.5680996929185689	11.576038822643502	10.496995576218646	task_window_contrast_not_baseline_ERD_or_neural_learning	sub-9	all_six_runs_all_trials
01	beta	CAR	01,02,03,04,05,06	False	available		96	96	-0.5929111629922623	14.16360571521192	12.914578012115626	task_window_contrast_not_baseline_ERD_or_neural_learning	sub-9	all_six_runs_all_trials
02	mu	CAR	01,02,03,04,05,06	False	available		96	96	-0.5274268626777179	7.950842206433916	6.970440171114795	task_window_contrast_not_baseline_ERD_or_neural_learning	sub-9	all_six_runs_all_trials
02	beta	CAR	01,02,03,04,05,06	False	available		96	96	-0.8202342604242752	6.344835666335778	5.191249295858074	task_window_contrast_not_baseline_ERD_or_neural_learning	sub-9	all_six_runs_all_trials
03	mu	CAR	01,02,03,04,05,06	False	available		96	95	0.06582700087939486	8.021414170020408	8.161185651019748	task_window_contrast_not_baseline_ERD_or_neural_learning	sub-9	all_six_runs_all_trials
03	beta	CAR	01,02,03,04,05,06	False	available		96	95	-0.4242739211986901	5.7277493125615875	5.177289718478641	task_window_contrast_not_baseline_ERD_or_neural_learning	sub-9	all_six_runs_all_trials
04	mu	CAR	01,02,03,04,05,06	False	available		96	96	-0.3224599723131405	10.26587372300612	9.366109055595153	task_window_contrast_not_baseline_ERD_or_neural_learning	sub-9	all_six_runs_all_trials
04	beta	CAR	01,02,03,04,05,06	False	available		96	96	-0.6542741435266208	6.2309911569766	5.301450053859168	task_window_contrast_not_baseline_ERD_or_neural_learning	sub-9	all_six_runs_all_trials
01	mu	CAR	03,04,05,06	False	available		64	64	-0.8691006056076134	9.615179216862582	7.870124992251826	task_window_contrast_not_baseline_ERD_or_neural_learning	sub-9	common_four_runs_all_trials
01	beta	CAR	03,04,05,06	False	available		64	64	-0.8617279234753106	8.099720795565442	6.498816464743928	task_window_contrast_not_baseline_ERD_or_neural_learning	sub-9	common_four_runs_all_trials
02	mu	CAR	03,04,05,06	False	available		64	64	-0.48275565142091637	8.532423894017947	7.570633456398841	task_window_contrast_not_baseline_ERD_or_neural_learning	sub-9	common_four_runs_all_trials
02	beta	CAR	03,04,05,06	False	available		64	64	-0.6857184847621944	6.736260964316143	5.642960171583961	task_window_contrast_not_baseline_ERD_or_neural_learning	sub-9	common_four_runs_all_trials
03	mu	CAR	03,04,05,06	False	available		64	63	0.035193432835249894	8.173122360027403	8.18430732202598	task_window_contrast_not_baseline_ERD_or_neural_learning	sub-9	common_four_runs_all_trials
03	beta	CAR	03,04,05,06	False	available		64	63	-0.4774734236367095	5.884725495137508	5.299605213244634	task_window_contrast_not_baseline_ERD_or_neural_learning	sub-9	common_four_runs_all_trials
04	mu	CAR	03,04,05,06	False	available		64	64	-0.5140354013424542	11.25476695271051	9.858734530738586	task_window_contrast_not_baseline_ERD_or_neural_learning	sub-9	common_four_runs_all_trials
04	beta	CAR	03,04,05,06	False	available		64	64	-0.6474990371457601	6.607576919255028	5.611821666143285	task_window_contrast_not_baseline_ERD_or_neural_learning	sub-9	common_four_runs_all_trials
01	mu	CAR	03,04,05,06	True	available		64	64	-0.8691006056076134	9.615179216862582	7.870124992251826	task_window_contrast_not_baseline_ERD_or_neural_learning	sub-9	common_four_runs_qc_unflagged
01	beta	CAR	03,04,05,06	True	available		64	64	-0.8617279234753106	8.099720795565442	6.498816464743928	task_window_contrast_not_baseline_ERD_or_neural_learning	sub-9	common_four_runs_qc_unflagged
02	mu	CAR	03,04,05,06	True	available		64	64	-0.48275565142091637	8.532423894017947	7.570633456398841	task_window_contrast_not_baseline_ERD_or_neural_learning	sub-9	common_four_runs_qc_unflagged
02	beta	CAR	03,04,05,06	True	available		64	64	-0.6857184847621944	6.736260964316143	5.642960171583961	task_window_contrast_not_baseline_ERD_or_neural_learning	sub-9	common_four_runs_qc_unflagged
03	mu	CAR	03,04,05,06	True	available		64	63	0.035193432835249894	8.173122360027403	8.18430732202598	task_window_contrast_not_baseline_ERD_or_neural_learning	sub-9	common_four_runs_qc_unflagged
03	beta	CAR	03,04,05,06	True	available		64	63	-0.4774734236367095	5.884725495137508	5.299605213244634	task_window_contrast_not_baseline_ERD_or_neural_learning	sub-9	common_four_runs_qc_unflagged
04	mu	CAR	03,04,05,06	True	available		64	64	-0.5140354013424542	11.25476695271051	9.858734530738586	task_window_contrast_not_baseline_ERD_or_neural_learning	sub-9	common_four_runs_qc_unflagged
04	beta	CAR	03,04,05,06	True	available		64	64	-0.6474990371457601	6.607576919255028	5.611821666143285	task_window_contrast_not_baseline_ERD_or_neural_learning	sub-9	common_four_runs_qc_unflagged
01	mu	source_reference	01,02,03,04,05,06	False	available		96	96	-0.0825111166604664	25.928179909459008	24.554540746721162	task_window_contrast_not_baseline_ERD_or_neural_learning	sub-9	all_six_runs_all_trials
01	beta	source_reference	01,02,03,04,05,06	False	available		96	96	-0.43247177465111974	16.274336521516457	14.685458794050907	task_window_contrast_not_baseline_ERD_or_neural_learning	sub-9	all_six_runs_all_trials
02	mu	source_reference	01,02,03,04,05,06	False	available		96	96	-0.08458717361882861	25.66111035466624	24.100449106197345	task_window_contrast_not_baseline_ERD_or_neural_learning	sub-9	all_six_runs_all_trials
02	beta	source_reference	01,02,03,04,05,06	False	available		96	96	-0.4441588936347607	16.43178422943034	14.513868665116375	task_window_contrast_not_baseline_ERD_or_neural_learning	sub-9	all_six_runs_all_trials
03	mu	source_reference	01,02,03,04,05,06	False	available		96	95	0.37886159279157283	27.060872485868078	29.794000354762474	task_window_contrast_not_baseline_ERD_or_neural_learning	sub-9	all_six_runs_all_trials
03	beta	source_reference	01,02,03,04,05,06	False	available		96	95	-0.25569134849869	16.83573145363642	15.787832039846206	task_window_contrast_not_baseline_ERD_or_neural_learning	sub-9	all_six_runs_all_trials
04	mu	source_reference	01,02,03,04,05,06	False	available		96	96	-0.17701604453707276	33.865632996664104	30.929829025469903	task_window_contrast_not_baseline_ERD_or_neural_learning	sub-9	all_six_runs_all_trials
04	beta	source_reference	01,02,03,04,05,06	False	available		96	96	-0.45326866979682023	17.682207279645166	15.675153113920667	task_window_contrast_not_baseline_ERD_or_neural_learning	sub-9	all_six_runs_all_trials
01	mu	source_reference	03,04,05,06	False	available		64	64	-0.2802712949333319	27.106502602866577	24.446927955512436	task_window_contrast_not_baseline_ERD_or_neural_learning	sub-9	common_four_runs_all_trials
01	beta	source_reference	03,04,05,06	False	available		64	64	-0.20874958365290297	17.260340381342175	16.23957540151548	task_window_contrast_not_baseline_ERD_or_neural_learning	sub-9	common_four_runs_all_trials
02	mu	source_reference	03,04,05,06	False	available		64	64	-0.024732954993389455	28.02478523633576	26.41996661336164	task_window_contrast_not_baseline_ERD_or_neural_learning	sub-9	common_four_runs_all_trials
02	beta	source_reference	03,04,05,06	False	available		64	64	-0.3638979235571327	17.49216139852285	15.679839746374547	task_window_contrast_not_baseline_ERD_or_neural_learning	sub-9	common_four_runs_all_trials
03	mu	source_reference	03,04,05,06	False	available		64	63	0.48505403891081045	27.112662184475226	30.408446479300252	task_window_contrast_not_baseline_ERD_or_neural_learning	sub-9	common_four_runs_all_trials
03	beta	source_reference	03,04,05,06	False	available		64	63	-0.34010304634140454	17.414963545323555	16.104588049419267	task_window_contrast_not_baseline_ERD_or_neural_learning	sub-9	common_four_runs_all_trials
04	mu	source_reference	03,04,05,06	False	available		64	64	-0.477426196173667	38.504262184498565	33.00934848159111	task_window_contrast_not_baseline_ERD_or_neural_learning	sub-9	common_four_runs_all_trials
04	beta	source_reference	03,04,05,06	False	available		64	64	-0.5008881606593008	19.166596800699153	16.728920639310992	task_window_contrast_not_baseline_ERD_or_neural_learning	sub-9	common_four_runs_all_trials
01	mu	source_reference	03,04,05,06	True	available		64	64	-0.2802712949333319	27.106502602866577	24.446927955512436	task_window_contrast_not_baseline_ERD_or_neural_learning	sub-9	common_four_runs_qc_unflagged
01	beta	source_reference	03,04,05,06	True	available		64	64	-0.20874958365290297	17.260340381342175	16.23957540151548	task_window_contrast_not_baseline_ERD_or_neural_learning	sub-9	common_four_runs_qc_unflagged
02	mu	source_reference	03,04,05,06	True	available		64	64	-0.024732954993389455	28.02478523633576	26.41996661336164	task_window_contrast_not_baseline_ERD_or_neural_learning	sub-9	common_four_runs_qc_unflagged
02	beta	source_reference	03,04,05,06	True	available		64	64	-0.3638979235571327	17.49216139852285	15.679839746374547	task_window_contrast_not_baseline_ERD_or_neural_learning	sub-9	common_four_runs_qc_unflagged
03	mu	source_reference	03,04,05,06	True	available		64	63	0.48505403891081045	27.112662184475226	30.408446479300252	task_window_contrast_not_baseline_ERD_or_neural_learning	sub-9	common_four_runs_qc_unflagged
03	beta	source_reference	03,04,05,06	True	available		64	63	-0.34010304634140454	17.414963545323555	16.104588049419267	task_window_contrast_not_baseline_ERD_or_neural_learning	sub-9	common_four_runs_qc_unflagged
04	mu	source_reference	03,04,05,06	True	available		64	64	-0.477426196173667	38.504262184498565	33.00934848159111	task_window_contrast_not_baseline_ERD_or_neural_learning	sub-9	common_four_runs_qc_unflagged
04	beta	source_reference	03,04,05,06	True	available		64	64	-0.5008881606593008	19.166596800699153	16.728920639310992	task_window_contrast_not_baseline_ERD_or_neural_learning	sub-9	common_four_runs_qc_unflagged
01	mu	CAR	01,02,03,04,05,06	False	available		96	96	0.485592949429563	1.8297347263494943	2.232836048109659	task_window_contrast_not_baseline_ERD_or_neural_learning	sub-10	all_six_runs_all_trials
01	beta	CAR	01,02,03,04,05,06	False	available		96	96	0.11584168962608388	1.866864324168213	1.9174575271046814	task_window_contrast_not_baseline_ERD_or_neural_learning	sub-10	all_six_runs_all_trials
02	mu	CAR	01,02,03,04,05,06	False	available		96	96	-1.6990275648989517	13.25019713831877	1.8517093858447566	task_window_contrast_not_baseline_ERD_or_neural_learning	sub-10	all_six_runs_all_trials
02	beta	CAR	01,02,03,04,05,06	False	available		96	96	-0.7901626450355081	8.803494085698793	2.146857908129775	task_window_contrast_not_baseline_ERD_or_neural_learning	sub-10	all_six_runs_all_trials
03	mu	CAR	01,02,03,04,05,06	False	available		96	96	-0.8221043881754042	1.8626542194273672	1.5580913721786043	task_window_contrast_not_baseline_ERD_or_neural_learning	sub-10	all_six_runs_all_trials
03	beta	CAR	01,02,03,04,05,06	False	available		96	96	-0.2850563949013818	1.8857977773692431	1.7616803499554068	task_window_contrast_not_baseline_ERD_or_neural_learning	sub-10	all_six_runs_all_trials
04	mu	CAR	01,02,03,04,05,06	False	available		96	96	-1.1361043578797592	3.178142365320587	1.3200091889434538	task_window_contrast_not_baseline_ERD_or_neural_learning	sub-10	all_six_runs_all_trials
04	beta	CAR	01,02,03,04,05,06	False	available		96	96	-0.3408670019156901	2.7949451256895106	1.4841475154584238	task_window_contrast_not_baseline_ERD_or_neural_learning	sub-10	all_six_runs_all_trials
01	mu	CAR	03,04,05,06	False	available		64	64	0.2688123248680441	1.7495440185584683	1.925107126065428	task_window_contrast_not_baseline_ERD_or_neural_learning	sub-10	common_four_runs_all_trials
01	beta	CAR	03,04,05,06	False	available		64	64	0.03459144563851879	1.824788532834976	1.8449192733350404	task_window_contrast_not_baseline_ERD_or_neural_learning	sub-10	common_four_runs_all_trials
02	mu	CAR	03,04,05,06	False	available		64	64	-1.5067524397734822	16.283110142585233	1.7343963149953157	task_window_contrast_not_baseline_ERD_or_neural_learning	sub-10	common_four_runs_all_trials
02	beta	CAR	03,04,05,06	False	available		64	64	-0.609379134115624	10.528021293617062	2.0685837493305415	task_window_contrast_not_baseline_ERD_or_neural_learning	sub-10	common_four_runs_all_trials
03	mu	CAR	03,04,05,06	False	available		64	64	-0.7926514438324439	1.8298077008195985	1.5473027637046008	task_window_contrast_not_baseline_ERD_or_neural_learning	sub-10	common_four_runs_all_trials
03	beta	CAR	03,04,05,06	False	available		64	64	-0.2821103046731466	1.9129608233065214	1.7909447003691032	task_window_contrast_not_baseline_ERD_or_neural_learning	sub-10	common_four_runs_all_trials
04	mu	CAR	03,04,05,06	False	available		64	64	-1.0817485265049243	3.841724068343585	1.272249283848804	task_window_contrast_not_baseline_ERD_or_neural_learning	sub-10	common_four_runs_all_trials
04	beta	CAR	03,04,05,06	False	available		64	64	-0.46451790468037046	3.3733744839614377	1.41924463662445	task_window_contrast_not_baseline_ERD_or_neural_learning	sub-10	common_four_runs_all_trials
01	mu	CAR	03,04,05,06	True	available		64	64	0.2688123248680441	1.7495440185584683	1.925107126065428	task_window_contrast_not_baseline_ERD_or_neural_learning	sub-10	common_four_runs_qc_unflagged
01	beta	CAR	03,04,05,06	True	available		64	64	0.03459144563851879	1.824788532834976	1.8449192733350404	task_window_contrast_not_baseline_ERD_or_neural_learning	sub-10	common_four_runs_qc_unflagged
02	mu	CAR	03,04,05,06	True	available		64	64	-1.5067524397734822	16.283110142585233	1.7343963149953157	task_window_contrast_not_baseline_ERD_or_neural_learning	sub-10	common_four_runs_qc_unflagged
02	beta	CAR	03,04,05,06	True	available		64	64	-0.609379134115624	10.528021293617062	2.0685837493305415	task_window_contrast_not_baseline_ERD_or_neural_learning	sub-10	common_four_runs_qc_unflagged
03	mu	CAR	03,04,05,06	True	available		64	64	-0.7926514438324439	1.8298077008195985	1.5473027637046008	task_window_contrast_not_baseline_ERD_or_neural_learning	sub-10	common_four_runs_qc_unflagged
03	beta	CAR	03,04,05,06	True	available		64	64	-0.2821103046731466	1.9129608233065214	1.7909447003691032	task_window_contrast_not_baseline_ERD_or_neural_learning	sub-10	common_four_runs_qc_unflagged
04	mu	CAR	03,04,05,06	True	available		64	64	-1.0817485265049243	3.841724068343585	1.272249283848804	task_window_contrast_not_baseline_ERD_or_neural_learning	sub-10	common_four_runs_qc_unflagged
04	beta	CAR	03,04,05,06	True	available		64	64	-0.46451790468037046	3.3733744839614377	1.41924463662445	task_window_contrast_not_baseline_ERD_or_neural_learning	sub-10	common_four_runs_qc_unflagged
01	mu	source_reference	01,02,03,04,05,06	False	available		96	96	0.6964848608224372	5.074346047061646	6.4697275263605105	task_window_contrast_not_baseline_ERD_or_neural_learning	sub-10	all_six_runs_all_trials
01	beta	source_reference	01,02,03,04,05,06	False	available		96	96	0.20002258238664083	5.281482554800833	5.535113214923602	task_window_contrast_not_baseline_ERD_or_neural_learning	sub-10	all_six_runs_all_trials
02	mu	source_reference	01,02,03,04,05,06	False	available		96	96	-1.025689664793621	17.15858278329959	5.671351839980019	task_window_contrast_not_baseline_ERD_or_neural_learning	sub-10	all_six_runs_all_trials
02	beta	source_reference	01,02,03,04,05,06	False	available		96	96	-0.5502243142640495	13.820741883024814	6.920176936656847	task_window_contrast_not_baseline_ERD_or_neural_learning	sub-10	all_six_runs_all_trials
03	mu	source_reference	01,02,03,04,05,06	False	available		96	96	-0.33186644287122036	5.330728702952228	4.932870144598484	task_window_contrast_not_baseline_ERD_or_neural_learning	sub-10	all_six_runs_all_trials
03	beta	source_reference	01,02,03,04,05,06	False	available		96	96	0.06508022366803701	6.020858740647622	6.093823396625365	task_window_contrast_not_baseline_ERD_or_neural_learning	sub-10	all_six_runs_all_trials
04	mu	source_reference	01,02,03,04,05,06	False	available		96	96	-0.7834821847293938	6.7360989183341475	4.497528478219627	task_window_contrast_not_baseline_ERD_or_neural_learning	sub-10	all_six_runs_all_trials
04	beta	source_reference	01,02,03,04,05,06	False	available		96	96	-0.021057198353116036	7.479020736005833	6.419886791058609	task_window_contrast_not_baseline_ERD_or_neural_learning	sub-10	all_six_runs_all_trials
01	mu	source_reference	03,04,05,06	False	available		64	64	0.38357419926118297	4.985365494031276	5.616259852054867	task_window_contrast_not_baseline_ERD_or_neural_learning	sub-10	common_four_runs_all_trials
01	beta	source_reference	03,04,05,06	False	available		64	64	0.07722994105122893	5.279190406698592	5.385321159405614	task_window_contrast_not_baseline_ERD_or_neural_learning	sub-10	common_four_runs_all_trials
02	mu	source_reference	03,04,05,06	False	available		64	64	-0.9445205970352433	20.0731937934942	5.418220088772263	task_window_contrast_not_baseline_ERD_or_neural_learning	sub-10	common_four_runs_all_trials
02	beta	source_reference	03,04,05,06	False	available		64	64	-0.44611721985280184	15.138927062675696	6.476699759651012	task_window_contrast_not_baseline_ERD_or_neural_learning	sub-10	common_four_runs_all_trials
03	mu	source_reference	03,04,05,06	False	available		64	64	-0.3186212271477018	5.19728553222576	4.827916656015422	task_window_contrast_not_baseline_ERD_or_neural_learning	sub-10	common_four_runs_all_trials
03	beta	source_reference	03,04,05,06	False	available		64	64	0.04898266548899244	5.961558621605661	6.0116019267524825	task_window_contrast_not_baseline_ERD_or_neural_learning	sub-10	common_four_runs_all_trials
04	mu	source_reference	03,04,05,06	False	available		64	64	-0.7044197174409916	7.3172411820506955	4.472826944621089	task_window_contrast_not_baseline_ERD_or_neural_learning	sub-10	common_four_runs_all_trials
04	beta	source_reference	03,04,05,06	False	available		64	64	-0.06315234562851657	8.097603198559503	6.436119128330366	task_window_contrast_not_baseline_ERD_or_neural_learning	sub-10	common_four_runs_all_trials
01	mu	source_reference	03,04,05,06	True	available		64	64	0.38357419926118297	4.985365494031276	5.616259852054867	task_window_contrast_not_baseline_ERD_or_neural_learning	sub-10	common_four_runs_qc_unflagged
01	beta	source_reference	03,04,05,06	True	available		64	64	0.07722994105122893	5.279190406698592	5.385321159405614	task_window_contrast_not_baseline_ERD_or_neural_learning	sub-10	common_four_runs_qc_unflagged
02	mu	source_reference	03,04,05,06	True	available		64	64	-0.9445205970352433	20.0731937934942	5.418220088772263	task_window_contrast_not_baseline_ERD_or_neural_learning	sub-10	common_four_runs_qc_unflagged
02	beta	source_reference	03,04,05,06	True	available		64	64	-0.44611721985280184	15.138927062675696	6.476699759651012	task_window_contrast_not_baseline_ERD_or_neural_learning	sub-10	common_four_runs_qc_unflagged
03	mu	source_reference	03,04,05,06	True	available		64	64	-0.3186212271477018	5.19728553222576	4.827916656015422	task_window_contrast_not_baseline_ERD_or_neural_learning	sub-10	common_four_runs_qc_unflagged
03	beta	source_reference	03,04,05,06	True	available		64	64	0.04898266548899244	5.961558621605661	6.0116019267524825	task_window_contrast_not_baseline_ERD_or_neural_learning	sub-10	common_four_runs_qc_unflagged
04	mu	source_reference	03,04,05,06	True	available		64	64	-0.7044197174409916	7.3172411820506955	4.472826944621089	task_window_contrast_not_baseline_ERD_or_neural_learning	sub-10	common_four_runs_qc_unflagged
04	beta	source_reference	03,04,05,06	True	available		64	64	-0.06315234562851657	8.097603198559503	6.436119128330366	task_window_contrast_not_baseline_ERD_or_neural_learning	sub-10	common_four_runs_qc_unflagged
