repetition	session	n_matched	AIRM_to_session01	within_session_run_AIRM_mean	PCA_subspace_distance	mu_ROI_V2	beta_ROI_V2
0	01	144	4.583392757068927e-14	3.389455096865551	3.2196531665395825e-16	2.9324542202472913e-12	1.7298698194215102e-12
0	02	144	6.561394534628487	5.756732269068466	0.6841309164373118	4.52961885636828e-12	1.8533684674976485e-12
0	03	144	6.535978173739864	3.5188247653044846	0.6783513327876906	4.966213016225688e-12	2.0652850507422067e-12
0	04	144	8.746586029509078	1.806595197610966	0.6808181000074434	5.183755494645647e-12	2.0586700706709892e-12
1	01	144	4.266103301729928e-14	3.393621855423085	3.9004815373908915e-16	3.054719780991757e-12	1.7363812270955803e-12
1	02	144	6.542493642924589	5.782756791447676	0.6670669477736978	4.616175126161508e-12	1.86841106151754e-12
1	03	144	6.590559692537337	3.423282098057747	0.6579847510080112	4.96722024073159e-12	2.0762993731911087e-12
1	04	144	8.737171714144917	1.7709141332607181	0.6486611749309238	5.12600440775767e-12	2.0657757517035575e-12
2	01	144	3.883273845661451e-14	3.0902086403124884	5.253104223849967e-16	2.9588039686501195e-12	1.7238894538300572e-12
2	02	144	6.688430977781058	5.612953035885237	0.6711850160513962	4.563455284026471e-12	1.8553003880544156e-12
2	03	144	6.358356075950263	3.510379220558724	0.6757176332862664	4.865681317699257e-12	2.0629583613930572e-12
2	04	144	8.603390437075573	1.7672059962685152	0.6672408488872774	5.068027280371688e-12	2.0528045301912854e-12
3	01	144	4.21753255086068e-14	3.040790181207964	5.672772170862029e-16	3.0761377617920022e-12	1.7277082871352583e-12
3	02	144	6.673055175903707	5.596346485702587	0.6542710342601836	4.516304697660308e-12	1.8511148625677813e-12
3	03	144	6.294720187951749	3.5055482071240642	0.644702251988398	4.89713292579873e-12	2.055660448296928e-12
3	04	144	8.572126127549765	1.7885324701478902	0.6574568559464727	5.191522744830027e-12	2.0503016712213105e-12
4	01	144	3.9448553495911905e-14	3.3789164139536556	3.867158537211578e-16	3.023251366863895e-12	1.727317383981893e-12
4	02	144	6.542226070192189	5.767386005604426	0.6880169477340708	4.589646671917237e-12	1.853624148776037e-12
4	03	144	6.575874857210541	3.451517057227957	0.6576198675667501	4.8279774138657216e-12	2.0593620389460533e-12
4	04	144	8.775876254686946	1.6906223127819828	0.6786281451880245	4.990527686377697e-12	2.0246485503315607e-12
5	01	144	3.9031090087901153e-14	3.4034648865156236	4.1233815407923825e-16	2.9388915514223636e-12	1.730257601384478e-12
5	02	144	7.180441169196669	5.438396457930145	0.6938368738712695	4.5862285086516285e-12	1.835491559062044e-12
5	03	144	6.559149562682954	3.5081592521753118	0.6734186594544278	4.823971146081941e-12	2.0611634167917927e-12
5	04	144	8.776138846478645	1.7097116521135862	0.6696973521573124	5.223304692140827e-12	2.0586594660742993e-12
6	01	144	3.966931114097497e-14	3.369233958076621	4.595774070346502e-16	3.0038088020289945e-12	1.7340844492115462e-12
6	02	144	6.688525838563697	5.704001536930187	0.6650068767808286	4.531185895308354e-12	1.838405407736417e-12
6	03	144	6.518246322517503	3.5251173469338792	0.6693266970792404	4.8278431242107775e-12	2.056636298445121e-12
6	04	144	8.739028122232561	1.746819309444279	0.6701569143823496	5.106255333154191e-12	2.066889194505067e-12
7	01	144	3.780826978409672e-14	3.4188648940896966	4.3808888975467105e-16	2.965895725410025e-12	1.7362150933208084e-12
7	02	144	6.830955204297986	5.612911968539962	0.6920054193878608	4.448268132799955e-12	1.872578527696841e-12
7	03	144	6.515354145139241	3.5047198412210716	0.6754273928690555	4.834475228080985e-12	2.0579584331616434e-12
7	04	144	8.761146784520227	1.7790055593379124	0.6883312821498527	5.0980499938347136e-12	2.0456030132632985e-12
8	01	144	4.301508927224475e-14	3.3877283099885327	4.2024656560438283e-16	2.989585620452253e-12	1.7244385885920134e-12
8	02	144	6.683529554286672	5.7185878401047745	0.6781485586265176	4.531968089806506e-12	1.846247303633951e-12
8	03	144	6.496972796729533	3.544635280367918	0.6473525653919442	4.8205222762900934e-12	2.062133924803414e-12
8	04	144	8.74093761683214	1.764049996481292	0.6645104857515929	5.1941771469433644e-12	2.0484843967131206e-12
9	01	144	4.648892379181334e-14	3.3878443276736787	4.165540593754252e-16	3.0205755942810456e-12	1.7336333732135313e-12
9	02	144	6.546207365925201	5.751292858163236	0.6807761956722267	4.544270608172241e-12	1.8706887729714673e-12
9	03	144	6.568788327867656	3.4541428432904744	0.6425574179278757	4.839366637437192e-12	2.0815168962598217e-12
9	04	144	8.749238472940508	1.7287810913242185	0.6663198538890395	5.219363493892384e-12	2.0695506459390462e-12
10	01	144	3.8862722252829333e-14	3.0646746417589275	4.196845807402644e-16	3.0170492705280253e-12	1.7177447382565569e-12
10	02	144	6.522877445416597	5.661638082098113	0.6729703430037889	4.588022595789411e-12	1.8369068794101307e-12
10	03	144	6.34306815984552	3.4884367128750076	0.6751362177636467	4.681106929317265e-12	2.0440839256094037e-12
10	04	144	8.621647766507687	1.8074857921730427	0.6983515232260452	5.094919841020693e-12	2.048129917436479e-12
11	01	144	4.18157805167971e-14	3.399975580098281	3.134759297757106e-16	2.9743573404404267e-12	1.724326831994924e-12
11	02	144	6.6666460735087165	5.666961425029308	0.6893673129750246	4.5475561004852434e-12	1.8548753455445314e-12
11	03	144	6.545887201686094	3.5116756876823683	0.6537382096915834	4.895199081307703e-12	2.0686900438714517e-12
11	04	144	8.76616104038432	1.7373358797414948	0.6642195749756756	5.104449784010258e-12	2.0390156818919415e-12
12	01	144	4.024187096672201e-14	3.4072461932563183	2.94317748980805e-16	3.0030458299880552e-12	1.729132695943191e-12
12	02	144	6.833820391289051	5.636288529151418	0.6910859260601773	4.489891364755469e-12	1.8484259347884625e-12
12	03	144	6.524911691178045	3.563156433796585	0.6622564630108511	4.718662797730222e-12	2.044508922554175e-12
12	04	144	8.73778466006354	1.7753871161717685	0.6725430789120127	5.244031078004912e-12	2.082345521293144e-12
13	01	144	3.9091203371426794e-14	3.4049326574906167	6.304291156495836e-16	3.0039387351614444e-12	1.7240193725986894e-12
13	02	144	6.84368887637126	5.624586429972906	0.6455384907165399	4.453727031663248e-12	1.8723950889344014e-12
13	03	144	6.488064496010198	3.5622044658524756	0.6713748422003005	4.737098037588648e-12	2.0460973116154285e-12
13	04	144	8.720686993749117	1.80518919285313	0.6847050989774262	5.1301131707439e-12	2.0526489709529364e-12
14	01	144	4.290936586268179e-14	3.3954409282597524	4.883252057874702e-16	3.0239975536493906e-12	1.7440087050348018e-12
14	02	144	6.548947365286492	5.7628980142806085	0.6740617208267514	4.514698126607493e-12	1.8641703448909043e-12
14	03	144	6.58724368706758	3.416994872332355	0.6698589858967878	4.874560191035707e-12	2.0698352789081078e-12
14	04	144	8.786720402558874	1.7305482344093626	0.6801363896085365	5.099116478942676e-12	2.0338550443389366e-12
15	01	144	4.105078721441835e-14	3.4338288421579506	3.964800078410765e-16	3.017751647830097e-12	1.7236270909799322e-12
15	02	144	6.8642584324092075	5.608192367056825	0.6677033883993914	4.5440901867822746e-12	1.848854295096775e-12
15	03	144	6.560725498620036	3.488502257127677	0.6641817456469453	4.811268453897358e-12	2.037988989380277e-12
15	04	144	8.705317449383779	1.8442613192720012	0.6652027502766938	5.164917285319841e-12	2.0435113870265797e-12
16	01	144	4.000224611615622e-14	3.408225205765969	6.214562087192896e-16	2.9305776737399007e-12	1.7242271896289868e-12
16	02	144	6.680804496756984	5.703739241656357	0.6806157132620757	4.508013325742511e-12	1.8380432682929146e-12
16	03	144	6.585486070885094	3.4596348939880754	0.6535447828285722	4.906301255308154e-12	2.055419689664355e-12
16	04	144	8.756130136603403	1.7900541622681423	0.641621891530859	5.166038229823428e-12	2.0363291130269956e-12
17	01	144	3.711085494902807e-14	3.0630198636523005	4.489944471174467e-16	2.99789666716431e-12	1.7191298348222042e-12
17	02	144	6.401917345625204	5.7598711992921094	0.6620548329920088	4.622258286549389e-12	1.8698221208922488e-12
17	03	144	6.338244782675942	3.5173018478137577	0.6543662108117354	4.676643699819237e-12	2.0441073917258084e-12
17	04	144	8.61049177471624	1.7404945022498723	0.6737270537189253	5.172994222330864e-12	2.043049500094394e-12
18	01	144	4.228638233471952e-14	3.3749931448149453	5.277049383025981e-16	3.0485913367591863e-12	1.7412963989494447e-12
18	02	144	6.667187953958278	5.6921318682647115	0.6559069066554255	4.540437279094757e-12	1.849409481493754e-12
18	03	144	6.556927822757317	3.4354612936262043	0.6711999665593158	4.663474972706829e-12	2.050132293273891e-12
18	04	144	8.723708316464139	1.7425779763685834	0.6613804273114269	5.089070871994173e-12	2.0309123326337037e-12
19	01	144	3.9437459735042476e-14	3.356034142083552	4.3540280605012604e-16	3.0121271800515787e-12	1.7349957539332854e-12
19	02	144	6.665420081662241	5.689877459302955	0.6923474276791203	4.506471413671797e-12	1.837046575082714e-12
19	03	144	6.516401767115602	3.5458608853387994	0.6745000248393658	4.83750497171196e-12	2.0639137032195384e-12
19	04	144	8.740006565687635	1.7601290628102457	0.6799998406198946	5.171368953905176e-12	2.049289347142388e-12
