	participant_id	age	sex	hand	RosenbergScale	EMG28-amotivation	EMG28-extrinsic-externReg	EMG28-extrinsic-identifReg	EMG28-extrinsic-introjReg	EMG28-intrinsic.accomplishment	EMG28-intrinsic.knowledge	EMG28-intrinsic.stimulation	VMIQ2-externalVisualImagery	VMIQ2-InternalVisualImagery	VMIQ2-KinaestheticImagery	STAI_YA-session1	STAI_YA-session2	STAI_YA-session3	STAI_YA-session4	BCI-Performance-session1	BCI-Performance-session2	BCI-Performance-session3	BCI-Performance-session4	ChannelFreq-Features-session1	ChannelFreq-Features-session2	ChannelFreq-Features-session3	ChannelFreq-Features-session4
0	sub-01	19	M	R	26	4.5	4.75	5.5	6.25	4.75	7.0	5.0	30	28	38	31	NA	NA	NA	[64.3, 75, 71.4, 71.4, 75, 85.7]	[85.7, 89.3, 92.9, 92.9, 85.7, 96.4]	[96.4, 82.1, 82.1, 85.7, 82.1, 82.1]	[85.7, 100, 96.4, 75, 85.7, 92.9]	[43, 20], [43, 22], [43, 24], [43, 26]	[43, 22], [43, 24], [43, 26], [43, 28]	[43, 24], [43, 26], [43, 28], [43, 30]	[43, 27], [43, 29], [43, 31], [43, 33]
1	sub-02	29	M	R	30	3.75	4.0	4.5	4.5	4.0	5.25	5.0	12	12	24	29	33.0	28.0	28.0	[60, 73.33, 66.67, 73.33, 56.67, 66.67]	[66.67, 56.67, 60, 76.67, 53.33, 56.67]	[66.67, 76.67, 73.33, 76.67, 70, 73.33]	[86.67, 86.67, 90, 86.67, 76.67, 90]	[43, 20], [43, 22], [43, 24], [43, 26]	[43, 22], [43, 24], [43, 26], [43, 28]	[43, 22], [43, 24], [31, 26], [31, 28]	[43, 22], [43, 24], [43, 26], [43, 28], [31, 22], [31, 24]
2	sub-03	31	M	R	40	1.0	4.0	6.25	1.75	5.25	6.5	4.75	12	12	14	21	29.0	20.0	32.0	[50, 56.67, 46.67, 43.33, 46.67, 56.67]	[56.67, 36.67, 60, 53.33, 43.33, 50]	[66.67, 73.33, 60, 60, 66.67, 50]	[60, 73.33, 66.67, 80, 82.14, 76.67]	[43, 22], [43, 24], [43, 26], [43, 28]	[43, 22], [43, 24], [43, 26], [43, 28]	[43, 20], [43, 22], [43, 24], [43, 26]	[43, 16], [43, 18], [43, 20], [43, 22], [44, 22], [44, 24]
3	sub-04	35	F	R	40	3.75	1.5	3.75	2.25	4.75	6.75	4.25	22	20	18	25	24.0	20.0	20.0	[43.33, 53.33, 63.33, 63.33, 53.33, 46.67]	[53.33, 46.67, 43.33, 50, 40, 36.67]	[50, 46.67, 73.33, 56.67, 56.67, 50]	[50, 70, 66.67, 63.33, 66.67, 63.33]	[31, 14], [31, 16], [42, 18], [42, 20]	[32, 18], [32, 20], [32, 22], [43, 24]	[31, 8], [31, 10], [31, 12], [31, 14]	[31, 10], [42, 14], [42, 16], [42, 18], [43, 24]
4	sub-05	27	F	R	32	4.5	5.75	7.0	4.75	4.5	7.0	6.75	12	12	12	31	25.0	26.0	28.0	[46.67, 36.67, 43.33, 43.33, 36.67, 46.67]	[36.67, 40, 43.33, 56.67, 43.33, 53.33]	[40, 56.67, 70, 63.33, 76.67, 46.67]	[66.67, 56.67, 60, 63.33, 73.33, 76.67]	[43, 10], [43, 12], [43, 14], [34, 16]	[42, 10], [42, 12], [42, 14], [42, 16]	[43, 10], [43, 12], [43, 14], [32, 10], [32, 12], [32, 14]	[31, 12], [31, 14], [31, 16], [31, 18], [43, 12], [43, 14]
5	sub-06	28	M	R	36	1.0	4.0	6.75	3.5	5.25	4.0	4.5	29	33	33	24	26.0	26.0	24.0	[60, 50, 63, 50, 56.67, 53]	[66.67, 76.67, 36.67, 60, 66.67, 76.67]	[80, 70, 77, 67, 67, 70]	[97, 77, 73, 53, 60, 77]	[43, 15], [43, 17], [43, 19], [43, 21], [34, 23], [34, 25]	[43, 13], [43, 15], [43, 17], [43, 19], [34, 21], [34, 23]	[43, 19], [43, 21], [44, 15], [44, 17], [34, 19], [34, 21]	[43, 13], [43, 15], [43, 17], [33, 15], [33, 17], [33, 19], [44, 17]
6	sub-07	33	M	R	39	4.25	3.5	5.25	4.75	5.25	7.0	5.75	28	36	34	26	20.0	20.0	20.0	[53.33, 60, 53.33, 53.33, 46.67, 43.33]	[53.33, 70, 30, 43.33, 50, 63.33]	[73.33, 56.67, 66.67, 50, 66.67, 56.67]	[73.33, 63.33, 60, 70, 46.67, 70]	[43, 14], [43, 16], [43, 18], [43, 20]	[43, 14], [43, 16], [43, 18], [43, 20], [31, 22], [31, 24]	[43, 18], [43, 20], [43, 22], [43, 24], [32, 18], [32, 20]	[32, 20], [32, 22], [32, 24], [32, 26], [31, 26], [31, 28]
7	sub-08	22	F	R	31	2.75	4.0	4.0	4.0	3.5	4.25	3.5	32	24	24	33	29.0	34.0	27.0	[40, 43.33, 40, 63.33, 66.67, 63.33]	[56.67, 53.33, 53.33, 50, 43.33, 43.33]	[70, 70, 73.33, 66.67, 56.67, 76.67]	[63.33, 60, 63.33, 56.67, 53.33, 63.33]	[34, 14], [34, 16], [33, 18], [33, 20]	[31, 14], [31, 18], [31, 22], [34, 22]	[43, 20], [43, 22], [43, 24], [43, 26], [34, 24]	[43, 10], [43, 12], [43, 14], [43, 16]
8	sub-09	27	F	R	36	1.0	5.25	6.5	5.255	4.0	4.0	5.75	24	22	21	20	22.0	22.0	24.0	[63.33, 43.33, 63.33, 53.33, 53.33, 50]	[66.67, 50, 66.67, 40, 70, 60]	[66.67, 46.67, 53.33, 46.67, 43.33, 53.33]	[53.33, 50, 43.33, 53.33, 73.33, 66.67]	[34, 22], [34, 24], [34, 26], [34, 28]	[43, 8], [43, 10], [43, 12], [43, 14]	[43, 10], [43, 12], [43, 14], [31, 24], [31, 26], [31, 28]	[43, 10], [43, 12], [43, 14], [45, 18], [45, 20], [45, 22]
9	sub-10	23	M	R	24	3.25	4.5	4.75	3.5	4.0	5.5	5.0	24	16	25	37	36.0	39.0	37.0	[47, 33, 43, 50, 47, 50]	[77, 50, 47, 60, 63, 47]	[73, 53, 43, 63, 67, 50]	[67, 50, 63, 43, 67, 50]	[33, 9], [33, 11], [33, 13], [33, 15], [45, 15]	[33, 11], [33, 13], [33, 27], [33, 29], [44, 11], [44, 13]	[33, 9], [33, 11], [33, 27], [33, 29], [44, 9], [44, 11], [44, 13]	[32, 7], [32, 9], [32, 11], [32, 13], [43, 9], [43, 11], [43, 13]
10	sub-11	22	M	R	28	3.25	3.5	5.25	3.25	4.25	6.75	4.75	40	23	27	26	26.0	25.0	26.0	[60, 56.67, 53.33, 66.67, 63.33, 60]	[70, 70, 63.33, 73.33, 66.67, 70]	[76.67, 76.67, 80, 70, 76.67, 76.67]	[70, 90, 86.67, 76.67, 83.33, 73.33]	[44, 13], [44, 15], [44, 17], [45, 15], [45, 17], [43, 8]	[44, 13], [44, 15], [44, 17], [45, 15], [45, 17], [43, 8], [33, 10], [42, 22]	[34, 13], [34, 15], [34, 17], [45, 14], [45, 16], [44, 22], [44, 24], [44, 26]	[43, 13], [43, 15], [43, 17], [44, 15], [44, 17], [45, 15], [32, 8]
11	sub-12	26	M	R	32	4.75	3.25	6.25	5.75	4.75	6.75	6.0	12	12	12	23	20.0	20.0	22.0	[63.3, 53.3, 50, 46.7, 50, 56.7]	[73.3, 60, 73.3, 66.7, 63.3, 56.7]	[50, 70, 63.33, 43.33, 63.33, 56.67]	[90, 73.33, 73.33, 63.33, 90, 73.33]	[45, 15], [45, 17], [45, 19], [45, 21]	[33, 19], [33, 21], [33, 23], [44, 25]	[34, 15], [34, 17], [45, 19], [45, 21], [43, 9], [43, 11], [43, 13]	[34, 13], [34, 15], [43, 11], [43, 13], [45, 13], [45, 15], [45, 17]
12	sub-13	27	F	R	33	2.75	4.25	6.0	5.75	5.25	6.0	6.5	18	22	18	28	24.0	27.0	26.0	[73.33, 50, 56.67, 53.33, 63.33, 60]	[80, 63.33, 53.33, 66.67, 60, 73.33]	[46.67, 56.67, 56.67, 66.67, 56.67, 56.67]	[70, 70, 66.67, 63.33, 63.33, 86.67]	[43, 10], [43, 12], [43, 14], [33, 14]	[43, 10], [43, 12], [43, 14], [32, 16]	[33, 10], [33, 12], [33, 14], [32, 16]	[43, 10], [43, 12], [43, 14], [32, 16], [45, 18]
13	sub-14	33	F	R	37	2.5	3.25	6.0	3.75	4.0	6.0	5.5	12	12	16	29	30.0	28.0	30.0	[46.67, 70, 33.33, 66.67, 60, 50]	[40, 60, 43.33, 56.67, 56.67, 40]	[50, 56.67, 76.67, 56.67, 53.33, 56.67]	[66.67, 63.33, 73.33, 73.33, 70, 70]	[44, 10], [44, 12], [44, 14], [32, 18], [32, 20], [32, 22]	[43, 13], [34, 15], [34, 17], [32, 23], [32, 25], [32, 27]	[43, 13], [33, 19], [33, 23], [32, 13], [32, 15], [32, 17]	[43, 13], [32, 15], [32, 17], [32, 19], [32, 21], [32, 23]
14	sub-15	27	M	R	33	4.25	2.75	4.5	3.25	3.25	6.25	5.0	37	25	34	35	30.0	28.0	27.0	[60, 40, 50, 53.3, 40, 46.7]	[50, 53, 73, 77, 63, 53]	[73, 63, 67, 53, 70, 70]	[67, 80, 67, 63, 83, 67]	[33, 9], [33, 11], [33, 13], [33, 15], [44, 13]	[33, 11], [33, 13], [33, 15], [33, 17], [44, 19]	[33, 11], [33, 13], [33, 15], [33, 17], [34, 15], [34, 17]	[43, 9], [43, 11], [43, 13], [43, 19], [43, 21], [43, 23], [33, 15], [33, 17]
15	sub-16	28	M	R	34	1.5	4.0	6.0	2.0	4.75	6.25	4.0	13	12	16	30	32.0	40.0	41.0	[63, 53, 67, 40, 63, 37]	[60, 47, 53, 53, 53, 57]	[53, 70, 53, 67, 40, 33]	[63, 67, 73, 63, 70, 73]	[32, 15], [32, 17], [32, 19], [33, 25], [31, 25], [31, 27]	[32, 15], [32, 17], [32, 19], [43, 17], [44, 19], [44, 21]	[33, 17], [33, 19], [33, 21], [33, 23], [32, 17], [43, 21]	[32, 17], [32, 19], [32, 21], [43, 19], [43, 21], [43, 23], [43, 25], [33, 19]
16	sub-17	30	M	R	33	2.0	4.25	4.5	4.25	2.25	4.25	5.75	26	18	20	30	29.0	21.0	28.0	[46.67, 60, 33.33, 46.67, 53.33, 30]	[16.67, 40, 30, 43.33, 43.33, 40]	[43.33, 36.67, 36.67, 50, 23.33, 43.33]	[42.86, 39.29, 50, 20, 43.33, 33.33]	[43, 10], [43, 12], [43, 14], [43, 16]	[43, 22], [43, 24], [43, 26], [43, 28]	[43, 10], [43, 12], [43, 14], [43, 16]	[43, 18], [43, 20], [43, 22], [43, 24]
17	sub-18	29	F	R	37	1.25	2.75	4.25	2.5	4.25	5.5	6.25	27	15	13	27	25.0	24.0	25.0	[56.67, 40, 43.33, 43.33, 56.67, 43.33]	[63.33, 40, 63.33, 36.67, 63.33, 46.67]	[46.67, 50, 50, 36.67, 50, 53.33]	[53.33, 66.67, 40, 50, 60, 53.33]	[37, 16], [37, 18], [37, 20], [37, 22]	[37, 16], [31, 18], [31, 20], [31, 22], [43, 16]	[48, 12], [48, 14], [48, 16], [42, 18], [42, 20], [42, 22]	[43, 12], [43, 14], [43, 16], [43, 18], [43, 20], [47, 16]
18	sub-19	26	M	R	28	5.25	5.25	5.75	6.0	5.25	6.0	6.75	21	23	14	32	27.0	23.0	23.0	[36.67, 56.67, 86.67, 76.67, 70.37, 40]	[36.67, 40, 40, 66.67, 56.67, 63.33]	[92.59, 76.67, 90, 70, 63.33, 83.33]	[90, 93.33, 86.67, 93.33, 80, 90]	[43, 12], [43, 14], [43, 16], [43, 18]	[43, 16], [43, 18], [43, 20], [43, 22]	[43, 14], [43, 16], [43, 18], [45, 16], [45, 18], [45, 20]	[42, 10], [42, 12], [42, 14], [45, 10], [45, 12], [45, 14]