original_subject	nemar_subject	session	source_column	vector_position	reported_percentage	eeg_run	eeg_trial	denominator
sub-01	sub-1	01	BCI-Performance-session1	1	64.3	unresolved	unresolved	unresolved
sub-01	sub-1	01	BCI-Performance-session1	2	75	unresolved	unresolved	unresolved
sub-01	sub-1	01	BCI-Performance-session1	3	71.4	unresolved	unresolved	unresolved
sub-01	sub-1	01	BCI-Performance-session1	4	71.4	unresolved	unresolved	unresolved
sub-01	sub-1	01	BCI-Performance-session1	5	75	unresolved	unresolved	unresolved
sub-01	sub-1	01	BCI-Performance-session1	6	85.7	unresolved	unresolved	unresolved
sub-01	sub-1	02	BCI-Performance-session2	1	85.7	unresolved	unresolved	unresolved
sub-01	sub-1	02	BCI-Performance-session2	2	89.3	unresolved	unresolved	unresolved
sub-01	sub-1	02	BCI-Performance-session2	3	92.9	unresolved	unresolved	unresolved
sub-01	sub-1	02	BCI-Performance-session2	4	92.9	unresolved	unresolved	unresolved
sub-01	sub-1	02	BCI-Performance-session2	5	85.7	unresolved	unresolved	unresolved
sub-01	sub-1	02	BCI-Performance-session2	6	96.4	unresolved	unresolved	unresolved
sub-01	sub-1	03	BCI-Performance-session3	1	96.4	unresolved	unresolved	unresolved
sub-01	sub-1	03	BCI-Performance-session3	2	82.1	unresolved	unresolved	unresolved
sub-01	sub-1	03	BCI-Performance-session3	3	82.1	unresolved	unresolved	unresolved
sub-01	sub-1	03	BCI-Performance-session3	4	85.7	unresolved	unresolved	unresolved
sub-01	sub-1	03	BCI-Performance-session3	5	82.1	unresolved	unresolved	unresolved
sub-01	sub-1	03	BCI-Performance-session3	6	82.1	unresolved	unresolved	unresolved
sub-01	sub-1	04	BCI-Performance-session4	1	85.7	unresolved	unresolved	unresolved
sub-01	sub-1	04	BCI-Performance-session4	2	100	unresolved	unresolved	unresolved
sub-01	sub-1	04	BCI-Performance-session4	3	96.4	unresolved	unresolved	unresolved
sub-01	sub-1	04	BCI-Performance-session4	4	75	unresolved	unresolved	unresolved
sub-01	sub-1	04	BCI-Performance-session4	5	85.7	unresolved	unresolved	unresolved
sub-01	sub-1	04	BCI-Performance-session4	6	92.9	unresolved	unresolved	unresolved
