subject	session	filename	source_acq_time_anonymized	real_calendar_date
sub-01	ses-01	eeg/sub-01_ses-01_task-MotorImageryRest_run-01_eeg.vhdr	1916-10-29T15:38:48.000000Z	unresolved
sub-01	ses-01	eeg/sub-01_ses-01_task-MotorImageryRest_run-02_eeg.vhdr	1916-10-29T15:46:24.000000Z	unresolved
sub-01	ses-01	eeg/sub-01_ses-01_task-MotorImageryRest_run-03_eeg.vhdr	1916-10-29T15:53:06.000000Z	unresolved
sub-01	ses-01	eeg/sub-01_ses-01_task-MotorImageryRest_run-04_eeg.vhdr	1916-10-29T15:58:32.000000Z	unresolved
sub-01	ses-01	eeg/sub-01_ses-01_task-MotorImageryRest_run-05_eeg.vhdr	1916-10-29T16:04:59.000000Z	unresolved
sub-01	ses-01	eeg/sub-01_ses-01_task-MotorImageryRest_run-06_eeg.vhdr	1916-10-29T16:09:56.000000Z	unresolved
sub-01	ses-02	eeg/sub-01_ses-02_task-MotorImageryRest_run-01_eeg.vhdr	1916-11-01T15:33:52.000000Z	unresolved
sub-01	ses-02	eeg/sub-01_ses-02_task-MotorImageryRest_run-02_eeg.vhdr	1916-11-01T15:39:16.000000Z	unresolved
sub-01	ses-02	eeg/sub-01_ses-02_task-MotorImageryRest_run-03_eeg.vhdr	1916-11-01T15:45:55.000000Z	unresolved
sub-01	ses-02	eeg/sub-01_ses-02_task-MotorImageryRest_run-04_eeg.vhdr	1916-11-01T15:53:16.000000Z	unresolved
sub-01	ses-02	eeg/sub-01_ses-02_task-MotorImageryRest_run-05_eeg.vhdr	1916-11-01T15:58:56.000000Z	unresolved
sub-01	ses-02	eeg/sub-01_ses-02_task-MotorImageryRest_run-06_eeg.vhdr	1916-11-01T16:05:02.000000Z	unresolved
sub-01	ses-03	eeg/sub-01_ses-03_task-MotorImageryRest_run-01_eeg.vhdr	1916-11-05T16:17:17.000000Z	unresolved
sub-01	ses-03	eeg/sub-01_ses-03_task-MotorImageryRest_run-02_eeg.vhdr	1916-11-05T16:22:39.000000Z	unresolved
sub-01	ses-03	eeg/sub-01_ses-03_task-MotorImageryRest_run-03_eeg.vhdr	1916-11-05T16:28:11.000000Z	unresolved
sub-01	ses-03	eeg/sub-01_ses-03_task-MotorImageryRest_run-04_eeg.vhdr	1916-11-05T16:34:07.000000Z	unresolved
sub-01	ses-03	eeg/sub-01_ses-03_task-MotorImageryRest_run-05_eeg.vhdr	1916-11-05T16:38:49.000000Z	unresolved
sub-01	ses-03	eeg/sub-01_ses-03_task-MotorImageryRest_run-06_eeg.vhdr	1916-11-05T16:43:47.000000Z	unresolved
sub-01	ses-04	eeg/sub-01_ses-04_task-MotorImageryRest_run-01_eeg.vhdr	1916-11-07T15:28:00.000000Z	unresolved
sub-01	ses-04	eeg/sub-01_ses-04_task-MotorImageryRest_run-02_eeg.vhdr	1916-11-07T15:33:09.000000Z	unresolved
sub-01	ses-04	eeg/sub-01_ses-04_task-MotorImageryRest_run-03_eeg.vhdr	1916-11-07T15:38:09.000000Z	unresolved
sub-01	ses-04	eeg/sub-01_ses-04_task-MotorImageryRest_run-04_eeg.vhdr	1916-11-07T15:55:17.000000Z	unresolved
sub-01	ses-04	eeg/sub-01_ses-04_task-MotorImageryRest_run-05_eeg.vhdr	1916-11-07T16:00:13.000000Z	unresolved
sub-01	ses-04	eeg/sub-01_ses-04_task-MotorImageryRest_run-06_eeg.vhdr	1916-11-07T16:04:46.000000Z	unresolved
